ORDER_ID,CUSTOMER_ID,ORDER_DATE,TOTAL_AMOUNT,DISCOUNT_AMOUNT,TAX_AMOUNT,STATUS,CREATED_AT
1,2,2025-02-18 01:59:26.0,0.00,22.85,16.78,COMPLETED,2025-08-11 13:12:42.0
2000,201,2025-07-19 15:29:37.0,0.00,33.28,21.19,CANCELLED,2025-11-25 07:24:12.0
1999,200,2025-10-20 18:13:11.0,0.00,7.35,13.12,COMPLETED,2025-06-27 14:29:55.0
1998,199,2025-09-18 03:42:57.0,0.00,13.34,10.51,COMPLETED,2025-12-10 13:01:46.0
1997,198,2025-07-05 14:43:57.0,0.00,17.60,9.30,COMPLETED,2025-04-30 11:01:12.0
1996,197,2025-03-16 12:56:22.0,0.00,34.66,27.62,COMPLETED,2025-04-08 14:34:50.0
1995,196,2025-02-19 01:26:36.0,0.00,16.69,10.97,PENDING,2025-07-08 17:40:03.0
1994,195,2025-03-08 12:29:30.0,0.00,13.97,19.99,COMPLETED,2025-10-09 13:18:04.0
1993,194,2025-05-15 03:38:02.0,0.00,9.17,7.91,COMPLETED,2025-08-12 16:44:18.0
1992,193,2025-04-13 06:30:55.0,0.00,10.55,27.68,COMPLETED,2025-02-08 06:27:37.0
1991,192,2025-09-04 09:15:53.0,0.00,9.19,8.31,COMPLETED,2025-03-13 17:31:03.0
1990,191,2025-01-23 02:36:11.0,0.00,32.64,17.76,CANCELLED,2025-10-19 01:55:24.0
1989,190,2025-04-25 13:50:03.0,0.00,33.24,23.07,COMPLETED,2025-05-29 10:53:10.0
1988,189,2025-11-17 02:09:33.0,0.00,28.05,6.29,COMPLETED,2025-12-18 02:38:14.0
1987,188,2025-07-27 00:42:19.0,0.00,9.38,20.51,COMPLETED,2025-01-26 12:32:57.0
1986,187,2025-03-30 04:55:09.0,0.00,21.36,21.54,COMPLETED,2025-04-09 00:41:17.0
1985,186,2025-04-21 00:42:02.0,0.00,11.21,24.21,PENDING,2025-06-15 21:38:01.0
1984,185,2025-04-21 05:21:10.0,0.00,36.79,18.62,COMPLETED,2025-12-10 05:46:06.0
1983,184,2025-12-26 21:40:56.0,0.00,45.41,16.05,COMPLETED,2025-05-18 03:08:29.0
1982,183,2025-09-03 12:26:38.0,0.00,19.32,14.83,COMPLETED,2025-03-10 11:39:55.0
1981,182,2025-03-29 09:31:54.0,0.00,41.14,18.03,COMPLETED,2025-08-28 01:34:10.0
1980,181,2025-05-29 08:45:18.0,0.00,27.00,15.24,CANCELLED,2025-02-23 07:36:57.0
1979,180,2025-11-02 02:41:44.0,0.00,28.80,9.48,COMPLETED,2025-05-18 03:43:02.0
1978,179,2025-12-05 09:06:02.0,0.00,7.15,15.95,COMPLETED,2025-03-17 14:51:35.0
1977,178,2025-11-05 01:10:37.0,0.00,25.72,17.65,COMPLETED,2025-06-10 20:22:34.0
1976,177,2025-10-07 19:22:41.0,0.00,34.53,4.98,COMPLETED,2025-04-21 22:48:13.0
1975,176,2025-10-04 14:02:30.0,0.00,46.28,2.17,PENDING,2025-08-26 16:29:17.0
1974,175,2025-09-12 00:43:49.0,0.00,35.02,1.62,COMPLETED,2025-09-28 01:47:16.0
1973,174,2025-06-19 18:55:42.0,0.00,47.20,24.34,COMPLETED,2026-01-07 17:22:41.0
1972,173,2025-07-24 09:28:08.0,0.00,38.53,25.59,COMPLETED,2025-02-26 06:58:34.0
1971,172,2025-02-18 01:31:38.0,0.00,17.27,17.35,COMPLETED,2025-10-29 15:07:14.0
1970,171,2025-08-23 04:41:57.0,0.00,8.43,17.51,CANCELLED,2025-02-27 14:45:01.0
1969,170,2025-06-18 18:33:34.0,0.00,10.81,25.87,COMPLETED,2025-11-24 03:30:06.0
1968,169,2025-12-28 21:46:30.0,0.00,36.22,9.61,COMPLETED,2025-11-07 02:42:00.0
1967,168,2025-09-18 09:37:24.0,0.00,43.59,29.95,COMPLETED,2025-06-18 06:56:06.0
1966,167,2025-11-06 15:11:04.0,0.00,44.72,19.59,COMPLETED,2025-06-04 18:11:24.0
1965,166,2025-02-10 10:16:06.0,0.00,46.61,28.98,PENDING,2025-12-12 14:54:22.0
1964,165,2025-10-31 12:36:46.0,0.00,6.33,14.88,COMPLETED,2025-05-25 10:42:53.0
1963,164,2025-11-16 01:10:47.0,0.00,7.69,18.48,COMPLETED,2025-08-06 15:11:02.0
1962,163,2025-09-10 15:38:56.0,0.00,30.78,11.42,COMPLETED,2025-01-30 15:27:41.0
1961,162,2025-01-23 13:06:01.0,0.00,23.81,27.65,COMPLETED,2025-07-26 18:47:40.0
1960,161,2025-03-16 23:07:47.0,0.00,25.47,1.76,CANCELLED,2025-08-16 05:09:05.0
1959,160,2025-01-29 17:38:38.0,0.00,33.99,29.21,COMPLETED,2025-04-26 04:01:49.0
1958,159,2026-01-10 23:26:38.0,0.00,24.99,8.73,COMPLETED,2025-10-28 14:50:45.0
1957,158,2025-04-26 10:30:23.0,0.00,42.96,20.42,COMPLETED,2025-11-27 20:13:32.0
1956,157,2025-03-29 08:47:19.0,0.00,41.86,21.79,COMPLETED,2025-06-02 21:59:39.0
1955,156,2025-10-28 10:32:08.0,0.00,11.91,7.10,PENDING,2025-08-23 18:42:59.0
1954,155,2025-04-17 04:44:29.0,0.00,31.38,20.37,COMPLETED,2025-02-24 10:29:22.0
1953,154,2025-05-19 21:28:55.0,0.00,35.40,26.65,COMPLETED,2025-10-03 04:03:54.0
1952,153,2025-12-14 12:23:53.0,0.00,38.32,18.87,COMPLETED,2025-08-08 19:36:38.0
1951,152,2025-02-11 21:08:39.0,0.00,8.64,8.39,COMPLETED,2025-03-13 16:27:16.0
1950,151,2025-05-24 03:19:53.0,0.00,22.21,10.07,CANCELLED,2025-03-04 13:59:57.0
1949,150,2025-04-17 01:51:42.0,0.00,5.23,25.64,COMPLETED,2025-10-27 12:20:51.0
1948,149,2025-04-24 10:59:20.0,0.00,38.98,27.25,COMPLETED,2025-07-24 12:02:27.0
1947,148,2025-04-12 04:36:19.0,0.00,18.40,16.47,COMPLETED,2025-05-25 01:11:36.0
1946,147,2025-05-25 12:34:04.0,0.00,9.01,25.32,COMPLETED,2025-06-10 10:37:34.0
1348,149,2025-06-04 09:29:06.0,0.00,49.52,7.00,COMPLETED,2026-01-04 07:26:04.0
1347,148,2025-07-24 17:02:44.0,0.00,26.14,29.56,COMPLETED,2025-03-03 02:43:24.0
1346,147,2025-05-27 21:33:54.0,0.00,24.29,23.68,COMPLETED,2025-07-23 15:13:38.0
1345,146,2025-01-23 12:41:28.0,0.00,6.93,28.57,PENDING,2025-08-16 14:35:30.0
1344,145,2025-02-26 15:37:14.0,0.00,10.28,16.06,COMPLETED,2025-12-19 15:41:15.0
1343,144,2025-07-07 04:54:17.0,0.00,34.80,5.14,COMPLETED,2025-11-16 10:32:02.0
1342,143,2025-11-30 14:32:08.0,0.00,18.31,4.80,COMPLETED,2025-05-22 00:24:24.0
1341,142,2025-08-07 10:03:07.0,0.00,44.08,16.75,COMPLETED,2025-12-02 11:28:59.0
1340,141,2025-07-07 01:56:23.0,0.00,26.91,28.13,CANCELLED,2026-01-10 17:55:41.0
1339,140,2025-05-13 20:38:30.0,0.00,23.16,27.72,COMPLETED,2025-09-20 15:05:28.0
1338,139,2025-03-28 13:07:17.0,0.00,19.38,16.60,COMPLETED,2025-12-04 13:56:17.0
1337,138,2025-11-23 22:58:47.0,0.00,29.26,4.38,COMPLETED,2025-11-11 13:08:46.0
1336,137,2025-07-25 13:48:17.0,0.00,35.52,9.34,COMPLETED,2025-07-26 18:55:18.0
1335,136,2025-06-12 18:19:05.0,0.00,27.67,5.01,PENDING,2025-02-18 03:16:04.0
1334,135,2025-09-08 21:43:10.0,0.00,10.59,2.56,COMPLETED,2025-10-31 15:17:29.0
1333,134,2025-03-25 15:31:17.0,0.00,8.12,16.90,COMPLETED,2025-05-13 16:07:50.0
1332,133,2025-06-03 22:24:22.0,0.00,19.05,26.84,COMPLETED,2025-05-12 12:13:33.0
1331,132,2025-02-08 13:38:37.0,0.00,24.55,27.86,COMPLETED,2025-04-04 02:17:59.0
1330,131,2025-05-07 17:39:54.0,0.00,14.07,25.07,CANCELLED,2025-12-24 21:29:11.0
1329,130,2025-12-22 03:01:28.0,0.00,5.78,16.20,COMPLETED,2025-10-17 16:37:18.0
1328,129,2025-04-08 10:41:58.0,0.00,49.75,8.01,COMPLETED,2025-02-08 11:13:58.0
1327,128,2025-10-31 23:20:33.0,0.00,21.47,10.28,COMPLETED,2025-03-01 10:12:12.0
1326,127,2025-05-02 13:37:14.0,0.00,14.41,18.28,COMPLETED,2025-10-09 18:26:58.0
1325,126,2025-11-08 21:13:50.0,0.00,15.62,14.84,PENDING,2025-11-22 06:07:14.0
1324,125,2025-07-20 16:25:01.0,0.00,31.82,15.20,COMPLETED,2025-07-20 02:15:02.0
1323,124,2025-08-17 12:49:59.0,0.00,10.40,1.44,COMPLETED,2025-02-27 16:03:45.0
1322,123,2025-11-24 13:30:16.0,0.00,26.42,13.65,COMPLETED,2025-09-04 14:57:42.0
1321,122,2026-01-12 12:53:05.0,0.00,15.00,6.33,COMPLETED,2025-10-07 23:53:07.0
1320,121,2025-01-24 23:26:45.0,0.00,11.16,16.32,CANCELLED,2025-03-30 08:35:07.0
1319,120,2025-07-16 11:55:53.0,0.00,30.63,18.18,COMPLETED,2025-08-17 21:34:50.0
1318,119,2025-09-27 06:49:07.0,0.00,5.74,24.85,COMPLETED,2025-08-18 08:16:51.0
1317,118,2025-05-23 05:35:21.0,0.00,41.43,13.16,COMPLETED,2025-12-25 20:58:17.0
1316,117,2025-12-06 00:03:11.0,0.00,14.50,23.19,COMPLETED,2025-07-25 01:29:19.0
1315,116,2025-02-08 19:17:02.0,0.00,42.68,25.17,PENDING,2025-10-11 00:26:11.0
1314,115,2025-02-18 07:41:36.0,0.00,33.39,14.52,COMPLETED,2025-08-02 08:27:18.0
1313,114,2025-04-09 03:27:15.0,0.00,33.38,23.44,COMPLETED,2025-02-14 07:42:01.0
1312,113,2025-03-10 20:14:17.0,0.00,35.82,12.22,COMPLETED,2025-11-04 11:28:42.0
1311,112,2025-03-12 17:35:49.0,0.00,21.61,24.68,COMPLETED,2025-08-10 04:18:10.0
1310,111,2025-04-06 12:56:44.0,0.00,17.28,25.09,CANCELLED,2026-01-06 09:51:57.0
1309,110,2025-08-09 16:36:49.0,0.00,30.65,9.30,COMPLETED,2025-04-12 06:10:18.0
1308,109,2025-09-02 13:07:40.0,0.00,27.71,1.29,COMPLETED,2025-01-18 13:59:45.0
1307,108,2026-01-03 02:04:01.0,0.00,21.66,14.01,COMPLETED,2025-10-06 13:16:15.0
1306,107,2025-06-22 22:16:42.0,0.00,17.81,22.75,COMPLETED,2025-09-11 22:30:27.0
1305,106,2025-06-21 11:37:11.0,0.00,10.69,22.84,PENDING,2025-11-13 23:42:39.0
1304,105,2025-10-04 04:57:43.0,0.00,6.02,6.39,COMPLETED,2025-03-25 23:05:29.0
1303,104,2025-12-28 05:48:39.0,0.00,8.35,16.17,COMPLETED,2025-05-16 19:31:56.0
1302,103,2025-02-21 08:14:40.0,0.00,31.97,6.84,COMPLETED,2025-04-04 14:13:59.0
1301,102,2025-08-12 03:19:27.0,0.00,30.13,12.27,COMPLETED,2025-06-21 18:57:43.0
1300,101,2025-09-06 06:21:27.0,0.00,32.81,26.54,CANCELLED,2025-11-27 02:50:52.0
1299,100,2025-05-29 20:47:41.0,0.00,33.77,26.45,COMPLETED,2025-06-05 03:35:26.0
1298,99,2025-11-18 20:16:36.0,0.00,42.06,15.48,COMPLETED,2025-06-15 00:07:51.0
1297,98,2025-01-23 00:59:27.0,0.00,39.49,25.53,COMPLETED,2025-11-17 17:38:40.0
1296,97,2025-03-04 18:51:47.0,0.00,12.81,3.08,COMPLETED,2025-12-24 18:31:48.0
1295,96,2025-06-21 07:36:28.0,0.00,44.18,6.26,PENDING,2025-04-24 17:07:55.0
1294,95,2025-02-13 03:50:57.0,0.00,38.55,19.10,COMPLETED,2025-02-26 00:48:41.0
1293,94,2025-04-28 22:38:55.0,0.00,22.44,15.29,COMPLETED,2025-03-13 06:39:44.0
1292,93,2026-01-08 00:22:12.0,0.00,38.15,23.78,COMPLETED,2025-11-12 16:44:17.0
1291,92,2025-03-16 19:02:10.0,0.00,40.90,9.14,COMPLETED,2025-06-08 20:22:14.0
1290,91,2025-03-27 21:36:19.0,0.00,9.64,28.58,CANCELLED,2025-11-25 08:40:18.0
1289,90,2025-10-27 03:33:41.0,0.00,12.75,26.90,COMPLETED,2025-03-27 14:38:30.0
1288,89,2025-05-22 12:02:56.0,0.00,11.70,29.29,COMPLETED,2025-09-18 10:43:52.0
1287,88,2025-08-14 01:08:06.0,0.00,6.56,2.90,COMPLETED,2025-06-26 23:06:23.0
1286,87,2025-06-10 00:09:23.0,0.00,32.75,25.15,COMPLETED,2025-04-28 11:33:06.0
1285,86,2025-04-14 02:01:50.0,0.00,42.29,11.40,PENDING,2025-10-03 12:18:59.0
1284,85,2025-09-05 16:58:30.0,0.00,7.17,26.30,COMPLETED,2025-09-01 16:19:59.0
1283,84,2025-03-13 11:54:16.0,0.00,41.11,26.33,COMPLETED,2025-12-27 05:29:54.0
1282,83,2025-12-16 02:01:08.0,0.00,37.13,6.75,COMPLETED,2025-04-14 05:29:32.0
1281,82,2025-07-27 20:36:44.0,0.00,28.85,24.35,COMPLETED,2025-05-27 18:29:17.0
1280,81,2025-10-16 03:26:30.0,0.00,18.51,27.47,CANCELLED,2025-02-15 03:03:16.0
1279,80,2025-08-14 11:38:37.0,0.00,44.72,1.84,COMPLETED,2025-10-26 19:43:49.0
1278,79,2025-10-16 00:19:52.0,0.00,48.43,26.06,COMPLETED,2025-08-13 04:27:07.0
1277,78,2025-09-27 17:42:11.0,0.00,6.23,27.81,COMPLETED,2025-10-19 08:55:48.0
1276,77,2025-04-24 09:33:31.0,0.00,8.84,27.24,COMPLETED,2025-11-01 07:53:15.0
1275,76,2025-03-07 11:03:17.0,0.00,35.76,11.65,PENDING,2025-10-09 20:41:43.0
1274,75,2025-09-23 16:36:02.0,0.00,20.59,7.84,COMPLETED,2025-12-20 14:02:49.0
1273,74,2025-09-26 20:50:39.0,0.00,29.05,1.16,COMPLETED,2025-03-09 01:19:25.0
1272,73,2025-12-31 08:55:16.0,0.00,33.38,22.82,COMPLETED,2025-08-15 11:13:02.0
1271,72,2025-12-17 19:33:57.0,0.00,37.61,27.22,COMPLETED,2025-11-28 20:04:42.0
1270,71,2025-09-17 16:52:32.0,0.00,17.13,5.16,CANCELLED,2025-05-12 19:55:05.0
1269,70,2025-02-20 15:22:24.0,0.00,11.99,13.62,COMPLETED,2025-06-03 23:29:32.0
1268,69,2025-09-15 22:49:24.0,0.00,37.85,14.86,COMPLETED,2025-11-25 00:38:24.0
1267,68,2025-06-03 03:08:46.0,0.00,46.85,16.21,COMPLETED,2025-01-30 15:41:08.0
1266,67,2025-11-08 07:44:43.0,0.00,32.59,16.89,COMPLETED,2025-07-15 00:20:18.0
1265,66,2025-09-08 05:49:19.0,0.00,36.10,29.37,PENDING,2025-02-17 08:05:40.0
1264,65,2025-02-14 12:59:25.0,0.00,48.86,24.84,COMPLETED,2025-11-04 07:55:13.0
1263,64,2025-09-24 13:27:00.0,0.00,11.25,18.17,COMPLETED,2025-09-21 07:07:12.0
1262,63,2025-02-06 18:48:27.0,0.00,49.73,18.61,COMPLETED,2025-04-07 08:23:49.0
1261,62,2025-08-02 07:50:12.0,0.00,46.65,5.61,COMPLETED,2025-08-15 09:36:11.0
1260,61,2025-05-13 14:30:52.0,0.00,36.15,24.16,CANCELLED,2025-04-19 19:40:36.0
1259,60,2025-12-20 02:19:52.0,0.00,32.25,17.13,COMPLETED,2025-12-07 08:25:36.0
1258,59,2025-10-28 04:01:27.0,0.00,7.69,24.45,COMPLETED,2025-06-22 13:30:22.0
1257,58,2025-08-31 03:24:14.0,0.00,46.97,4.84,COMPLETED,2025-06-11 06:48:47.0
1256,57,2025-05-11 01:37:14.0,0.00,19.76,20.20,COMPLETED,2025-08-30 05:40:10.0
1255,56,2025-05-08 13:44:22.0,0.00,48.68,29.89,PENDING,2026-01-04 22:21:07.0
1254,55,2025-10-01 22:06:25.0,0.00,33.55,28.01,COMPLETED,2025-04-17 22:09:04.0
1253,54,2025-08-07 18:56:35.0,0.00,5.41,11.84,COMPLETED,2025-08-11 12:31:02.0
1252,53,2025-05-05 01:00:22.0,0.00,10.42,24.33,COMPLETED,2025-01-18 18:12:10.0
1251,52,2025-03-20 01:27:07.0,0.00,23.68,17.20,COMPLETED,2025-08-25 07:54:27.0
1250,51,2025-05-27 02:26:08.0,0.00,31.33,10.06,CANCELLED,2025-08-02 08:04:54.0
1249,50,2025-12-12 15:35:36.0,0.00,19.96,5.13,COMPLETED,2025-06-19 06:02:12.0
1248,49,2025-11-26 08:25:55.0,0.00,18.49,2.81,COMPLETED,2025-03-03 18:20:02.0
1247,48,2025-09-24 21:40:10.0,0.00,24.81,17.00,COMPLETED,2025-04-20 07:11:11.0
1246,47,2025-08-18 04:21:22.0,0.00,29.78,26.75,COMPLETED,2025-03-23 07:33:08.0
1245,46,2025-04-18 08:59:24.0,0.00,34.26,2.36,PENDING,2025-11-12 00:24:13.0
1244,45,2025-01-29 01:18:49.0,0.00,33.16,22.67,COMPLETED,2025-09-04 01:03:25.0
1243,44,2025-09-30 11:00:42.0,0.00,6.70,23.91,COMPLETED,2025-06-22 05:48:47.0
1242,43,2025-02-22 10:51:20.0,0.00,22.02,8.70,COMPLETED,2025-03-28 22:23:38.0
1241,42,2025-08-05 21:25:03.0,0.00,16.01,13.15,COMPLETED,2025-10-09 18:55:05.0
1240,41,2026-01-06 05:05:49.0,0.00,37.94,22.65,CANCELLED,2025-11-30 09:47:53.0
1239,40,2025-10-15 06:08:56.0,0.00,40.29,28.90,COMPLETED,2025-10-30 15:24:59.0
1238,39,2025-08-10 03:31:48.0,0.00,8.10,11.82,COMPLETED,2025-08-03 20:54:25.0
1237,38,2025-11-14 18:00:21.0,0.00,40.24,19.13,COMPLETED,2025-01-15 04:17:37.0
1236,37,2025-05-10 16:07:00.0,0.00,16.51,10.27,COMPLETED,2025-07-09 02:32:50.0
1235,36,2025-08-10 17:51:08.0,0.00,42.85,27.49,PENDING,2025-02-26 01:25:25.0
1234,35,2025-04-26 23:01:31.0,0.00,22.93,17.04,COMPLETED,2025-02-03 13:51:20.0
1233,34,2025-06-20 22:20:22.0,0.00,28.31,14.86,COMPLETED,2025-09-08 06:14:16.0
1232,33,2025-04-17 17:48:35.0,0.00,20.16,6.16,COMPLETED,2025-08-04 17:10:41.0
1231,32,2025-11-02 03:59:13.0,0.00,48.07,1.73,COMPLETED,2025-12-25 11:02:17.0
1230,31,2025-02-25 10:37:56.0,0.00,36.61,9.88,CANCELLED,2025-10-20 14:18:53.0
1229,30,2025-08-31 01:28:39.0,0.00,25.06,4.60,COMPLETED,2025-02-16 01:54:20.0
1228,29,2025-06-28 16:49:43.0,0.00,27.18,24.92,COMPLETED,2025-09-17 12:54:48.0
1227,28,2025-06-25 08:23:40.0,0.00,46.47,23.23,COMPLETED,2025-12-18 00:33:28.0
1226,27,2025-07-28 18:32:34.0,0.00,35.66,17.08,COMPLETED,2025-09-24 06:03:46.0
1225,26,2025-10-14 13:51:20.0,0.00,18.01,23.01,PENDING,2025-02-15 01:53:18.0
1224,25,2025-12-02 14:35:51.0,0.00,37.64,23.12,COMPLETED,2025-11-22 09:19:01.0
1223,24,2025-11-20 22:00:19.0,0.00,37.25,20.11,COMPLETED,2025-04-27 03:28:01.0
1222,23,2025-09-12 05:31:51.0,0.00,13.38,13.50,COMPLETED,2025-01-14 21:26:10.0
1221,22,2025-08-24 02:23:49.0,0.00,27.71,3.16,COMPLETED,2025-03-12 04:11:51.0
1220,21,2025-02-24 08:37:51.0,0.00,6.59,25.48,CANCELLED,2025-10-14 02:43:46.0
1219,20,2025-11-03 00:15:29.0,0.00,17.45,23.01,COMPLETED,2025-06-20 15:18:51.0
1218,19,2025-02-05 17:22:35.0,0.00,5.75,17.65,COMPLETED,2025-12-30 15:37:25.0
1217,18,2025-12-12 13:14:42.0,0.00,26.61,9.64,COMPLETED,2025-09-22 11:20:26.0
1216,17,2025-06-18 17:18:38.0,0.00,36.35,8.88,COMPLETED,2025-09-22 09:40:16.0
1215,16,2025-02-07 07:27:09.0,0.00,43.96,11.77,PENDING,2025-10-02 09:27:02.0
1214,15,2025-11-06 12:51:46.0,0.00,27.91,19.81,COMPLETED,2025-06-17 08:37:00.0
1213,14,2025-12-04 02:44:26.0,0.00,17.46,5.72,COMPLETED,2025-11-01 01:38:40.0
1212,13,2025-01-23 05:26:52.0,0.00,25.03,4.11,COMPLETED,2025-07-08 07:31:17.0
1211,12,2025-12-23 17:00:27.0,0.00,39.55,29.74,COMPLETED,2025-08-01 23:09:57.0
1210,11,2025-11-21 07:05:32.0,0.00,23.75,14.16,CANCELLED,2025-07-31 17:19:21.0
1209,10,2025-12-20 10:55:10.0,0.00,17.59,11.02,COMPLETED,2025-08-28 10:30:01.0
1208,9,2025-05-18 12:16:15.0,0.00,42.25,16.59,COMPLETED,2025-03-07 12:53:06.0
1207,8,2025-11-22 20:55:29.0,0.00,10.07,10.92,COMPLETED,2025-02-28 13:22:49.0
1206,7,2025-06-11 06:48:08.0,0.00,24.84,27.92,COMPLETED,2025-09-16 04:13:50.0
1205,6,2025-01-20 19:33:07.0,0.00,24.21,9.29,PENDING,2025-09-22 13:14:02.0
1204,5,2025-11-14 01:11:03.0,0.00,28.43,17.33,COMPLETED,2025-11-30 00:29:26.0
1203,4,2025-10-15 19:41:15.0,0.00,41.28,4.91,COMPLETED,2025-02-11 19:29:26.0
1202,3,2025-05-30 18:06:57.0,0.00,38.48,5.62,COMPLETED,2025-08-14 08:37:47.0
1201,2,2025-08-07 08:37:41.0,0.00,41.91,16.19,COMPLETED,2025-07-16 01:10:29.0
1200,1,2025-06-05 15:46:41.0,0.00,38.48,17.85,CANCELLED,2025-09-17 10:31:38.0
1199,300,2025-07-01 08:54:19.0,0.00,35.70,29.74,COMPLETED,2025-03-07 23:25:41.0
1198,299,2025-09-30 18:55:03.0,0.00,25.42,26.58,COMPLETED,2025-01-18 16:32:15.0
1197,298,2025-10-28 18:34:15.0,0.00,16.21,19.35,COMPLETED,2025-12-18 05:16:36.0
1196,297,2025-04-13 13:19:13.0,0.00,23.02,8.47,COMPLETED,2025-12-30 04:55:12.0
1195,296,2025-08-13 01:11:34.0,0.00,15.98,22.92,PENDING,2025-03-09 23:14:52.0
1194,295,2025-10-07 18:32:16.0,0.00,46.11,8.16,COMPLETED,2025-10-26 14:52:24.0
1193,294,2025-03-31 16:15:39.0,0.00,25.60,4.52,COMPLETED,2025-07-19 07:15:04.0
1192,293,2026-01-04 15:15:08.0,0.00,11.24,17.21,COMPLETED,2025-02-04 05:10:10.0
1191,292,2025-02-15 02:51:20.0,0.00,37.93,24.03,COMPLETED,2025-10-26 12:05:17.0
1190,291,2025-11-13 03:06:22.0,0.00,39.37,8.63,CANCELLED,2025-07-05 14:49:35.0
1189,290,2025-01-15 04:22:22.0,0.00,5.03,2.46,COMPLETED,2025-09-30 15:53:26.0
1188,289,2025-10-21 03:34:21.0,0.00,36.97,15.41,COMPLETED,2025-02-03 04:45:04.0
1187,288,2025-07-02 15:12:07.0,0.00,48.99,21.27,COMPLETED,2025-12-30 18:45:26.0
1186,287,2025-03-16 05:06:42.0,0.00,26.11,6.37,COMPLETED,2025-05-25 01:46:05.0
1185,286,2025-12-16 10:37:04.0,0.00,41.24,26.76,PENDING,2025-04-05 11:21:37.0
1184,285,2025-02-17 23:06:23.0,0.00,28.49,6.53,COMPLETED,2025-09-05 01:13:28.0
1183,284,2025-12-28 21:28:59.0,0.00,14.38,6.76,COMPLETED,2025-09-08 17:49:02.0
1182,283,2025-06-01 16:36:40.0,0.00,6.95,27.20,COMPLETED,2025-09-20 19:44:52.0
1181,282,2025-05-09 20:36:25.0,0.00,24.90,16.81,COMPLETED,2025-04-25 19:06:12.0
1180,281,2025-05-18 23:04:30.0,0.00,40.89,22.13,CANCELLED,2025-06-05 18:43:54.0
1179,280,2025-03-03 15:29:15.0,0.00,49.27,17.52,COMPLETED,2025-09-09 01:19:32.0
1178,279,2025-09-21 09:55:04.0,0.00,27.53,28.49,COMPLETED,2025-10-31 06:06:33.0
1177,278,2025-07-20 14:16:45.0,0.00,36.63,16.46,COMPLETED,2025-08-02 22:26:19.0
1176,277,2025-05-14 20:12:55.0,0.00,10.56,25.95,COMPLETED,2025-02-01 03:33:26.0
1175,276,2025-10-09 05:04:48.0,0.00,29.94,14.20,PENDING,2025-09-14 14:57:47.0
1174,275,2025-08-27 16:37:05.0,0.00,24.46,29.48,COMPLETED,2025-02-23 01:11:35.0
1173,274,2025-04-06 07:12:59.0,0.00,29.74,12.83,COMPLETED,2025-09-06 07:51:26.0
1172,273,2025-07-27 22:22:42.0,0.00,19.89,16.11,COMPLETED,2025-01-20 02:35:11.0
1171,272,2025-03-01 07:52:51.0,0.00,21.76,8.89,COMPLETED,2025-08-05 12:38:02.0
1170,271,2025-05-10 18:32:16.0,0.00,40.10,20.19,CANCELLED,2025-10-17 05:19:56.0
1169,270,2025-12-25 11:36:12.0,0.00,26.91,22.84,COMPLETED,2025-03-02 18:36:07.0
1168,269,2025-09-10 23:25:17.0,0.00,13.38,2.78,COMPLETED,2026-01-07 20:06:04.0
1167,268,2025-03-15 08:27:04.0,0.00,10.92,1.99,COMPLETED,2025-11-03 22:33:41.0
1166,267,2025-02-25 23:52:59.0,0.00,19.64,9.02,COMPLETED,2025-04-16 11:30:38.0
1165,266,2025-09-14 19:09:50.0,0.00,27.21,21.64,PENDING,2025-11-26 20:26:28.0
1164,265,2025-04-08 00:50:12.0,0.00,28.93,25.33,COMPLETED,2025-04-30 10:56:11.0
1163,264,2025-02-19 12:53:23.0,0.00,49.88,28.54,COMPLETED,2025-05-15 22:18:15.0
1162,263,2025-01-17 12:28:39.0,0.00,26.67,2.81,COMPLETED,2025-03-10 17:07:16.0
1161,262,2025-12-23 13:40:40.0,0.00,10.91,16.08,COMPLETED,2025-10-09 01:39:23.0
1160,261,2025-07-25 04:54:36.0,0.00,7.44,5.52,CANCELLED,2025-10-18 20:16:00.0
1159,260,2025-05-20 04:21:30.0,0.00,17.60,25.31,COMPLETED,2025-10-03 09:30:56.0
1158,259,2025-05-13 08:43:59.0,0.00,46.96,15.27,COMPLETED,2025-03-22 13:57:56.0
1157,258,2025-09-10 13:22:42.0,0.00,44.38,13.26,COMPLETED,2025-06-05 17:46:27.0
1156,257,2025-02-27 03:03:38.0,0.00,13.88,21.81,COMPLETED,2025-03-22 04:36:31.0
1155,256,2025-01-29 03:21:33.0,0.00,46.36,29.04,PENDING,2025-07-18 12:36:38.0
1154,255,2025-04-25 14:35:15.0,0.00,17.88,1.88,COMPLETED,2025-03-18 13:57:11.0
1153,254,2025-12-10 04:05:17.0,0.00,29.92,9.50,COMPLETED,2025-04-12 21:14:25.0
1152,253,2025-07-30 08:38:38.0,0.00,47.71,25.17,COMPLETED,2025-07-28 13:03:03.0
1151,252,2025-09-01 18:29:38.0,0.00,25.47,3.06,COMPLETED,2025-12-05 23:58:28.0
1150,251,2025-04-01 16:10:47.0,0.00,30.71,24.61,CANCELLED,2026-01-04 04:30:45.0
1149,250,2025-02-23 10:41:52.0,0.00,49.10,1.88,COMPLETED,2025-07-29 12:02:37.0
1148,249,2025-06-29 08:00:18.0,0.00,36.67,14.09,COMPLETED,2025-10-18 11:29:13.0
1147,248,2025-11-21 13:06:53.0,0.00,27.59,25.31,COMPLETED,2025-04-09 14:12:54.0
1146,247,2025-03-19 21:48:27.0,0.00,28.51,7.40,COMPLETED,2025-05-05 10:08:18.0
1145,246,2025-08-02 16:24:27.0,0.00,13.92,7.06,PENDING,2025-04-20 14:12:10.0
1144,245,2025-03-19 22:31:49.0,0.00,9.52,4.43,COMPLETED,2025-07-26 11:10:41.0
1143,244,2025-02-09 14:50:48.0,0.00,21.26,25.50,COMPLETED,2025-01-27 09:32:57.0
1142,243,2025-02-02 01:32:30.0,0.00,12.86,22.64,COMPLETED,2025-07-22 01:04:12.0
1141,242,2025-05-09 21:46:28.0,0.00,25.53,3.35,COMPLETED,2025-10-31 04:09:08.0
1140,241,2025-02-06 20:22:07.0,0.00,13.91,2.90,CANCELLED,2025-09-12 07:37:45.0
1139,240,2026-01-07 17:34:44.0,0.00,45.25,11.00,COMPLETED,2025-06-23 10:51:07.0
1138,239,2025-10-01 22:22:48.0,0.00,21.07,25.10,COMPLETED,2025-09-01 21:56:45.0
1137,238,2025-12-08 10:36:05.0,0.00,5.19,18.69,COMPLETED,2025-12-04 12:38:57.0
1136,237,2025-07-10 07:26:16.0,0.00,32.52,24.93,COMPLETED,2025-09-13 08:50:39.0
1135,236,2025-06-24 10:38:54.0,0.00,24.46,27.07,PENDING,2025-03-17 12:29:17.0
1134,235,2025-03-16 14:46:56.0,0.00,20.51,19.51,COMPLETED,2025-12-02 04:24:46.0
1133,234,2025-05-10 13:29:43.0,0.00,16.22,5.55,COMPLETED,2025-10-03 04:29:32.0
1132,233,2025-08-01 12:45:31.0,0.00,25.89,21.06,COMPLETED,2025-03-07 11:17:05.0
1131,232,2025-08-30 21:30:45.0,0.00,24.98,18.05,COMPLETED,2025-12-07 03:07:42.0
1130,231,2025-08-01 23:02:50.0,0.00,14.43,8.98,CANCELLED,2025-04-02 07:41:57.0
1129,230,2025-02-10 11:21:27.0,0.00,27.24,14.41,COMPLETED,2026-01-06 18:17:46.0
1128,229,2025-08-30 10:18:21.0,0.00,32.12,16.55,COMPLETED,2025-05-27 22:49:27.0
1127,228,2025-05-18 15:04:11.0,0.00,24.44,9.67,COMPLETED,2025-03-27 01:55:09.0
1126,227,2025-12-04 19:01:46.0,0.00,26.15,15.69,COMPLETED,2025-10-28 11:06:09.0
1125,226,2025-01-15 21:22:10.0,0.00,30.65,9.89,PENDING,2025-10-16 02:07:13.0
1124,225,2025-05-18 10:32:16.0,0.00,8.29,3.38,COMPLETED,2025-12-26 23:44:00.0
1123,224,2025-08-16 18:25:21.0,0.00,32.14,16.72,COMPLETED,2025-06-10 21:12:37.0
1122,223,2025-07-30 23:07:05.0,0.00,45.95,3.19,COMPLETED,2025-11-03 10:02:50.0
1121,222,2025-07-30 10:16:44.0,0.00,10.59,4.86,COMPLETED,2025-12-08 09:21:18.0
1120,221,2025-11-11 06:23:55.0,0.00,21.22,25.31,CANCELLED,2025-08-09 21:55:15.0
1119,220,2025-03-05 10:51:04.0,0.00,9.92,28.34,COMPLETED,2025-02-14 11:50:01.0
1118,219,2025-08-04 13:31:34.0,0.00,22.02,12.08,COMPLETED,2025-05-23 00:19:08.0
1117,218,2025-08-29 10:12:45.0,0.00,39.54,27.16,COMPLETED,2025-01-15 19:54:07.0
1116,217,2025-06-22 16:06:50.0,0.00,29.32,4.89,COMPLETED,2025-12-14 04:15:24.0
1115,216,2025-11-10 09:28:51.0,0.00,41.00,11.47,PENDING,2025-09-02 01:36:55.0
1114,215,2025-05-28 16:27:23.0,0.00,5.52,23.17,COMPLETED,2025-12-04 15:15:24.0
1113,214,2025-09-07 21:11:14.0,0.00,29.65,15.18,COMPLETED,2025-08-25 08:55:11.0
1112,213,2025-03-27 09:31:48.0,0.00,37.81,3.54,COMPLETED,2025-03-05 09:16:57.0
1111,212,2025-05-13 10:27:24.0,0.00,15.21,20.37,COMPLETED,2025-09-21 09:00:22.0
1110,211,2026-01-01 02:01:56.0,0.00,10.28,28.23,CANCELLED,2026-01-12 17:27:31.0
1109,210,2026-01-05 21:30:08.0,0.00,32.44,8.03,COMPLETED,2025-11-09 10:12:55.0
1108,209,2025-07-26 13:50:04.0,0.00,24.99,5.22,COMPLETED,2025-01-25 16:05:43.0
1107,208,2025-12-14 21:40:10.0,0.00,45.92,19.42,COMPLETED,2025-04-15 20:52:05.0
1106,207,2025-12-02 23:14:22.0,0.00,24.93,8.91,COMPLETED,2025-01-22 06:01:07.0
1105,206,2025-01-23 10:47:52.0,0.00,33.54,13.81,PENDING,2025-05-28 03:43:52.0
1104,205,2025-01-27 14:48:20.0,0.00,19.66,13.74,COMPLETED,2025-08-26 21:09:56.0
1103,204,2025-12-21 03:41:25.0,0.00,39.43,16.23,COMPLETED,2025-04-23 22:06:43.0
1102,203,2025-02-20 08:43:00.0,0.00,10.26,12.45,COMPLETED,2025-11-13 05:06:16.0
1101,202,2026-01-02 14:31:24.0,0.00,16.92,5.78,COMPLETED,2025-06-03 12:12:02.0
1100,201,2025-10-05 06:36:58.0,0.00,13.40,22.43,CANCELLED,2025-04-01 05:52:14.0
1099,200,2025-02-23 19:25:14.0,0.00,37.16,4.08,COMPLETED,2025-03-06 14:12:42.0
1098,199,2025-09-07 15:08:11.0,0.00,26.37,9.40,COMPLETED,2025-04-30 22:47:27.0
1097,198,2025-02-05 10:42:15.0,0.00,45.79,21.34,COMPLETED,2025-02-03 17:31:57.0
1096,197,2025-10-02 22:26:04.0,0.00,46.20,21.95,COMPLETED,2025-04-06 18:04:31.0
1095,196,2025-02-04 22:30:28.0,0.00,38.94,13.90,PENDING,2025-05-29 01:01:36.0
1094,195,2025-07-24 11:11:16.0,0.00,17.65,21.45,COMPLETED,2025-09-04 13:02:19.0
1093,194,2025-12-11 07:32:02.0,0.00,21.42,24.29,COMPLETED,2025-04-04 22:21:54.0
1092,193,2025-10-02 09:31:50.0,0.00,33.68,5.44,COMPLETED,2025-06-20 12:00:20.0
1091,192,2025-08-04 07:23:50.0,0.00,8.03,28.05,COMPLETED,2025-07-15 06:53:48.0
1090,191,2025-08-03 20:36:48.0,0.00,7.10,18.50,CANCELLED,2025-05-15 01:40:30.0
1089,190,2025-10-22 03:31:57.0,0.00,18.87,10.29,COMPLETED,2025-02-20 11:30:48.0
1088,189,2025-11-22 21:56:55.0,0.00,32.71,12.93,COMPLETED,2025-12-30 10:51:06.0
1087,188,2025-05-03 19:16:21.0,0.00,34.85,14.40,COMPLETED,2025-08-24 20:26:51.0
1086,187,2025-06-17 01:37:01.0,0.00,33.63,1.97,COMPLETED,2025-11-11 07:18:08.0
1085,186,2025-10-09 12:19:47.0,0.00,41.91,23.68,PENDING,2025-06-05 18:13:14.0
1084,185,2025-07-15 17:51:18.0,0.00,18.63,26.28,COMPLETED,2025-05-31 05:13:29.0
1083,184,2025-06-28 11:28:43.0,0.00,33.34,18.00,COMPLETED,2025-03-25 22:05:58.0
1082,183,2025-07-19 00:00:50.0,0.00,34.89,15.62,COMPLETED,2025-05-08 07:32:50.0
1081,182,2025-05-17 14:42:07.0,0.00,17.42,9.48,COMPLETED,2025-12-22 22:19:26.0
1080,181,2025-10-31 17:41:02.0,0.00,42.68,8.18,CANCELLED,2025-07-02 16:57:18.0
1079,180,2025-09-23 20:36:42.0,0.00,17.12,17.91,COMPLETED,2025-11-02 15:56:44.0
1078,179,2026-01-12 09:58:39.0,0.00,49.04,23.21,COMPLETED,2025-07-03 18:10:29.0
1077,178,2025-11-29 11:07:56.0,0.00,41.64,14.95,COMPLETED,2025-11-27 07:32:14.0
1076,177,2025-08-17 08:26:07.0,0.00,40.14,16.74,COMPLETED,2025-02-12 19:50:31.0
1075,176,2025-08-28 17:05:08.0,0.00,47.80,1.46,PENDING,2025-10-09 06:05:00.0
1074,175,2025-11-05 23:41:58.0,0.00,18.62,11.68,COMPLETED,2025-02-27 05:53:15.0
1073,174,2025-03-03 07:37:35.0,0.00,24.29,3.33,COMPLETED,2025-10-07 22:38:13.0
1072,173,2025-06-06 05:10:44.0,0.00,31.90,26.24,COMPLETED,2025-07-13 19:08:02.0
1071,172,2025-07-14 15:01:42.0,0.00,25.15,10.83,COMPLETED,2025-05-19 19:18:55.0
1070,171,2025-08-21 10:36:00.0,0.00,37.25,23.05,CANCELLED,2025-01-30 15:03:43.0
1069,170,2025-09-22 11:23:51.0,0.00,31.72,18.80,COMPLETED,2025-09-17 03:20:16.0
1068,169,2025-03-01 19:33:37.0,0.00,13.37,9.58,COMPLETED,2025-05-30 00:45:11.0
1067,168,2025-05-15 06:15:52.0,0.00,15.41,6.68,COMPLETED,2026-01-03 10:05:05.0
1066,167,2025-06-12 07:42:09.0,0.00,32.14,29.04,COMPLETED,2025-04-16 19:14:04.0
1065,166,2026-01-02 00:04:56.0,0.00,43.57,27.98,PENDING,2025-02-08 17:33:49.0
1064,165,2025-04-21 17:52:23.0,0.00,17.80,7.33,COMPLETED,2025-03-23 09:31:53.0
1063,164,2025-06-05 05:22:49.0,0.00,28.77,6.81,COMPLETED,2025-11-16 10:45:40.0
1062,163,2025-08-23 07:27:32.0,0.00,14.99,15.06,COMPLETED,2025-02-13 04:28:47.0
1061,162,2025-10-27 20:33:32.0,0.00,11.55,22.91,COMPLETED,2025-01-17 12:07:48.0
1060,161,2025-05-11 11:52:14.0,0.00,31.25,10.73,CANCELLED,2025-05-30 21:59:15.0
1059,160,2025-07-24 15:59:15.0,0.00,5.44,15.46,COMPLETED,2025-11-18 18:54:00.0
1058,159,2025-02-10 22:22:41.0,0.00,19.47,12.00,COMPLETED,2025-12-22 11:32:41.0
1057,158,2025-09-09 06:37:04.0,0.00,48.76,8.18,COMPLETED,2025-11-07 21:35:29.0
1056,157,2025-02-07 16:48:54.0,0.00,12.87,7.72,COMPLETED,2025-03-11 20:06:07.0
1055,156,2025-08-15 01:07:47.0,0.00,12.35,25.32,PENDING,2025-05-30 19:58:26.0
1054,155,2025-09-07 19:09:01.0,0.00,17.95,25.66,COMPLETED,2025-05-13 02:11:09.0
1053,154,2025-10-06 00:10:58.0,0.00,34.55,22.25,COMPLETED,2025-12-27 16:21:09.0
1052,153,2026-01-10 16:07:17.0,0.00,17.05,7.49,COMPLETED,2025-02-16 07:26:54.0
1051,152,2025-07-26 23:50:58.0,0.00,7.58,18.68,COMPLETED,2025-04-15 05:41:24.0
1050,151,2025-10-22 14:52:55.0,0.00,30.03,2.53,CANCELLED,2025-08-29 09:35:00.0
1049,150,2025-07-14 00:17:08.0,0.00,25.05,21.00,COMPLETED,2025-06-16 23:33:08.0
1048,149,2025-05-24 13:54:56.0,0.00,9.68,11.77,COMPLETED,2025-03-23 03:24:37.0
1047,148,2025-09-06 18:44:26.0,0.00,29.97,12.97,COMPLETED,2025-04-29 02:45:44.0
1046,147,2025-11-20 23:42:51.0,0.00,23.41,11.42,COMPLETED,2025-08-10 05:59:21.0
1045,146,2025-06-11 08:37:52.0,0.00,23.71,12.60,PENDING,2025-04-15 01:13:07.0
1044,145,2025-01-30 03:38:43.0,0.00,21.50,8.80,COMPLETED,2026-01-11 06:37:55.0
1043,144,2025-09-10 16:45:08.0,0.00,45.47,9.21,COMPLETED,2025-05-13 16:10:22.0
1042,143,2025-01-20 02:59:39.0,0.00,42.25,24.30,COMPLETED,2025-08-13 05:37:50.0
1041,142,2025-09-18 04:22:52.0,0.00,43.68,22.77,COMPLETED,2025-11-27 09:47:07.0
1040,141,2025-02-19 13:34:27.0,0.00,47.30,27.92,CANCELLED,2025-08-11 22:42:29.0
1039,140,2025-09-19 19:45:11.0,0.00,43.51,8.44,COMPLETED,2025-01-19 22:56:09.0
1038,139,2025-03-29 22:58:50.0,0.00,33.77,29.97,COMPLETED,2025-10-24 23:29:12.0
1037,138,2025-12-31 13:46:01.0,0.00,30.53,23.46,COMPLETED,2025-02-05 04:00:50.0
1036,137,2025-06-10 17:29:38.0,0.00,22.91,22.84,COMPLETED,2025-05-27 07:13:13.0
1035,136,2025-07-17 19:57:54.0,0.00,33.93,21.16,PENDING,2025-06-22 07:41:17.0
1034,135,2025-03-23 10:07:26.0,0.00,36.54,6.09,COMPLETED,2025-02-01 13:26:46.0
1033,134,2025-12-03 07:10:18.0,0.00,27.32,9.65,COMPLETED,2025-08-09 13:29:00.0
1032,133,2025-01-29 23:10:25.0,0.00,27.76,12.90,COMPLETED,2025-11-22 22:18:38.0
1031,132,2025-01-24 13:48:04.0,0.00,6.11,19.60,COMPLETED,2025-07-28 22:03:54.0
1030,131,2025-12-15 19:36:53.0,0.00,30.07,18.80,CANCELLED,2025-05-26 13:46:02.0
1029,130,2025-02-09 06:36:05.0,0.00,36.42,6.93,COMPLETED,2025-04-25 10:23:49.0
1028,129,2025-09-19 20:35:50.0,0.00,17.69,19.91,COMPLETED,2025-03-07 18:41:55.0
1027,128,2025-09-21 12:28:20.0,0.00,42.10,17.28,COMPLETED,2025-09-17 23:28:20.0
1026,127,2026-01-02 20:41:53.0,0.00,22.70,16.37,COMPLETED,2025-03-31 22:05:13.0
1025,126,2025-10-14 06:37:18.0,0.00,18.11,7.22,PENDING,2025-03-29 10:24:21.0
1024,125,2025-03-05 05:20:06.0,0.00,15.64,1.75,COMPLETED,2025-09-02 13:39:37.0
1023,124,2025-04-30 21:33:17.0,0.00,20.10,11.53,COMPLETED,2025-12-24 10:35:35.0
1022,123,2025-10-15 08:01:36.0,0.00,19.03,22.63,COMPLETED,2025-02-19 21:16:53.0
1021,122,2025-05-25 21:54:36.0,0.00,35.03,3.37,COMPLETED,2025-08-29 18:07:43.0
1020,121,2025-08-19 13:43:16.0,0.00,23.83,5.96,CANCELLED,2025-08-24 21:19:48.0
1019,120,2025-02-22 12:37:29.0,0.00,41.91,9.17,COMPLETED,2025-07-13 17:40:59.0
1018,119,2025-06-08 13:39:57.0,0.00,37.37,14.92,COMPLETED,2025-12-26 20:55:06.0
1017,118,2025-02-08 13:08:53.0,0.00,33.58,20.19,COMPLETED,2025-06-12 19:52:50.0
1016,117,2025-07-23 23:18:22.0,0.00,39.43,24.53,COMPLETED,2025-04-27 11:32:35.0
1015,116,2025-10-25 17:43:28.0,0.00,16.70,18.88,PENDING,2025-03-16 14:52:58.0
1014,115,2025-02-12 06:41:13.0,0.00,45.39,4.22,COMPLETED,2025-10-08 10:48:14.0
1013,114,2025-02-20 06:23:53.0,0.00,27.11,16.74,COMPLETED,2025-12-22 17:20:54.0
1012,113,2025-11-02 17:40:34.0,0.00,18.87,27.48,COMPLETED,2025-07-21 00:11:52.0
1011,112,2025-08-07 21:26:53.0,0.00,32.62,19.26,COMPLETED,2025-05-29 20:54:58.0
1010,111,2025-06-16 08:13:22.0,0.00,9.34,13.33,CANCELLED,2025-09-21 21:30:03.0
1009,110,2025-05-10 00:29:33.0,0.00,25.06,21.85,COMPLETED,2025-07-02 23:53:38.0
1008,109,2025-07-31 08:22:38.0,0.00,20.68,6.83,COMPLETED,2025-07-21 18:56:38.0
1007,108,2025-07-18 11:52:04.0,0.00,11.57,4.61,COMPLETED,2026-01-04 07:20:09.0
1006,107,2025-09-22 20:56:35.0,0.00,9.21,15.65,COMPLETED,2025-05-07 11:27:27.0
1005,106,2025-06-03 20:24:22.0,0.00,17.48,6.53,PENDING,2025-05-19 08:18:30.0
1004,105,2026-01-09 08:35:37.0,0.00,27.65,9.52,COMPLETED,2025-11-12 01:51:09.0
1003,104,2025-12-31 07:59:11.0,0.00,26.76,27.57,COMPLETED,2025-11-26 20:43:22.0
1002,103,2025-08-29 03:26:29.0,0.00,10.70,17.36,COMPLETED,2025-09-14 15:37:21.0
1001,102,2025-04-05 19:52:19.0,0.00,8.21,4.93,COMPLETED,2025-06-10 23:34:02.0
1000,101,2025-04-14 17:20:28.0,0.00,42.15,12.38,CANCELLED,2025-08-11 21:39:37.0
999,100,2025-03-02 00:43:39.0,0.00,32.90,9.72,COMPLETED,2025-02-23 19:22:41.0
998,99,2025-06-02 09:15:30.0,0.00,36.15,1.41,COMPLETED,2025-04-17 06:31:20.0
997,98,2025-10-04 10:27:01.0,0.00,47.77,21.23,COMPLETED,2025-07-14 17:34:15.0
996,97,2025-11-16 17:23:19.0,0.00,25.33,16.43,COMPLETED,2025-12-09 07:01:42.0
995,96,2025-04-30 20:00:28.0,0.00,32.43,10.00,PENDING,2025-11-28 02:15:35.0
994,95,2025-10-05 10:55:50.0,0.00,33.31,28.72,COMPLETED,2025-04-04 16:29:35.0
993,94,2025-03-21 07:39:57.0,0.00,44.15,25.52,COMPLETED,2025-10-18 14:32:26.0
992,93,2025-12-29 19:59:09.0,0.00,32.70,3.30,COMPLETED,2025-04-10 14:02:59.0
991,92,2025-02-21 12:20:16.0,0.00,34.80,17.81,COMPLETED,2025-05-06 14:56:52.0
990,91,2025-01-24 00:16:12.0,0.00,30.11,29.16,CANCELLED,2025-11-01 10:49:41.0
989,90,2025-05-30 16:33:02.0,0.00,24.12,6.02,COMPLETED,2025-03-31 03:32:05.0
988,89,2025-09-18 09:34:22.0,0.00,38.59,5.95,COMPLETED,2025-04-01 16:14:52.0
987,88,2025-06-06 10:55:49.0,0.00,45.72,7.55,COMPLETED,2025-02-19 19:05:17.0
986,87,2025-03-09 20:19:41.0,0.00,11.07,22.64,COMPLETED,2025-05-28 07:34:46.0
985,86,2025-03-09 15:07:13.0,0.00,14.37,2.17,PENDING,2025-06-04 16:44:39.0
984,85,2025-07-04 14:14:12.0,0.00,7.65,21.91,COMPLETED,2025-03-22 02:03:26.0
983,84,2025-07-25 11:24:49.0,0.00,43.29,23.54,COMPLETED,2025-02-16 16:13:19.0
982,83,2025-03-25 13:37:23.0,0.00,23.47,9.15,COMPLETED,2025-04-16 08:00:10.0
981,82,2025-11-11 02:29:55.0,0.00,41.06,12.12,COMPLETED,2025-08-15 23:50:32.0
980,81,2025-08-24 15:08:54.0,0.00,11.22,26.61,CANCELLED,2025-09-16 11:10:04.0
979,80,2025-02-14 19:51:55.0,0.00,32.42,25.06,COMPLETED,2025-10-19 07:48:49.0
978,79,2025-11-14 21:38:50.0,0.00,49.09,26.94,COMPLETED,2025-10-08 18:35:16.0
977,78,2025-04-22 20:21:01.0,0.00,6.93,26.67,COMPLETED,2025-05-13 01:38:47.0
976,77,2025-01-19 10:50:51.0,0.00,30.27,9.03,COMPLETED,2025-10-22 22:58:17.0
975,76,2025-06-03 10:41:07.0,0.00,42.03,2.20,PENDING,2025-04-10 16:22:04.0
974,75,2025-07-11 00:52:32.0,0.00,13.18,26.04,COMPLETED,2025-03-11 03:33:57.0
973,74,2025-04-26 08:39:00.0,0.00,49.83,3.18,COMPLETED,2025-01-17 03:39:14.0
972,73,2025-08-02 16:01:59.0,0.00,44.11,7.97,COMPLETED,2025-07-21 08:28:30.0
971,72,2025-12-12 02:38:34.0,0.00,41.30,10.37,COMPLETED,2025-08-31 23:48:33.0
970,71,2025-02-11 02:18:37.0,0.00,48.50,23.68,CANCELLED,2025-07-16 07:03:22.0
969,70,2025-11-25 18:15:13.0,0.00,34.16,24.48,COMPLETED,2026-01-07 04:16:50.0
968,69,2025-02-18 19:54:09.0,0.00,33.08,16.87,COMPLETED,2025-08-07 06:59:37.0
967,68,2025-06-05 23:27:14.0,0.00,12.93,22.06,COMPLETED,2025-08-22 23:53:48.0
966,67,2025-04-01 12:43:00.0,0.00,28.35,27.03,COMPLETED,2025-08-19 23:40:57.0
965,66,2025-11-09 12:52:50.0,0.00,9.75,9.30,PENDING,2025-07-28 17:49:47.0
964,65,2025-04-14 20:16:20.0,0.00,13.79,6.74,COMPLETED,2025-08-20 21:24:29.0
963,64,2025-12-10 01:39:14.0,0.00,8.60,7.77,COMPLETED,2025-03-02 09:10:11.0
962,63,2025-03-05 17:24:04.0,0.00,21.23,1.42,COMPLETED,2025-03-12 16:17:57.0
961,62,2025-10-18 01:02:52.0,0.00,24.69,3.80,COMPLETED,2025-05-21 16:04:20.0
960,61,2025-10-30 11:52:23.0,0.00,49.63,9.24,CANCELLED,2025-07-28 10:55:53.0
959,60,2025-09-23 16:31:49.0,0.00,32.58,21.59,COMPLETED,2025-06-03 15:51:35.0
958,59,2025-06-02 00:28:22.0,0.00,16.39,20.47,COMPLETED,2025-03-12 07:31:41.0
957,58,2025-08-19 02:20:18.0,0.00,5.33,17.63,COMPLETED,2025-07-31 18:33:37.0
956,57,2025-11-17 07:48:55.0,0.00,30.28,28.61,COMPLETED,2025-02-04 10:21:57.0
955,56,2025-11-02 02:52:53.0,0.00,36.25,16.99,PENDING,2025-11-15 09:26:27.0
954,55,2025-11-05 08:57:33.0,0.00,45.93,10.86,COMPLETED,2025-12-13 03:37:19.0
953,54,2025-12-09 04:05:17.0,0.00,49.73,14.52,COMPLETED,2025-12-02 17:40:53.0
952,53,2025-03-11 14:17:33.0,0.00,29.01,25.57,COMPLETED,2025-12-23 15:37:01.0
951,52,2025-01-15 16:00:20.0,0.00,12.63,16.43,COMPLETED,2025-03-15 18:44:48.0
950,51,2025-04-27 22:17:25.0,0.00,13.47,8.05,CANCELLED,2025-10-11 07:32:55.0
949,50,2025-05-23 10:21:12.0,0.00,22.92,16.33,COMPLETED,2025-12-17 10:27:10.0
948,49,2025-07-29 04:02:56.0,0.00,47.79,1.60,COMPLETED,2025-02-08 07:28:40.0
947,48,2025-09-01 03:46:45.0,0.00,16.01,29.17,COMPLETED,2025-01-19 20:38:54.0
946,47,2025-04-07 22:30:11.0,0.00,35.18,5.19,COMPLETED,2025-10-21 17:16:50.0
945,46,2025-03-10 12:27:30.0,0.00,11.12,3.35,PENDING,2025-02-27 12:23:28.0
944,45,2025-04-18 17:12:21.0,0.00,24.33,1.28,COMPLETED,2025-08-15 00:50:12.0
943,44,2025-09-26 20:56:54.0,0.00,5.22,14.88,COMPLETED,2025-07-14 13:55:04.0
942,43,2025-05-03 02:19:40.0,0.00,14.20,16.70,COMPLETED,2026-01-04 20:33:23.0
941,42,2025-04-26 20:46:43.0,0.00,47.86,21.97,COMPLETED,2025-06-20 03:06:57.0
940,41,2025-09-09 16:06:52.0,0.00,28.29,23.19,CANCELLED,2025-12-03 05:57:12.0
939,40,2025-10-29 00:05:41.0,0.00,48.17,27.48,COMPLETED,2025-06-12 13:04:35.0
938,39,2025-12-09 22:28:36.0,0.00,23.66,16.19,COMPLETED,2025-08-08 06:10:39.0
937,38,2025-01-28 07:32:10.0,0.00,49.56,21.03,COMPLETED,2026-01-01 11:51:48.0
936,37,2025-08-30 05:03:39.0,0.00,27.93,19.76,COMPLETED,2025-10-24 08:28:23.0
935,36,2025-10-27 07:38:06.0,0.00,36.12,20.58,PENDING,2025-01-28 05:55:39.0
934,35,2025-05-25 01:28:11.0,0.00,47.44,6.38,COMPLETED,2025-02-16 00:04:48.0
933,34,2026-01-05 14:07:18.0,0.00,23.36,10.62,COMPLETED,2025-08-26 14:05:13.0
932,33,2025-04-02 10:51:01.0,0.00,20.95,5.26,COMPLETED,2025-04-28 22:50:07.0
931,32,2025-07-31 14:14:11.0,0.00,43.56,13.91,COMPLETED,2025-12-25 19:24:15.0
930,31,2025-11-27 05:47:34.0,0.00,15.34,23.69,CANCELLED,2025-03-31 20:01:02.0
929,30,2025-03-24 09:51:27.0,0.00,32.23,10.56,COMPLETED,2025-07-08 05:24:56.0
928,29,2025-02-08 22:34:55.0,0.00,39.05,1.55,COMPLETED,2025-05-27 17:28:51.0
927,28,2025-12-10 12:46:03.0,0.00,18.91,19.01,COMPLETED,2025-09-10 22:55:22.0
926,27,2025-03-25 23:09:43.0,0.00,49.53,11.75,COMPLETED,2025-12-24 06:34:41.0
925,26,2025-01-21 12:52:37.0,0.00,20.82,15.91,PENDING,2025-03-04 14:17:02.0
924,25,2025-02-18 03:00:23.0,0.00,43.85,19.33,COMPLETED,2025-04-20 05:14:24.0
923,24,2025-08-15 19:33:05.0,0.00,20.98,20.15,COMPLETED,2025-11-11 02:17:11.0
922,23,2026-01-01 04:16:53.0,0.00,32.72,15.23,COMPLETED,2026-01-07 12:11:16.0
921,22,2025-03-21 08:14:54.0,0.00,45.68,3.05,COMPLETED,2025-09-13 00:05:55.0
920,21,2025-06-16 11:51:39.0,0.00,34.25,17.60,CANCELLED,2025-11-25 21:32:02.0
919,20,2025-04-21 06:53:39.0,0.00,35.08,26.92,COMPLETED,2025-07-26 10:40:15.0
918,19,2025-11-20 13:20:01.0,0.00,46.43,21.94,COMPLETED,2025-08-16 02:10:45.0
917,18,2025-08-28 21:24:06.0,0.00,9.45,6.70,COMPLETED,2025-10-05 14:02:52.0
916,17,2025-07-19 22:04:12.0,0.00,28.05,22.44,COMPLETED,2025-04-08 09:56:19.0
915,16,2025-03-22 06:10:06.0,0.00,45.72,16.50,PENDING,2025-01-15 17:44:16.0
914,15,2025-04-10 07:59:52.0,0.00,17.53,6.34,COMPLETED,2025-02-23 23:11:40.0
913,14,2025-09-17 20:37:11.0,0.00,24.04,13.04,COMPLETED,2025-11-18 07:09:50.0
912,13,2025-04-26 21:53:10.0,0.00,44.78,8.76,COMPLETED,2025-01-28 17:14:07.0
911,12,2025-09-04 04:46:27.0,0.00,44.60,5.49,COMPLETED,2025-10-17 00:13:15.0
910,11,2025-05-08 01:09:08.0,0.00,22.60,4.60,CANCELLED,2025-03-04 04:59:02.0
909,10,2025-11-01 02:57:19.0,0.00,27.83,24.80,COMPLETED,2025-05-15 14:07:27.0
908,9,2025-06-18 13:02:12.0,0.00,38.92,13.52,COMPLETED,2025-06-07 04:04:40.0
907,8,2025-03-23 21:51:00.0,0.00,22.75,15.17,COMPLETED,2025-02-12 17:06:58.0
906,7,2025-04-14 09:43:14.0,0.00,36.23,12.09,COMPLETED,2025-06-03 15:06:58.0
905,6,2025-12-24 18:20:27.0,0.00,43.35,15.89,PENDING,2025-05-20 09:14:17.0
904,5,2025-06-13 09:49:53.0,0.00,39.00,24.10,COMPLETED,2025-03-06 16:05:55.0
903,4,2025-06-20 03:55:09.0,0.00,44.11,9.06,COMPLETED,2025-07-03 15:19:27.0
902,3,2025-08-12 01:38:13.0,0.00,37.96,3.33,COMPLETED,2025-11-24 12:24:22.0
901,2,2025-12-15 22:16:49.0,0.00,23.92,13.07,COMPLETED,2025-06-02 11:59:17.0
900,1,2025-08-19 18:22:45.0,0.00,8.08,26.98,CANCELLED,2025-06-19 01:38:44.0
899,300,2025-02-16 19:49:49.0,0.00,26.11,27.38,COMPLETED,2025-04-10 04:54:20.0
898,299,2025-05-19 11:19:31.0,0.00,48.27,3.53,COMPLETED,2025-08-16 17:28:44.0
897,298,2025-09-26 22:00:03.0,0.00,27.05,18.46,COMPLETED,2025-05-30 16:33:45.0
896,297,2025-10-16 09:25:23.0,0.00,47.93,10.01,COMPLETED,2025-01-18 00:22:54.0
895,296,2025-07-05 02:43:59.0,0.00,40.07,3.64,PENDING,2025-10-30 11:36:36.0
894,295,2025-07-08 19:40:22.0,0.00,27.67,25.88,COMPLETED,2025-03-05 12:05:31.0
893,294,2025-04-30 16:13:18.0,0.00,20.35,15.06,COMPLETED,2025-04-23 15:32:05.0
892,293,2025-01-14 18:50:55.0,0.00,40.54,18.59,COMPLETED,2025-01-23 18:18:15.0
891,292,2025-06-22 15:02:01.0,0.00,30.32,8.26,COMPLETED,2025-02-23 02:53:19.0
890,291,2025-09-30 02:50:12.0,0.00,33.46,13.90,CANCELLED,2025-03-24 18:57:38.0
889,290,2025-06-05 06:36:32.0,0.00,40.49,23.56,COMPLETED,2025-12-17 00:52:34.0
888,289,2025-12-07 13:15:04.0,0.00,46.34,26.36,COMPLETED,2025-10-25 00:00:56.0
887,288,2025-03-04 06:21:35.0,0.00,38.10,28.14,COMPLETED,2025-05-06 13:51:00.0
886,287,2025-04-09 06:59:33.0,0.00,32.52,14.39,COMPLETED,2025-02-10 21:41:07.0
885,286,2025-03-09 23:22:52.0,0.00,20.49,7.35,PENDING,2026-01-05 13:38:29.0
884,285,2025-09-12 10:39:42.0,0.00,6.01,15.99,COMPLETED,2025-10-03 03:16:50.0
883,284,2025-08-27 14:42:31.0,0.00,27.86,21.64,COMPLETED,2025-07-04 13:58:52.0
882,283,2025-12-05 19:17:41.0,0.00,19.60,3.30,COMPLETED,2025-12-10 15:35:22.0
881,282,2025-01-15 02:40:05.0,0.00,40.60,25.47,COMPLETED,2025-08-20 01:02:34.0
880,281,2025-01-28 05:28:40.0,0.00,45.73,2.22,CANCELLED,2025-02-06 13:23:08.0
879,280,2025-11-28 15:51:31.0,0.00,21.31,4.55,COMPLETED,2025-07-27 16:38:50.0
878,279,2025-06-25 13:09:46.0,0.00,48.88,8.92,COMPLETED,2025-09-15 19:18:25.0
877,278,2025-08-10 01:11:15.0,0.00,7.39,25.67,COMPLETED,2025-04-25 01:15:48.0
876,277,2025-01-25 02:31:01.0,0.00,48.35,17.04,COMPLETED,2025-09-06 04:58:38.0
875,276,2025-10-23 18:17:00.0,0.00,41.79,28.40,PENDING,2025-08-28 11:44:21.0
874,275,2025-04-22 05:18:29.0,0.00,13.76,26.42,COMPLETED,2025-02-04 21:06:16.0
873,274,2025-03-28 02:45:44.0,0.00,27.58,18.79,COMPLETED,2025-07-25 10:57:55.0
872,273,2025-07-26 21:24:52.0,0.00,40.56,10.82,COMPLETED,2025-11-24 19:49:30.0
871,272,2025-03-08 23:01:44.0,0.00,40.80,15.31,COMPLETED,2025-07-16 00:33:40.0
870,271,2025-06-23 08:23:59.0,0.00,21.78,14.61,CANCELLED,2025-11-14 10:43:15.0
869,270,2025-03-02 18:14:31.0,0.00,30.30,17.33,COMPLETED,2025-09-13 03:07:44.0
868,269,2025-05-13 16:40:14.0,0.00,45.94,13.99,COMPLETED,2025-11-22 22:32:54.0
867,268,2025-11-24 07:33:33.0,0.00,27.26,6.16,COMPLETED,2025-08-30 05:01:38.0
866,267,2025-01-14 16:10:07.0,0.00,12.66,17.43,COMPLETED,2025-02-16 14:54:38.0
865,266,2025-07-23 17:12:50.0,0.00,19.79,26.20,PENDING,2025-05-30 04:56:47.0
864,265,2025-11-14 13:47:58.0,0.00,13.11,15.66,COMPLETED,2025-12-03 21:35:15.0
863,264,2025-07-20 07:40:16.0,0.00,43.96,15.21,COMPLETED,2025-07-08 23:14:41.0
862,263,2025-04-30 16:00:16.0,0.00,7.67,15.95,COMPLETED,2025-08-15 12:02:20.0
861,262,2025-03-26 10:28:52.0,0.00,37.77,19.55,COMPLETED,2025-06-18 13:50:42.0
860,261,2025-07-24 15:43:58.0,0.00,30.18,19.22,CANCELLED,2025-01-25 00:40:25.0
859,260,2025-05-17 23:32:49.0,0.00,26.15,19.36,COMPLETED,2025-01-18 07:02:43.0
858,259,2025-09-13 07:41:51.0,0.00,17.91,9.26,COMPLETED,2025-10-21 15:01:41.0
857,258,2025-05-10 23:59:08.0,0.00,49.35,9.86,COMPLETED,2025-01-22 03:31:17.0
856,257,2025-05-29 08:03:37.0,0.00,27.49,25.86,COMPLETED,2025-12-23 09:00:37.0
855,256,2025-09-12 09:00:11.0,0.00,11.31,27.75,PENDING,2025-01-17 04:58:11.0
854,255,2025-02-19 10:13:49.0,0.00,10.01,9.17,COMPLETED,2025-07-22 17:23:46.0
853,254,2025-10-14 12:17:58.0,0.00,34.97,25.99,COMPLETED,2025-11-04 16:44:51.0
852,253,2025-09-28 18:11:06.0,0.00,36.99,26.68,COMPLETED,2025-09-11 21:39:25.0
851,252,2025-08-08 18:32:16.0,0.00,27.06,1.67,COMPLETED,2025-02-22 07:20:44.0
850,251,2025-02-23 12:07:12.0,0.00,34.84,10.36,CANCELLED,2025-08-02 07:42:14.0
849,250,2025-12-15 23:58:18.0,0.00,20.51,28.35,COMPLETED,2025-07-15 04:06:48.0
848,249,2025-05-13 00:33:02.0,0.00,31.79,23.55,COMPLETED,2025-12-30 08:16:04.0
847,248,2025-04-25 09:18:36.0,0.00,11.18,26.12,COMPLETED,2025-08-02 04:50:04.0
846,247,2025-05-04 09:47:46.0,0.00,39.30,20.54,COMPLETED,2025-09-29 04:09:36.0
845,246,2025-03-28 17:25:34.0,0.00,12.60,13.96,PENDING,2025-04-18 01:03:54.0
844,245,2025-12-11 12:20:13.0,0.00,35.19,28.96,COMPLETED,2025-03-14 19:21:44.0
843,244,2025-01-21 05:58:27.0,0.00,20.01,2.23,COMPLETED,2025-03-25 08:50:16.0
842,243,2025-09-19 01:21:18.0,0.00,6.46,21.94,COMPLETED,2025-03-20 07:32:51.0
841,242,2025-04-12 05:01:18.0,0.00,13.96,8.94,COMPLETED,2025-07-24 17:28:05.0
840,241,2025-07-17 03:53:14.0,0.00,11.18,13.68,CANCELLED,2025-01-17 01:22:01.0
839,240,2025-06-30 01:10:00.0,0.00,8.57,7.35,COMPLETED,2025-11-30 00:27:55.0
838,239,2025-03-26 15:56:40.0,0.00,32.93,22.66,COMPLETED,2025-12-25 13:49:12.0
837,238,2025-07-25 22:39:56.0,0.00,9.41,13.99,COMPLETED,2025-10-25 22:35:10.0
836,237,2025-11-07 23:41:39.0,0.00,43.51,28.29,COMPLETED,2025-07-13 22:52:19.0
835,236,2025-10-03 00:10:54.0,0.00,44.48,3.05,PENDING,2025-07-25 16:05:01.0
834,235,2025-01-29 21:52:59.0,0.00,29.09,5.58,COMPLETED,2025-04-01 14:49:49.0
833,234,2025-04-14 23:55:45.0,0.00,33.88,27.63,COMPLETED,2025-04-16 08:53:51.0
832,233,2025-02-05 06:03:23.0,0.00,8.40,1.45,COMPLETED,2025-05-30 20:36:29.0
831,232,2025-09-01 17:37:57.0,0.00,36.46,21.91,COMPLETED,2025-10-21 02:55:41.0
830,231,2025-05-30 06:04:46.0,0.00,15.49,22.17,CANCELLED,2025-07-28 20:26:22.0
829,230,2025-06-30 04:18:06.0,0.00,9.61,8.62,COMPLETED,2025-06-18 16:05:27.0
828,229,2025-07-08 16:31:14.0,0.00,40.23,26.36,COMPLETED,2025-02-06 06:11:58.0
827,228,2025-10-16 22:22:24.0,0.00,10.20,9.15,COMPLETED,2025-07-04 15:38:23.0
826,227,2025-11-07 15:20:41.0,0.00,23.81,4.54,COMPLETED,2025-03-22 16:34:29.0
825,226,2025-05-08 17:07:24.0,0.00,42.88,11.39,PENDING,2025-01-17 20:43:47.0
824,225,2025-06-11 13:26:33.0,0.00,30.64,26.83,COMPLETED,2025-10-01 01:14:18.0
823,224,2025-01-27 15:30:22.0,0.00,21.53,25.22,COMPLETED,2025-02-28 01:46:26.0
822,223,2025-01-30 20:29:55.0,0.00,22.91,29.46,COMPLETED,2026-01-10 23:53:40.0
821,222,2025-06-28 13:23:34.0,0.00,12.39,18.30,COMPLETED,2025-06-29 08:08:44.0
820,221,2025-06-21 14:29:19.0,0.00,29.21,12.98,CANCELLED,2025-09-09 13:11:13.0
819,220,2025-02-05 00:25:14.0,0.00,45.86,9.22,COMPLETED,2025-02-08 15:28:21.0
818,219,2025-05-25 10:25:17.0,0.00,21.60,6.36,COMPLETED,2025-04-22 02:22:44.0
817,218,2025-07-15 01:52:09.0,0.00,49.93,26.05,COMPLETED,2025-03-11 04:25:12.0
816,217,2025-06-01 16:31:40.0,0.00,15.23,8.30,COMPLETED,2025-04-24 01:08:11.0
815,216,2025-08-23 13:44:33.0,0.00,21.92,15.67,PENDING,2025-04-25 18:17:01.0
814,215,2025-01-26 22:05:13.0,0.00,49.06,11.72,COMPLETED,2025-07-03 20:43:05.0
813,214,2025-02-28 13:05:24.0,0.00,20.01,25.13,COMPLETED,2025-09-06 20:01:09.0
812,213,2025-09-07 07:14:40.0,0.00,41.59,7.76,COMPLETED,2025-08-23 05:29:26.0
811,212,2025-04-01 20:18:17.0,0.00,35.87,29.36,COMPLETED,2025-07-10 04:10:39.0
810,211,2025-10-11 06:10:55.0,0.00,21.39,10.22,CANCELLED,2025-11-13 11:26:38.0
809,210,2025-06-03 07:05:16.0,0.00,31.38,25.98,COMPLETED,2025-12-01 22:09:42.0
808,209,2025-06-16 06:59:39.0,0.00,48.84,1.82,COMPLETED,2025-08-01 16:22:52.0
807,208,2025-07-25 21:01:58.0,0.00,14.50,10.64,COMPLETED,2025-10-15 19:19:05.0
806,207,2025-06-16 05:09:50.0,0.00,38.78,9.84,COMPLETED,2026-01-05 02:15:18.0
805,206,2025-02-03 03:00:36.0,0.00,16.39,27.97,PENDING,2025-04-07 08:17:40.0
804,205,2025-06-12 19:10:26.0,0.00,17.34,2.47,COMPLETED,2026-01-05 22:42:44.0
803,204,2025-12-03 14:59:03.0,0.00,46.10,4.98,COMPLETED,2025-04-15 10:29:43.0
802,203,2025-11-22 08:13:31.0,0.00,34.00,6.76,COMPLETED,2025-03-27 10:24:11.0
801,202,2025-12-21 20:37:16.0,0.00,13.09,2.27,COMPLETED,2025-10-09 19:02:27.0
800,201,2025-04-06 11:47:28.0,0.00,14.60,20.55,CANCELLED,2025-09-08 02:17:27.0
799,200,2025-08-02 23:24:59.0,0.00,32.96,12.71,COMPLETED,2025-12-21 13:44:12.0
798,199,2025-02-10 05:56:22.0,0.00,8.43,23.11,COMPLETED,2025-10-26 22:50:02.0
797,198,2025-12-23 17:23:43.0,0.00,44.26,16.92,COMPLETED,2025-10-21 07:27:46.0
796,197,2025-01-23 10:52:21.0,0.00,32.58,5.80,COMPLETED,2025-07-08 13:25:27.0
795,196,2025-08-23 16:41:45.0,0.00,24.55,16.73,PENDING,2025-06-08 10:07:12.0
794,195,2025-07-25 04:27:47.0,0.00,21.43,9.70,COMPLETED,2025-05-10 07:07:02.0
793,194,2025-06-17 23:46:28.0,0.00,43.18,24.42,COMPLETED,2025-10-06 04:27:42.0
792,193,2025-03-10 23:17:27.0,0.00,27.61,29.66,COMPLETED,2025-12-10 20:21:07.0
791,192,2025-01-27 02:15:10.0,0.00,8.24,21.43,COMPLETED,2025-05-02 22:26:39.0
790,191,2025-04-05 20:33:31.0,0.00,48.89,4.15,CANCELLED,2025-07-02 16:44:39.0
789,190,2025-08-16 14:38:35.0,0.00,35.42,11.76,COMPLETED,2025-07-01 09:22:57.0
788,189,2025-03-31 11:30:49.0,0.00,39.94,10.99,COMPLETED,2025-07-08 02:09:03.0
787,188,2025-04-05 23:27:08.0,0.00,14.54,11.80,COMPLETED,2025-04-06 15:57:48.0
786,187,2025-10-26 11:22:53.0,0.00,17.17,7.53,COMPLETED,2025-06-14 10:48:07.0
785,186,2025-10-13 17:31:01.0,0.00,21.90,27.59,PENDING,2025-05-01 20:42:30.0
784,185,2025-07-31 07:50:24.0,0.00,47.73,29.06,COMPLETED,2025-10-21 12:59:15.0
783,184,2025-12-04 19:43:01.0,0.00,22.07,15.55,COMPLETED,2026-01-08 14:07:33.0
782,183,2025-03-23 19:32:32.0,0.00,13.88,8.78,COMPLETED,2025-05-22 09:53:52.0
781,182,2025-02-17 04:36:03.0,0.00,13.03,2.80,COMPLETED,2025-04-07 15:02:44.0
780,181,2025-12-23 14:00:57.0,0.00,14.05,5.06,CANCELLED,2025-04-27 02:45:15.0
779,180,2025-03-12 23:46:15.0,0.00,13.92,28.01,COMPLETED,2025-12-05 23:01:25.0
778,179,2025-10-15 11:32:24.0,0.00,45.34,16.52,COMPLETED,2025-04-11 10:25:13.0
777,178,2025-08-10 17:57:47.0,0.00,31.30,17.54,COMPLETED,2025-05-05 18:19:36.0
776,177,2025-04-23 10:46:34.0,0.00,30.99,21.50,COMPLETED,2025-07-28 17:42:31.0
775,176,2025-06-03 18:29:09.0,0.00,15.42,18.80,PENDING,2025-06-08 02:55:54.0
774,175,2025-04-26 22:52:59.0,0.00,31.48,19.45,COMPLETED,2025-05-29 06:03:30.0
773,174,2025-04-17 07:58:01.0,0.00,30.93,9.14,COMPLETED,2025-10-07 06:39:12.0
772,173,2025-07-30 06:06:15.0,0.00,19.35,22.33,COMPLETED,2025-07-27 09:40:12.0
771,172,2025-03-26 15:57:37.0,0.00,34.97,24.35,COMPLETED,2025-10-23 04:54:05.0
770,171,2025-10-01 00:17:08.0,0.00,44.48,8.03,CANCELLED,2025-07-12 20:49:30.0
769,170,2025-12-31 12:20:52.0,0.00,44.41,23.19,COMPLETED,2025-02-19 00:57:37.0
768,169,2025-12-24 13:05:54.0,0.00,15.00,17.27,COMPLETED,2025-05-24 19:29:35.0
767,168,2025-01-23 15:43:24.0,0.00,19.83,27.04,COMPLETED,2025-03-29 19:53:58.0
766,167,2025-05-22 13:51:20.0,0.00,38.15,14.51,COMPLETED,2025-05-12 08:17:10.0
765,166,2025-01-29 15:23:45.0,0.00,12.85,12.39,PENDING,2025-04-30 11:46:27.0
764,165,2025-08-17 14:58:36.0,0.00,21.57,19.96,COMPLETED,2026-01-02 02:12:58.0
763,164,2025-08-10 02:17:47.0,0.00,29.77,24.75,COMPLETED,2025-05-14 02:50:21.0
762,163,2025-06-27 10:46:09.0,0.00,27.69,1.48,COMPLETED,2025-12-19 14:18:58.0
761,162,2025-05-19 11:16:16.0,0.00,17.75,10.67,COMPLETED,2025-03-20 10:51:12.0
760,161,2025-05-31 13:44:01.0,0.00,49.10,4.55,CANCELLED,2025-01-27 18:29:13.0
759,160,2025-07-11 15:12:36.0,0.00,30.60,6.32,COMPLETED,2025-06-18 02:49:09.0
758,159,2025-03-21 10:51:37.0,0.00,9.02,20.29,COMPLETED,2025-04-30 23:30:35.0
757,158,2025-12-15 15:27:52.0,0.00,16.36,25.56,COMPLETED,2025-11-24 11:38:15.0
756,157,2025-09-06 11:07:37.0,0.00,40.15,25.96,COMPLETED,2025-11-09 21:00:15.0
755,156,2025-01-19 05:09:28.0,0.00,38.77,16.72,PENDING,2025-02-02 17:02:04.0
754,155,2025-11-11 03:06:06.0,0.00,8.29,3.89,COMPLETED,2025-06-08 19:26:02.0
753,154,2025-11-13 14:00:43.0,0.00,23.19,5.24,COMPLETED,2025-09-16 18:33:56.0
752,153,2025-02-22 21:50:58.0,0.00,30.06,3.08,COMPLETED,2025-04-11 05:00:40.0
1945,146,2025-09-29 14:38:15.0,0.00,44.40,12.29,PENDING,2025-11-24 22:01:55.0
1944,145,2025-07-20 13:49:48.0,0.00,33.03,4.82,COMPLETED,2025-08-19 04:01:43.0
1943,144,2025-03-01 17:04:06.0,0.00,37.09,29.82,COMPLETED,2025-07-30 11:15:53.0
1942,143,2025-05-15 04:39:48.0,0.00,6.81,27.51,COMPLETED,2025-10-16 07:09:38.0
1941,142,2025-11-27 02:49:13.0,0.00,46.05,18.98,COMPLETED,2025-06-19 04:25:41.0
1940,141,2025-05-24 12:25:59.0,0.00,34.46,22.68,CANCELLED,2025-12-17 05:26:20.0
1939,140,2025-11-22 01:54:32.0,0.00,40.02,9.30,COMPLETED,2025-04-14 20:23:52.0
1938,139,2025-09-05 23:33:37.0,0.00,25.60,18.65,COMPLETED,2025-10-27 07:13:43.0
1937,138,2025-01-16 17:52:00.0,0.00,14.33,3.52,COMPLETED,2025-03-28 11:41:35.0
1936,137,2025-06-28 04:37:12.0,0.00,32.08,14.58,COMPLETED,2025-12-18 15:33:25.0
1935,136,2025-09-09 06:09:24.0,0.00,42.43,12.17,PENDING,2025-10-03 06:47:56.0
1934,135,2025-01-14 09:41:46.0,0.00,8.11,1.22,COMPLETED,2025-03-16 02:07:23.0
1933,134,2025-08-01 05:39:11.0,0.00,49.06,1.33,COMPLETED,2025-04-02 16:50:57.0
1932,133,2025-04-03 19:24:26.0,0.00,13.12,14.93,COMPLETED,2025-05-30 03:30:39.0
1931,132,2025-08-16 07:05:51.0,0.00,8.69,23.87,COMPLETED,2025-06-11 12:15:30.0
1930,131,2025-02-15 03:34:50.0,0.00,44.71,5.48,CANCELLED,2025-12-21 03:49:33.0
1929,130,2025-02-19 21:56:24.0,0.00,6.78,10.51,COMPLETED,2025-04-27 17:12:15.0
1928,129,2025-06-18 15:40:04.0,0.00,31.89,1.95,COMPLETED,2025-12-13 21:56:15.0
1927,128,2025-05-31 20:43:19.0,0.00,11.72,27.12,COMPLETED,2025-03-14 07:20:16.0
1926,127,2025-01-24 21:55:34.0,0.00,25.72,6.05,COMPLETED,2025-11-29 12:04:47.0
1925,126,2025-03-26 21:04:01.0,0.00,7.72,29.70,PENDING,2025-05-05 01:03:19.0
1924,125,2025-02-24 05:02:54.0,0.00,26.22,9.79,COMPLETED,2025-06-28 00:25:34.0
1923,124,2025-11-11 14:33:10.0,0.00,47.86,26.50,COMPLETED,2025-08-30 08:22:55.0
1922,123,2025-04-30 12:04:01.0,0.00,47.67,17.50,COMPLETED,2025-08-25 09:32:33.0
1921,122,2025-10-28 02:20:13.0,0.00,13.81,28.00,COMPLETED,2025-06-27 06:46:20.0
1920,121,2025-03-22 15:51:32.0,0.00,29.21,26.95,CANCELLED,2025-02-24 12:12:01.0
1919,120,2025-03-19 03:22:47.0,0.00,22.64,29.70,COMPLETED,2025-09-19 12:01:02.0
1918,119,2025-05-01 04:08:45.0,0.00,18.90,26.44,COMPLETED,2025-02-06 21:22:03.0
1917,118,2025-02-22 10:12:32.0,0.00,25.63,6.88,COMPLETED,2025-08-14 08:38:15.0
1916,117,2026-01-10 02:04:22.0,0.00,48.34,10.09,COMPLETED,2025-04-08 01:25:53.0
1915,116,2025-03-01 16:32:11.0,0.00,36.61,4.15,PENDING,2025-04-04 01:52:43.0
1914,115,2026-01-04 12:24:53.0,0.00,6.53,21.38,COMPLETED,2025-11-20 06:59:21.0
1913,114,2025-09-26 05:38:08.0,0.00,15.30,5.63,COMPLETED,2025-06-14 09:36:38.0
1912,113,2025-01-17 17:50:43.0,0.00,34.74,17.91,COMPLETED,2025-10-17 10:05:06.0
1911,112,2025-05-19 11:09:12.0,0.00,20.47,25.88,COMPLETED,2025-06-18 03:46:13.0
1910,111,2025-09-02 03:14:42.0,0.00,46.55,5.58,CANCELLED,2025-07-02 08:05:22.0
1909,110,2025-07-09 13:56:31.0,0.00,26.09,25.48,COMPLETED,2025-12-07 14:24:19.0
1908,109,2025-07-05 15:17:36.0,0.00,35.29,8.12,COMPLETED,2025-08-12 08:14:04.0
1907,108,2025-06-13 03:30:01.0,0.00,49.19,2.05,COMPLETED,2025-09-08 10:28:26.0
1906,107,2025-09-15 15:06:28.0,0.00,11.88,28.69,COMPLETED,2025-05-19 14:45:20.0
1905,106,2025-10-03 07:09:01.0,0.00,26.58,16.49,PENDING,2025-08-14 09:33:02.0
1904,105,2025-12-25 02:19:42.0,0.00,40.19,5.37,COMPLETED,2025-09-10 01:00:49.0
1903,104,2025-10-12 08:25:31.0,0.00,24.02,18.82,COMPLETED,2025-12-06 09:33:54.0
1902,103,2025-10-12 07:31:16.0,0.00,20.06,21.81,COMPLETED,2025-02-22 06:30:36.0
1901,102,2025-06-23 00:25:28.0,0.00,45.03,20.32,COMPLETED,2025-04-10 19:20:54.0
1900,101,2025-10-11 15:26:19.0,0.00,44.15,3.30,CANCELLED,2025-12-26 07:19:28.0
1899,100,2025-01-27 23:52:15.0,0.00,41.85,21.15,COMPLETED,2025-04-17 04:46:15.0
1898,99,2025-07-06 22:22:40.0,0.00,14.34,15.79,COMPLETED,2025-10-17 10:14:37.0
1897,98,2025-10-02 20:36:00.0,0.00,15.45,22.15,COMPLETED,2025-04-13 02:40:14.0
1896,97,2025-03-11 03:49:12.0,0.00,6.35,6.96,COMPLETED,2025-10-07 22:53:20.0
1895,96,2025-03-05 04:44:45.0,0.00,33.13,24.27,PENDING,2025-12-13 17:20:25.0
1894,95,2025-12-10 15:58:16.0,0.00,34.49,18.22,COMPLETED,2025-11-02 02:50:44.0
1893,94,2025-05-05 11:49:14.0,0.00,39.58,9.32,COMPLETED,2025-09-28 09:58:22.0
1892,93,2025-02-21 08:06:31.0,0.00,10.41,19.64,COMPLETED,2025-04-27 18:23:09.0
1891,92,2025-12-21 01:20:58.0,0.00,7.11,22.76,COMPLETED,2025-04-04 05:05:30.0
1890,91,2025-10-11 02:40:50.0,0.00,5.97,17.71,CANCELLED,2025-02-24 21:31:39.0
1889,90,2026-01-01 22:42:00.0,0.00,33.31,18.99,COMPLETED,2025-07-03 09:06:32.0
1888,89,2025-05-14 00:18:46.0,0.00,31.95,22.48,COMPLETED,2025-07-07 08:51:56.0
1887,88,2025-09-05 16:26:23.0,0.00,40.63,18.47,COMPLETED,2025-08-29 18:42:33.0
1886,87,2025-03-09 17:35:53.0,0.00,11.12,7.59,COMPLETED,2025-09-02 03:18:58.0
1885,86,2025-11-09 05:49:48.0,0.00,46.15,2.99,PENDING,2025-02-13 14:25:14.0
1884,85,2025-07-15 20:55:33.0,0.00,27.51,19.30,COMPLETED,2025-05-30 04:43:06.0
1883,84,2025-10-18 21:07:29.0,0.00,34.30,18.74,COMPLETED,2025-11-01 20:55:20.0
1882,83,2025-08-15 13:57:48.0,0.00,16.09,9.39,COMPLETED,2025-05-08 13:08:29.0
1881,82,2025-03-12 07:20:30.0,0.00,8.15,1.66,COMPLETED,2025-08-09 22:17:12.0
1880,81,2025-08-04 13:18:38.0,0.00,47.99,13.42,CANCELLED,2025-10-21 11:16:03.0
1879,80,2025-07-01 09:29:30.0,0.00,40.05,21.30,COMPLETED,2025-08-30 15:40:50.0
1878,79,2025-10-02 05:06:07.0,0.00,22.73,15.18,COMPLETED,2026-01-06 12:47:01.0
1877,78,2025-05-21 21:20:19.0,0.00,23.52,13.61,COMPLETED,2025-06-25 18:29:49.0
1876,77,2025-11-30 16:04:53.0,0.00,5.50,22.24,COMPLETED,2025-02-22 09:49:47.0
1875,76,2025-05-10 22:27:35.0,0.00,48.20,18.59,PENDING,2025-11-03 23:47:57.0
1874,75,2025-02-08 02:20:04.0,0.00,37.16,5.95,COMPLETED,2025-07-10 14:29:10.0
1873,74,2025-03-17 14:45:37.0,0.00,30.92,3.66,COMPLETED,2025-10-20 19:41:33.0
1872,73,2025-05-27 06:15:16.0,0.00,25.48,19.76,COMPLETED,2025-10-28 12:55:56.0
1871,72,2025-01-22 04:18:55.0,0.00,39.47,14.91,COMPLETED,2025-07-09 00:49:11.0
1870,71,2025-12-15 01:46:36.0,0.00,26.87,23.27,CANCELLED,2025-04-18 14:37:00.0
1869,70,2026-01-10 11:37:03.0,0.00,17.43,2.30,COMPLETED,2025-08-13 00:44:15.0
1868,69,2025-07-15 16:53:17.0,0.00,36.42,3.20,COMPLETED,2025-04-04 21:13:06.0
1867,68,2025-08-19 17:26:35.0,0.00,16.98,29.37,COMPLETED,2025-03-30 15:57:13.0
1866,67,2025-04-19 06:21:43.0,0.00,49.46,9.94,COMPLETED,2025-10-25 07:58:42.0
1865,66,2025-12-29 05:24:15.0,0.00,39.69,9.68,PENDING,2025-11-06 23:10:44.0
1864,65,2025-07-24 13:39:22.0,0.00,40.82,19.16,COMPLETED,2025-04-15 03:10:40.0
1863,64,2025-02-24 19:08:53.0,0.00,21.74,11.64,COMPLETED,2026-01-07 09:48:16.0
1862,63,2025-05-05 03:50:49.0,0.00,23.92,28.13,COMPLETED,2025-01-30 06:29:53.0
1861,62,2025-12-03 17:58:44.0,0.00,23.55,29.47,COMPLETED,2025-03-22 08:21:28.0
1860,61,2025-07-17 10:15:59.0,0.00,47.42,12.79,CANCELLED,2025-01-31 06:33:25.0
1859,60,2025-11-12 04:27:50.0,0.00,7.55,9.02,COMPLETED,2025-02-16 08:28:58.0
1858,59,2025-12-28 08:05:58.0,0.00,42.69,25.04,COMPLETED,2025-02-20 02:46:36.0
1857,58,2025-03-07 16:24:15.0,0.00,32.23,12.58,COMPLETED,2025-07-27 18:59:47.0
1856,57,2025-04-23 17:49:36.0,0.00,34.64,16.97,COMPLETED,2025-03-22 23:17:36.0
1855,56,2025-05-15 00:10:31.0,0.00,31.75,9.54,PENDING,2025-10-21 02:31:28.0
1854,55,2025-09-26 02:37:23.0,0.00,29.97,9.46,COMPLETED,2025-11-28 21:50:00.0
1853,54,2025-12-26 00:27:01.0,0.00,20.52,29.70,COMPLETED,2025-12-18 07:29:31.0
1852,53,2025-11-22 12:00:55.0,0.00,45.51,5.61,COMPLETED,2025-08-16 10:02:33.0
1851,52,2025-02-21 07:42:34.0,0.00,24.58,11.78,COMPLETED,2025-03-14 23:13:52.0
1850,51,2025-09-29 12:54:49.0,0.00,41.66,8.11,CANCELLED,2025-03-22 20:04:00.0
1849,50,2025-09-30 03:15:31.0,0.00,18.07,3.25,COMPLETED,2025-11-24 03:18:01.0
1848,49,2025-07-09 02:40:14.0,0.00,11.27,4.73,COMPLETED,2025-03-23 08:04:58.0
1847,48,2025-02-18 03:02:33.0,0.00,39.44,13.25,COMPLETED,2025-02-15 02:08:52.0
1846,47,2025-04-08 17:24:13.0,0.00,31.67,23.73,COMPLETED,2025-01-15 09:13:44.0
1845,46,2026-01-11 16:00:11.0,0.00,38.05,20.86,PENDING,2025-08-05 02:30:12.0
1844,45,2025-11-10 03:01:07.0,0.00,15.26,18.18,COMPLETED,2026-01-07 03:34:15.0
1843,44,2025-07-05 16:58:14.0,0.00,30.40,16.30,COMPLETED,2025-10-09 06:32:58.0
1842,43,2025-04-27 20:47:22.0,0.00,31.39,16.37,COMPLETED,2025-04-18 23:10:17.0
1841,42,2025-10-24 15:43:36.0,0.00,45.58,5.98,COMPLETED,2025-08-26 10:16:25.0
1840,41,2025-09-24 11:01:27.0,0.00,36.78,23.36,CANCELLED,2025-09-27 03:55:25.0
1839,40,2025-08-17 14:58:31.0,0.00,19.16,20.14,COMPLETED,2025-06-27 09:41:34.0
1838,39,2025-05-17 17:08:54.0,0.00,46.09,9.93,COMPLETED,2025-11-21 17:39:20.0
1837,38,2025-09-30 00:01:55.0,0.00,19.84,27.31,COMPLETED,2025-12-04 03:58:09.0
1836,37,2025-08-12 03:26:47.0,0.00,36.64,9.26,COMPLETED,2025-07-12 12:03:24.0
1835,36,2025-06-11 13:17:32.0,0.00,22.37,4.44,PENDING,2025-05-05 03:08:00.0
1834,35,2025-06-05 12:03:34.0,0.00,41.44,11.67,COMPLETED,2025-03-15 17:07:57.0
1833,34,2025-06-12 15:11:21.0,0.00,31.48,4.06,COMPLETED,2025-02-28 13:11:29.0
1832,33,2025-04-03 06:17:27.0,0.00,43.42,9.26,COMPLETED,2025-05-24 17:08:23.0
1831,32,2025-04-23 00:28:30.0,0.00,35.30,24.98,COMPLETED,2025-06-17 06:27:19.0
1830,31,2025-03-13 00:02:20.0,0.00,26.24,28.35,CANCELLED,2025-12-12 15:02:19.0
1829,30,2025-11-20 06:48:54.0,0.00,11.27,13.93,COMPLETED,2025-03-15 12:29:50.0
1828,29,2025-04-05 19:09:00.0,0.00,45.71,7.33,COMPLETED,2025-05-04 03:55:50.0
1827,28,2025-04-30 09:40:13.0,0.00,33.43,24.10,COMPLETED,2025-09-26 15:00:44.0
1826,27,2025-04-09 00:20:16.0,0.00,25.23,13.22,COMPLETED,2025-11-26 07:28:57.0
1825,26,2025-08-14 14:06:59.0,0.00,38.02,15.14,PENDING,2025-12-13 06:10:16.0
1824,25,2025-10-07 00:51:58.0,0.00,13.45,29.13,COMPLETED,2025-10-24 00:27:22.0
1823,24,2025-09-04 02:10:38.0,0.00,11.70,26.63,COMPLETED,2025-12-16 22:47:22.0
1822,23,2025-02-12 04:55:09.0,0.00,28.30,15.06,COMPLETED,2025-06-12 21:05:39.0
1821,22,2025-11-28 04:23:53.0,0.00,48.18,18.09,COMPLETED,2025-03-19 23:23:42.0
1820,21,2025-12-04 09:47:22.0,0.00,12.13,12.26,CANCELLED,2025-10-18 10:52:33.0
1819,20,2025-10-22 23:57:33.0,0.00,43.46,3.93,COMPLETED,2026-01-05 02:40:53.0
1818,19,2025-09-23 02:31:31.0,0.00,31.74,26.62,COMPLETED,2025-12-21 02:16:36.0
1817,18,2025-04-23 09:47:49.0,0.00,31.05,23.90,COMPLETED,2025-04-13 18:01:16.0
1816,17,2025-02-14 04:30:49.0,0.00,19.52,29.63,COMPLETED,2025-09-05 14:26:36.0
1815,16,2025-06-18 20:28:06.0,0.00,13.44,16.94,PENDING,2025-05-30 10:32:30.0
1814,15,2025-11-05 02:09:31.0,0.00,32.74,15.97,COMPLETED,2025-01-20 20:09:46.0
1813,14,2025-02-17 04:27:33.0,0.00,43.37,16.40,COMPLETED,2025-04-05 17:42:48.0
1812,13,2025-04-05 00:34:54.0,0.00,12.73,17.42,COMPLETED,2025-09-04 05:56:13.0
1811,12,2025-07-16 11:35:42.0,0.00,42.66,28.39,COMPLETED,2025-04-20 12:04:19.0
1810,11,2025-11-15 15:12:42.0,0.00,47.58,6.81,CANCELLED,2025-06-03 00:01:22.0
1809,10,2026-01-06 21:33:43.0,0.00,12.73,18.37,COMPLETED,2025-10-10 13:26:16.0
1808,9,2025-05-27 18:10:21.0,0.00,18.63,1.04,COMPLETED,2025-07-13 10:51:58.0
1807,8,2025-09-14 03:21:09.0,0.00,17.28,13.43,COMPLETED,2025-03-22 10:27:16.0
1806,7,2025-10-15 23:02:08.0,0.00,47.14,18.18,COMPLETED,2026-01-02 04:07:29.0
1805,6,2025-06-20 11:37:03.0,0.00,22.46,27.40,PENDING,2025-09-01 12:31:29.0
1804,5,2025-06-10 23:44:43.0,0.00,21.24,12.42,COMPLETED,2025-10-07 03:27:42.0
1803,4,2025-09-11 13:49:02.0,0.00,29.97,29.41,COMPLETED,2025-07-03 19:13:13.0
1802,3,2025-01-16 13:18:18.0,0.00,32.49,10.32,COMPLETED,2025-07-20 21:36:26.0
1801,2,2025-05-21 13:44:47.0,0.00,18.44,23.01,COMPLETED,2025-04-20 04:20:11.0
1800,1,2025-07-03 15:36:49.0,0.00,16.36,1.70,CANCELLED,2025-07-19 14:52:43.0
1799,300,2025-03-30 15:15:19.0,0.00,28.29,28.32,COMPLETED,2025-11-13 22:27:59.0
1798,299,2025-11-22 09:15:45.0,0.00,23.73,23.56,COMPLETED,2025-09-26 12:40:41.0
1797,298,2025-10-04 07:08:29.0,0.00,47.33,25.85,COMPLETED,2025-08-15 05:00:36.0
1796,297,2025-10-07 21:04:07.0,0.00,29.71,19.12,COMPLETED,2025-04-26 22:07:01.0
1795,296,2025-03-07 18:03:20.0,0.00,37.30,12.97,PENDING,2025-03-04 12:29:47.0
1794,295,2025-10-01 15:46:37.0,0.00,22.09,9.09,COMPLETED,2025-07-09 15:03:00.0
1793,294,2025-10-18 09:48:19.0,0.00,41.63,10.59,COMPLETED,2025-10-08 18:47:52.0
1792,293,2025-10-23 00:11:54.0,0.00,42.26,5.60,COMPLETED,2025-09-27 14:10:06.0
1791,292,2025-01-16 17:15:22.0,0.00,33.18,16.40,COMPLETED,2025-07-16 03:36:40.0
1790,291,2025-10-08 19:05:16.0,0.00,6.98,22.34,CANCELLED,2025-05-11 10:48:12.0
1789,290,2025-05-29 00:29:15.0,0.00,32.94,5.12,COMPLETED,2025-12-01 14:04:22.0
1788,289,2025-08-01 09:29:44.0,0.00,32.58,10.63,COMPLETED,2025-03-25 04:40:45.0
1787,288,2025-10-14 02:00:33.0,0.00,42.58,29.07,COMPLETED,2025-07-16 17:02:55.0
1786,287,2025-02-04 19:12:14.0,0.00,36.62,3.72,COMPLETED,2025-04-22 09:42:01.0
1785,286,2025-09-23 16:21:28.0,0.00,12.45,29.61,PENDING,2025-08-03 15:08:14.0
1784,285,2025-11-19 06:51:29.0,0.00,9.38,20.73,COMPLETED,2025-12-07 02:31:14.0
1783,284,2025-12-11 18:33:55.0,0.00,34.49,24.16,COMPLETED,2025-04-18 04:37:23.0
1782,283,2025-08-15 23:56:12.0,0.00,34.41,7.29,COMPLETED,2025-03-21 01:21:04.0
1781,282,2025-10-08 09:58:36.0,0.00,5.88,22.75,COMPLETED,2025-02-12 18:43:20.0
1780,281,2025-09-16 20:31:47.0,0.00,31.14,9.29,CANCELLED,2025-06-26 19:11:10.0
1779,280,2025-01-17 18:44:47.0,0.00,8.24,25.00,COMPLETED,2025-02-24 17:41:39.0
1778,279,2025-09-08 17:41:20.0,0.00,10.74,5.28,COMPLETED,2025-12-22 22:15:06.0
1777,278,2025-06-12 13:10:26.0,0.00,20.15,25.00,COMPLETED,2025-03-31 05:55:32.0
1776,277,2025-05-01 11:04:20.0,0.00,32.47,24.98,COMPLETED,2025-02-12 19:56:07.0
1775,276,2025-06-29 15:38:18.0,0.00,32.41,26.26,PENDING,2025-10-23 06:14:14.0
1774,275,2025-11-11 17:27:17.0,0.00,44.20,10.48,COMPLETED,2025-04-03 02:14:11.0
1773,274,2025-04-18 11:53:23.0,0.00,12.99,1.22,COMPLETED,2025-12-13 16:54:51.0
1772,273,2025-12-07 18:23:02.0,0.00,41.55,17.10,COMPLETED,2025-12-30 15:35:22.0
1771,272,2025-07-10 10:16:56.0,0.00,48.59,10.80,COMPLETED,2025-11-02 09:17:27.0
1770,271,2025-12-30 14:29:13.0,0.00,29.28,8.84,CANCELLED,2025-04-10 06:35:38.0
1769,270,2025-10-04 06:38:55.0,0.00,26.56,23.75,COMPLETED,2025-06-17 18:13:07.0
1768,269,2025-04-15 22:12:12.0,0.00,29.33,10.47,COMPLETED,2025-08-07 15:47:39.0
1767,268,2025-03-24 04:13:56.0,0.00,8.94,1.35,COMPLETED,2025-05-15 01:09:02.0
1766,267,2025-04-01 20:14:45.0,0.00,28.04,1.75,COMPLETED,2025-10-14 00:40:45.0
1765,266,2025-06-28 08:54:19.0,0.00,5.92,22.28,PENDING,2025-05-28 03:37:50.0
1764,265,2025-04-13 12:22:28.0,0.00,41.31,25.86,COMPLETED,2025-08-25 16:38:52.0
1763,264,2025-05-24 10:13:22.0,0.00,9.94,17.02,COMPLETED,2025-10-12 18:04:42.0
1762,263,2025-07-23 04:58:12.0,0.00,12.37,9.23,COMPLETED,2025-08-23 01:01:05.0
1761,262,2025-01-23 18:56:24.0,0.00,25.44,18.32,COMPLETED,2025-10-30 16:28:46.0
1760,261,2025-09-26 17:36:14.0,0.00,34.64,25.51,CANCELLED,2025-12-15 16:47:54.0
1759,260,2025-07-18 03:37:12.0,0.00,37.38,13.86,COMPLETED,2025-08-28 19:36:26.0
1758,259,2025-08-04 17:51:08.0,0.00,18.15,28.70,COMPLETED,2025-11-12 00:30:17.0
1757,258,2025-11-29 17:18:25.0,0.00,23.11,13.08,COMPLETED,2025-12-12 22:40:40.0
1756,257,2025-12-08 10:11:04.0,0.00,44.27,8.42,COMPLETED,2025-02-27 07:08:24.0
1755,256,2025-07-28 17:47:24.0,0.00,41.99,26.58,PENDING,2025-06-15 11:53:17.0
1754,255,2025-08-31 04:28:57.0,0.00,8.98,21.17,COMPLETED,2025-10-14 03:35:50.0
1753,254,2025-04-11 17:59:41.0,0.00,9.05,19.67,COMPLETED,2025-05-26 13:36:07.0
1752,253,2025-11-05 06:42:51.0,0.00,27.21,17.15,COMPLETED,2025-03-07 08:16:37.0
1751,252,2025-10-08 20:16:36.0,0.00,11.43,18.52,COMPLETED,2025-05-21 15:52:09.0
1750,251,2025-11-17 04:49:47.0,0.00,44.65,16.98,CANCELLED,2025-01-21 10:28:50.0
1749,250,2025-02-08 04:09:50.0,0.00,41.87,7.61,COMPLETED,2025-01-24 05:33:15.0
1748,249,2025-03-15 08:55:58.0,0.00,22.49,14.58,COMPLETED,2025-12-31 07:46:20.0
1747,248,2025-09-18 19:44:22.0,0.00,44.72,24.50,COMPLETED,2025-01-27 19:46:49.0
1746,247,2025-11-05 09:49:45.0,0.00,41.16,3.95,COMPLETED,2025-01-17 17:03:15.0
1745,246,2025-02-17 01:09:50.0,0.00,20.67,4.35,PENDING,2025-03-29 14:50:27.0
1744,245,2025-02-08 14:47:02.0,0.00,30.27,22.50,COMPLETED,2025-01-22 15:52:29.0
1743,244,2025-02-01 23:54:43.0,0.00,18.59,6.07,COMPLETED,2025-08-03 22:06:09.0
1742,243,2025-04-15 23:53:28.0,0.00,36.89,12.73,COMPLETED,2025-10-24 06:30:07.0
1741,242,2025-02-08 04:47:37.0,0.00,31.07,1.34,COMPLETED,2025-02-11 21:21:45.0
1740,241,2025-08-03 00:42:31.0,0.00,30.49,29.61,CANCELLED,2025-04-30 21:59:24.0
1739,240,2025-02-01 04:02:56.0,0.00,23.47,29.27,COMPLETED,2025-03-09 17:43:10.0
1738,239,2025-04-25 22:01:16.0,0.00,33.21,22.81,COMPLETED,2025-06-15 08:52:28.0
1737,238,2026-01-01 07:30:16.0,0.00,48.28,29.08,COMPLETED,2025-11-15 22:26:21.0
1736,237,2025-10-23 02:35:56.0,0.00,25.12,14.82,COMPLETED,2025-09-14 21:49:11.0
1735,236,2025-12-05 23:54:52.0,0.00,20.81,24.42,PENDING,2025-09-22 22:41:41.0
1734,235,2025-07-09 16:00:26.0,0.00,17.03,12.66,COMPLETED,2025-04-10 08:12:51.0
1733,234,2025-12-29 09:56:28.0,0.00,45.88,27.33,COMPLETED,2025-01-28 00:38:20.0
1732,233,2025-12-16 13:45:20.0,0.00,30.26,2.49,COMPLETED,2025-07-07 07:16:38.0
1731,232,2025-02-03 05:18:22.0,0.00,47.49,12.02,COMPLETED,2025-01-29 19:15:41.0
1730,231,2025-10-24 16:26:22.0,0.00,26.70,3.46,CANCELLED,2025-08-16 00:11:50.0
1729,230,2025-12-01 03:31:25.0,0.00,31.83,15.34,COMPLETED,2025-03-03 04:52:52.0
1728,229,2025-08-18 02:17:28.0,0.00,26.58,9.89,COMPLETED,2025-05-24 05:22:18.0
1727,228,2025-05-15 08:59:04.0,0.00,5.99,20.47,COMPLETED,2025-12-25 11:16:59.0
1726,227,2025-04-06 00:53:59.0,0.00,44.87,15.94,COMPLETED,2025-07-27 08:25:26.0
1725,226,2025-05-26 00:30:15.0,0.00,5.24,1.88,PENDING,2026-01-06 03:34:43.0
1724,225,2025-02-05 02:56:08.0,0.00,15.68,16.71,COMPLETED,2025-09-10 22:14:38.0
1723,224,2025-10-27 15:13:55.0,0.00,24.60,14.55,COMPLETED,2025-12-07 03:21:58.0
1722,223,2025-02-18 17:20:22.0,0.00,38.53,5.08,COMPLETED,2025-03-15 00:10:41.0
1721,222,2025-12-08 20:09:55.0,0.00,8.69,20.72,COMPLETED,2025-04-12 07:17:16.0
1720,221,2025-11-05 20:40:30.0,0.00,33.27,22.82,CANCELLED,2025-02-05 23:32:33.0
1719,220,2025-02-25 03:42:33.0,0.00,6.54,26.46,COMPLETED,2025-02-23 02:31:54.0
1718,219,2026-01-06 13:15:42.0,0.00,42.69,1.56,COMPLETED,2025-04-29 03:00:44.0
1717,218,2025-11-01 05:54:04.0,0.00,27.89,14.83,COMPLETED,2025-10-03 06:44:04.0
1716,217,2025-01-26 08:28:40.0,0.00,26.39,10.91,COMPLETED,2025-10-13 19:32:22.0
1715,216,2025-06-28 06:08:32.0,0.00,6.59,27.57,PENDING,2025-04-19 11:30:23.0
1714,215,2025-03-04 11:32:38.0,0.00,40.00,22.09,COMPLETED,2025-08-31 05:33:32.0
1713,214,2025-06-15 01:39:03.0,0.00,33.44,5.18,COMPLETED,2025-04-03 06:44:57.0
1712,213,2026-01-12 11:15:10.0,0.00,47.15,26.13,COMPLETED,2025-03-26 03:04:06.0
1711,212,2025-11-22 13:16:43.0,0.00,10.78,16.33,COMPLETED,2025-04-14 09:21:46.0
1710,211,2025-11-24 15:49:27.0,0.00,25.86,26.98,CANCELLED,2025-09-28 16:44:27.0
1709,210,2025-09-29 14:58:18.0,0.00,12.96,16.06,COMPLETED,2025-04-22 03:09:44.0
1708,209,2025-02-21 16:40:47.0,0.00,10.57,1.52,COMPLETED,2025-04-07 07:39:11.0
1707,208,2025-09-05 18:49:39.0,0.00,25.90,28.20,COMPLETED,2025-02-19 23:17:39.0
1706,207,2025-02-23 12:12:53.0,0.00,16.26,23.09,COMPLETED,2025-02-01 18:59:53.0
1705,206,2025-06-19 10:40:10.0,0.00,39.00,15.67,PENDING,2025-11-27 18:37:56.0
1704,205,2025-11-21 11:50:46.0,0.00,29.92,28.31,COMPLETED,2025-04-22 23:21:41.0
1703,204,2025-01-28 01:30:12.0,0.00,6.02,29.69,COMPLETED,2025-04-16 00:25:18.0
1702,203,2025-03-11 15:45:45.0,0.00,42.89,14.27,COMPLETED,2025-06-19 02:09:23.0
1701,202,2026-01-07 07:40:02.0,0.00,8.66,3.82,COMPLETED,2026-01-06 05:48:05.0
1700,201,2025-02-21 15:28:12.0,0.00,32.61,1.47,CANCELLED,2025-04-04 05:13:50.0
1699,200,2025-10-19 13:20:06.0,0.00,42.19,4.66,COMPLETED,2026-01-06 12:37:29.0
1698,199,2025-06-05 18:27:09.0,0.00,25.13,29.85,COMPLETED,2025-11-23 07:24:49.0
1697,198,2025-09-14 12:10:23.0,0.00,10.32,5.03,COMPLETED,2025-04-03 08:20:31.0
1696,197,2025-02-24 08:20:07.0,0.00,18.20,1.18,COMPLETED,2025-09-16 13:35:04.0
1695,196,2025-04-12 20:55:18.0,0.00,14.35,3.30,PENDING,2025-07-14 12:01:10.0
1694,195,2026-01-11 04:45:36.0,0.00,17.59,4.12,COMPLETED,2025-10-18 01:23:45.0
1693,194,2025-04-28 02:35:56.0,0.00,28.77,10.81,COMPLETED,2025-02-11 19:19:53.0
1692,193,2025-07-07 21:06:57.0,0.00,24.84,8.40,COMPLETED,2025-05-31 05:29:33.0
1691,192,2025-08-21 08:07:27.0,0.00,25.32,18.88,COMPLETED,2025-04-24 07:02:21.0
1690,191,2025-03-05 13:01:20.0,0.00,43.28,16.88,CANCELLED,2025-06-02 09:25:49.0
1689,190,2025-03-22 02:10:14.0,0.00,38.89,28.35,COMPLETED,2025-07-19 03:06:01.0
1688,189,2026-01-07 21:58:38.0,0.00,30.39,22.30,COMPLETED,2025-10-25 04:06:47.0
1687,188,2025-12-19 23:34:03.0,0.00,26.92,22.55,COMPLETED,2025-11-09 11:34:26.0
1686,187,2025-07-15 12:26:41.0,0.00,25.36,11.39,COMPLETED,2025-08-22 14:45:45.0
1685,186,2025-04-17 20:13:30.0,0.00,40.23,7.09,PENDING,2025-08-19 12:58:14.0
1684,185,2025-02-11 16:15:21.0,0.00,39.05,27.10,COMPLETED,2025-08-28 04:14:59.0
1683,184,2025-07-11 08:20:59.0,0.00,30.99,6.08,COMPLETED,2025-05-20 23:53:40.0
1682,183,2025-07-19 10:58:41.0,0.00,19.48,17.21,COMPLETED,2025-04-01 07:43:44.0
1681,182,2025-11-10 22:45:52.0,0.00,17.08,14.48,COMPLETED,2025-02-18 08:26:32.0
1680,181,2025-08-12 03:49:21.0,0.00,29.84,27.72,CANCELLED,2025-04-27 23:42:43.0
1679,180,2025-02-26 06:12:12.0,0.00,46.89,10.23,COMPLETED,2025-02-06 02:20:42.0
1678,179,2025-03-26 11:43:09.0,0.00,39.31,16.69,COMPLETED,2025-02-27 16:36:04.0
1677,178,2025-12-04 22:00:59.0,0.00,41.88,9.02,COMPLETED,2025-01-26 09:15:23.0
1676,177,2026-01-12 13:03:29.0,0.00,29.25,9.46,COMPLETED,2025-04-11 02:53:25.0
1675,176,2025-12-27 02:17:05.0,0.00,29.61,9.37,PENDING,2025-12-29 01:04:19.0
1674,175,2025-04-13 04:41:15.0,0.00,25.77,19.64,COMPLETED,2026-01-05 10:06:47.0
1673,174,2025-07-10 05:29:42.0,0.00,11.07,5.90,COMPLETED,2025-03-25 03:42:24.0
1672,173,2025-06-08 22:11:14.0,0.00,38.11,27.43,COMPLETED,2025-07-21 14:06:42.0
1671,172,2025-10-06 03:10:10.0,0.00,46.50,15.68,COMPLETED,2025-10-15 21:38:56.0
1670,171,2025-05-21 07:46:19.0,0.00,22.19,14.48,CANCELLED,2025-11-23 01:49:58.0
1669,170,2025-04-18 02:22:49.0,0.00,48.33,9.38,COMPLETED,2025-11-24 23:42:47.0
1668,169,2025-11-20 00:41:26.0,0.00,6.16,20.69,COMPLETED,2025-06-30 22:08:16.0
1667,168,2025-10-31 15:09:10.0,0.00,6.71,3.89,COMPLETED,2025-05-18 10:23:47.0
1666,167,2025-09-12 01:05:37.0,0.00,35.89,19.58,COMPLETED,2025-08-05 18:50:33.0
1665,166,2025-06-06 10:22:03.0,0.00,48.13,13.31,PENDING,2025-12-17 00:46:04.0
1664,165,2025-09-19 22:25:13.0,0.00,23.96,9.63,COMPLETED,2025-08-19 16:52:04.0
1663,164,2026-01-05 21:26:45.0,0.00,11.49,16.39,COMPLETED,2025-11-22 02:25:22.0
1662,163,2025-02-21 21:19:02.0,0.00,48.88,25.94,COMPLETED,2025-04-13 13:55:58.0
1661,162,2025-03-20 15:53:46.0,0.00,5.36,13.97,COMPLETED,2025-05-28 07:24:00.0
1660,161,2025-07-25 23:32:56.0,0.00,8.06,24.80,CANCELLED,2025-10-30 22:51:00.0
1659,160,2025-02-28 00:40:48.0,0.00,29.94,21.60,COMPLETED,2025-12-09 05:42:42.0
1658,159,2025-02-08 20:09:52.0,0.00,12.98,13.71,COMPLETED,2025-07-11 07:01:45.0
1657,158,2025-11-30 01:19:21.0,0.00,10.72,12.36,COMPLETED,2025-09-02 08:24:22.0
1656,157,2025-10-16 23:19:54.0,0.00,35.37,16.13,COMPLETED,2025-04-28 22:40:43.0
1655,156,2025-04-26 03:10:38.0,0.00,37.99,15.95,PENDING,2025-05-18 05:37:42.0
1654,155,2025-11-05 07:46:59.0,0.00,8.59,6.95,COMPLETED,2025-07-23 15:41:50.0
1653,154,2025-06-21 15:05:54.0,0.00,34.12,10.50,COMPLETED,2026-01-11 06:23:09.0
1652,153,2025-11-21 01:32:21.0,0.00,12.20,8.20,COMPLETED,2025-11-26 05:47:13.0
1651,152,2025-10-02 12:28:52.0,0.00,26.54,17.44,COMPLETED,2025-12-21 20:57:00.0
1650,151,2025-02-19 00:01:37.0,0.00,33.84,27.08,CANCELLED,2025-06-13 11:41:40.0
1649,150,2025-12-31 07:41:29.0,0.00,17.87,19.23,COMPLETED,2025-03-01 09:11:38.0
1648,149,2025-08-04 20:33:10.0,0.00,41.58,23.33,COMPLETED,2025-08-26 01:05:20.0
1647,148,2025-05-25 04:41:15.0,0.00,12.75,20.73,COMPLETED,2025-08-04 15:39:43.0
1646,147,2025-02-01 01:06:30.0,0.00,18.93,24.77,COMPLETED,2025-05-06 17:12:42.0
1645,146,2025-10-21 15:29:02.0,0.00,22.88,29.63,PENDING,2025-05-21 07:37:37.0
1644,145,2025-07-28 05:18:54.0,0.00,17.95,9.06,COMPLETED,2025-03-08 17:56:36.0
1643,144,2025-05-11 11:55:23.0,0.00,42.54,15.45,COMPLETED,2025-07-07 18:54:34.0
1642,143,2025-10-26 06:00:41.0,0.00,24.28,27.24,COMPLETED,2025-11-23 17:35:54.0
1641,142,2025-03-14 07:56:44.0,0.00,29.61,2.53,COMPLETED,2025-12-17 11:02:47.0
1640,141,2025-12-24 02:12:47.0,0.00,44.55,8.54,CANCELLED,2025-07-09 09:30:12.0
1639,140,2025-02-18 11:14:20.0,0.00,12.49,20.13,COMPLETED,2025-05-11 03:10:40.0
1638,139,2025-06-09 12:34:15.0,0.00,43.58,26.58,COMPLETED,2025-08-21 14:46:51.0
1637,138,2025-02-15 20:42:26.0,0.00,25.11,29.43,COMPLETED,2025-12-26 14:48:57.0
1636,137,2025-05-19 00:07:07.0,0.00,26.25,22.35,COMPLETED,2025-04-10 14:30:41.0
1635,136,2025-06-27 14:04:45.0,0.00,26.95,7.77,PENDING,2025-06-24 10:03:24.0
1634,135,2025-08-24 10:23:04.0,0.00,30.36,17.04,COMPLETED,2025-10-12 01:40:37.0
1633,134,2025-04-01 02:54:32.0,0.00,26.27,15.86,COMPLETED,2026-01-11 23:28:15.0
1632,133,2025-12-24 15:59:31.0,0.00,9.17,13.39,COMPLETED,2025-08-11 17:22:16.0
1631,132,2025-02-03 18:10:20.0,0.00,40.18,13.10,COMPLETED,2025-02-04 17:40:34.0
1630,131,2025-03-04 15:43:36.0,0.00,49.60,17.00,CANCELLED,2025-07-08 23:19:13.0
1629,130,2025-06-12 00:27:17.0,0.00,13.51,18.43,COMPLETED,2025-02-03 22:44:57.0
1628,129,2025-05-08 21:35:51.0,0.00,34.36,26.39,COMPLETED,2025-05-21 07:34:14.0
1627,128,2025-04-23 03:31:49.0,0.00,21.38,1.99,COMPLETED,2025-12-25 13:21:29.0
1626,127,2025-05-30 08:07:18.0,0.00,48.27,14.09,COMPLETED,2025-03-14 08:50:32.0
1625,126,2025-07-31 17:32:40.0,0.00,10.42,22.73,PENDING,2025-04-25 21:19:05.0
1624,125,2025-11-06 20:01:30.0,0.00,32.27,9.87,COMPLETED,2025-09-01 16:33:04.0
1623,124,2025-11-11 10:59:33.0,0.00,37.41,25.53,COMPLETED,2025-12-29 23:27:16.0
1622,123,2025-03-01 09:23:42.0,0.00,5.17,18.30,COMPLETED,2025-12-12 11:43:31.0
1621,122,2025-07-04 19:04:57.0,0.00,13.26,14.15,COMPLETED,2025-11-07 06:19:57.0
1620,121,2025-08-28 12:17:06.0,0.00,24.21,4.25,CANCELLED,2025-04-27 02:26:50.0
1619,120,2025-01-24 20:45:44.0,0.00,35.03,21.98,COMPLETED,2025-03-30 06:38:55.0
1618,119,2025-04-12 18:35:14.0,0.00,25.10,23.82,COMPLETED,2025-12-21 11:58:28.0
1617,118,2025-09-09 09:15:49.0,0.00,15.01,28.14,COMPLETED,2025-08-27 22:33:49.0
1616,117,2025-12-18 10:17:24.0,0.00,43.68,12.44,COMPLETED,2025-07-27 11:09:03.0
1615,116,2025-11-29 09:25:27.0,0.00,23.30,22.34,PENDING,2025-08-13 17:19:53.0
1614,115,2025-05-12 22:00:32.0,0.00,16.57,16.68,COMPLETED,2025-11-15 22:38:34.0
1613,114,2025-03-03 09:00:57.0,0.00,7.70,19.58,COMPLETED,2025-10-17 00:09:09.0
1612,113,2025-01-26 23:40:00.0,0.00,13.03,6.06,COMPLETED,2025-08-23 21:26:14.0
1611,112,2026-01-05 04:13:24.0,0.00,15.41,6.35,COMPLETED,2025-08-31 00:50:47.0
1610,111,2025-01-25 10:06:01.0,0.00,19.61,7.14,CANCELLED,2025-03-12 23:53:28.0
1609,110,2025-01-26 23:14:13.0,0.00,39.42,29.55,COMPLETED,2025-08-10 02:40:56.0
1608,109,2025-07-11 05:15:34.0,0.00,32.68,14.43,COMPLETED,2025-08-06 14:27:54.0
1607,108,2025-03-09 14:22:03.0,0.00,26.05,16.75,COMPLETED,2025-10-27 16:31:17.0
1606,107,2025-03-17 03:55:04.0,0.00,13.96,8.32,COMPLETED,2025-04-25 02:19:03.0
1605,106,2025-12-29 04:41:13.0,0.00,38.24,15.00,PENDING,2025-09-06 09:33:16.0
1604,105,2025-08-16 09:23:56.0,0.00,24.40,7.82,COMPLETED,2025-02-02 06:48:29.0
1603,104,2025-07-14 08:50:58.0,0.00,31.10,7.90,COMPLETED,2025-07-11 23:39:41.0
1602,103,2025-02-16 09:00:29.0,0.00,25.46,12.49,COMPLETED,2025-01-29 14:05:41.0
1601,102,2025-09-22 05:12:40.0,0.00,34.45,26.04,COMPLETED,2025-07-06 05:48:15.0
1600,101,2025-08-15 17:10:14.0,0.00,26.33,1.14,CANCELLED,2025-03-20 21:19:25.0
1599,100,2025-09-07 13:41:10.0,0.00,10.77,17.74,COMPLETED,2025-09-30 04:43:49.0
1598,99,2025-01-28 12:23:00.0,0.00,28.98,28.36,COMPLETED,2025-10-21 21:30:55.0
1597,98,2025-09-11 11:58:39.0,0.00,24.85,29.80,COMPLETED,2025-05-11 13:25:38.0
1596,97,2025-07-07 14:36:36.0,0.00,28.11,27.92,COMPLETED,2025-10-12 02:47:57.0
1595,96,2025-11-27 06:11:23.0,0.00,18.93,27.13,PENDING,2025-07-29 04:07:44.0
1594,95,2025-03-27 20:17:12.0,0.00,6.62,18.70,COMPLETED,2025-05-23 06:18:33.0
1593,94,2025-08-30 09:34:02.0,0.00,37.47,26.82,COMPLETED,2025-10-11 20:55:45.0
1592,93,2025-08-22 18:06:26.0,0.00,18.32,8.42,COMPLETED,2026-01-04 00:04:26.0
1591,92,2025-06-05 15:46:00.0,0.00,31.96,22.61,COMPLETED,2025-03-25 11:30:40.0
1590,91,2025-01-18 05:59:14.0,0.00,45.37,15.58,CANCELLED,2025-01-21 01:23:43.0
1589,90,2025-03-17 04:50:27.0,0.00,13.63,20.68,COMPLETED,2025-04-04 22:24:08.0
1588,89,2025-04-24 06:27:12.0,0.00,44.23,25.48,COMPLETED,2025-04-14 05:03:43.0
1587,88,2025-08-03 08:41:32.0,0.00,31.46,23.15,COMPLETED,2025-06-05 12:28:21.0
1586,87,2025-02-21 07:33:33.0,0.00,10.24,7.33,COMPLETED,2025-01-21 00:34:22.0
1585,86,2025-06-01 02:41:04.0,0.00,38.78,12.10,PENDING,2025-04-07 03:36:14.0
1584,85,2025-05-07 04:22:33.0,0.00,7.82,1.87,COMPLETED,2025-01-27 07:59:38.0
1583,84,2025-08-10 18:53:40.0,0.00,11.62,23.11,COMPLETED,2025-10-26 06:41:52.0
1582,83,2025-04-19 18:36:41.0,0.00,34.16,20.41,COMPLETED,2025-11-09 15:08:19.0
1581,82,2025-11-01 18:33:11.0,0.00,29.30,16.82,COMPLETED,2025-09-28 04:36:29.0
1580,81,2025-09-03 10:18:22.0,0.00,35.74,24.72,CANCELLED,2025-05-28 12:29:26.0
1579,80,2025-08-18 18:19:31.0,0.00,32.97,10.82,COMPLETED,2025-11-30 10:51:37.0
1578,79,2025-12-01 04:04:16.0,0.00,19.87,8.71,COMPLETED,2025-09-28 07:52:07.0
1577,78,2025-06-25 03:26:13.0,0.00,25.73,25.26,COMPLETED,2025-07-04 03:53:04.0
1576,77,2025-12-29 00:43:35.0,0.00,20.30,7.61,COMPLETED,2025-09-16 02:13:36.0
1575,76,2025-06-25 07:26:41.0,0.00,17.99,19.74,PENDING,2025-08-25 11:38:37.0
1574,75,2025-10-14 23:06:08.0,0.00,6.85,2.57,COMPLETED,2025-10-26 21:34:36.0
1573,74,2025-06-17 03:11:00.0,0.00,42.12,8.23,COMPLETED,2025-05-23 05:04:15.0
1572,73,2025-05-19 20:28:07.0,0.00,30.37,25.67,COMPLETED,2025-02-09 23:34:35.0
1571,72,2025-08-17 01:29:34.0,0.00,12.18,27.50,COMPLETED,2025-03-08 05:25:05.0
1570,71,2025-11-10 02:54:26.0,0.00,20.70,25.21,CANCELLED,2025-05-01 17:03:33.0
1569,70,2025-05-31 04:37:47.0,0.00,11.18,15.53,COMPLETED,2025-08-28 17:32:46.0
1568,69,2025-12-27 02:26:30.0,0.00,36.29,18.23,COMPLETED,2025-07-31 05:52:36.0
1567,68,2025-12-24 06:14:35.0,0.00,21.79,9.43,COMPLETED,2025-02-18 22:23:26.0
1566,67,2025-07-27 11:19:39.0,0.00,40.88,25.14,COMPLETED,2025-02-22 01:28:51.0
1565,66,2025-02-25 03:18:42.0,0.00,16.00,21.52,PENDING,2025-07-20 06:18:49.0
1564,65,2025-09-05 21:54:47.0,0.00,39.58,15.38,COMPLETED,2025-06-22 05:28:20.0
1563,64,2025-05-01 18:31:58.0,0.00,23.76,28.83,COMPLETED,2025-07-29 11:03:36.0
1562,63,2025-09-11 06:08:17.0,0.00,20.54,22.63,COMPLETED,2025-04-06 13:05:57.0
1561,62,2025-11-15 12:16:10.0,0.00,13.12,29.95,COMPLETED,2025-04-16 14:09:21.0
1560,61,2025-11-08 14:40:45.0,0.00,25.24,7.05,CANCELLED,2025-11-15 00:31:06.0
1559,60,2025-12-28 17:12:02.0,0.00,19.93,4.40,COMPLETED,2025-04-09 16:41:00.0
1558,59,2025-07-15 04:26:27.0,0.00,44.84,2.97,COMPLETED,2025-09-29 21:54:03.0
1557,58,2026-01-12 19:27:43.0,0.00,49.64,6.80,COMPLETED,2025-07-31 14:46:28.0
1556,57,2025-12-30 08:20:39.0,0.00,42.34,18.49,COMPLETED,2025-12-21 08:25:47.0
1555,56,2025-09-27 14:32:35.0,0.00,24.90,5.04,PENDING,2025-04-12 19:49:05.0
1554,55,2025-04-25 04:38:51.0,0.00,31.83,15.11,COMPLETED,2025-08-08 11:35:14.0
1553,54,2025-03-09 05:12:58.0,0.00,37.50,8.42,COMPLETED,2025-07-05 06:19:57.0
1552,53,2025-01-18 22:48:31.0,0.00,31.10,22.15,COMPLETED,2025-06-28 19:39:33.0
1551,52,2025-06-22 06:56:46.0,0.00,45.14,2.29,COMPLETED,2025-10-12 13:04:06.0
1550,51,2025-08-11 23:39:06.0,0.00,28.61,5.80,CANCELLED,2025-08-07 22:11:41.0
1549,50,2025-07-22 19:29:31.0,0.00,16.76,9.05,COMPLETED,2025-10-30 14:00:17.0
1548,49,2026-01-04 06:26:39.0,0.00,38.45,25.90,COMPLETED,2025-09-20 18:44:27.0
1547,48,2025-09-21 16:14:16.0,0.00,24.72,27.81,COMPLETED,2025-07-25 04:01:51.0
1546,47,2025-04-04 14:48:38.0,0.00,31.97,21.90,COMPLETED,2025-05-15 22:51:06.0
1545,46,2025-04-23 11:53:26.0,0.00,11.74,9.32,PENDING,2025-03-04 12:39:17.0
1544,45,2026-01-01 12:03:31.0,0.00,48.86,21.88,COMPLETED,2025-05-27 01:08:16.0
1543,44,2025-06-14 09:52:25.0,0.00,38.25,21.71,COMPLETED,2025-01-15 09:36:38.0
1542,43,2025-04-21 10:18:36.0,0.00,18.22,29.16,COMPLETED,2025-09-29 11:25:28.0
1541,42,2025-11-29 16:17:07.0,0.00,43.55,16.01,COMPLETED,2025-05-14 21:40:18.0
1540,41,2025-04-15 12:27:28.0,0.00,10.51,26.40,CANCELLED,2025-03-19 15:43:43.0
1539,40,2025-03-21 04:42:16.0,0.00,36.55,13.62,COMPLETED,2025-08-23 01:09:37.0
1538,39,2025-10-23 21:56:44.0,0.00,5.52,25.94,COMPLETED,2025-12-09 06:25:48.0
1537,38,2025-03-09 09:15:25.0,0.00,42.05,6.15,COMPLETED,2025-12-26 02:12:42.0
1536,37,2025-07-25 00:37:51.0,0.00,10.80,17.05,COMPLETED,2025-02-28 00:32:19.0
1535,36,2025-11-03 23:23:29.0,0.00,32.97,22.57,PENDING,2025-06-04 18:32:50.0
1534,35,2025-04-24 12:30:31.0,0.00,45.56,26.16,COMPLETED,2025-12-30 11:52:37.0
1533,34,2025-03-10 15:04:59.0,0.00,32.45,1.08,COMPLETED,2025-07-03 03:28:56.0
1532,33,2025-05-24 11:38:42.0,0.00,39.50,22.44,COMPLETED,2025-05-30 04:45:19.0
1531,32,2025-04-02 12:49:00.0,0.00,45.64,29.19,COMPLETED,2025-10-18 04:15:45.0
1530,31,2025-07-06 05:54:56.0,0.00,45.61,13.21,CANCELLED,2025-03-11 16:23:20.0
1529,30,2025-12-08 08:58:08.0,0.00,48.29,29.86,COMPLETED,2025-12-05 23:21:20.0
1528,29,2025-02-03 06:05:56.0,0.00,42.38,13.36,COMPLETED,2025-02-06 19:47:23.0
1527,28,2025-01-22 21:34:53.0,0.00,28.01,25.76,COMPLETED,2025-01-19 04:35:54.0
1526,27,2025-04-14 10:27:04.0,0.00,49.17,12.11,COMPLETED,2025-10-13 18:17:55.0
1525,26,2025-09-21 14:32:57.0,0.00,46.16,22.14,PENDING,2025-11-02 03:45:38.0
1524,25,2025-07-05 17:13:55.0,0.00,19.40,18.12,COMPLETED,2026-01-06 23:40:15.0
1523,24,2025-04-04 12:30:20.0,0.00,44.97,25.02,COMPLETED,2025-12-17 02:28:56.0
1522,23,2025-05-15 09:23:03.0,0.00,33.86,21.37,COMPLETED,2025-06-01 09:44:08.0
1521,22,2025-12-21 11:13:53.0,0.00,35.63,23.27,COMPLETED,2025-04-11 19:40:55.0
1520,21,2025-04-03 13:58:01.0,0.00,38.39,16.03,CANCELLED,2025-06-02 05:05:48.0
1519,20,2025-09-20 11:08:31.0,0.00,46.94,26.55,COMPLETED,2025-03-25 12:32:21.0
1518,19,2025-04-28 07:57:59.0,0.00,19.45,6.11,COMPLETED,2025-04-24 16:30:42.0
1517,18,2025-12-20 00:49:09.0,0.00,45.31,3.17,COMPLETED,2025-02-19 19:41:27.0
1516,17,2025-08-06 10:54:26.0,0.00,44.70,6.80,COMPLETED,2025-03-27 02:32:21.0
1515,16,2025-03-01 05:29:39.0,0.00,23.76,6.63,PENDING,2025-10-18 17:41:24.0
1514,15,2025-10-30 11:34:02.0,0.00,14.09,10.06,COMPLETED,2025-03-24 07:57:12.0
1513,14,2025-02-06 04:05:33.0,0.00,6.94,19.28,COMPLETED,2025-12-26 11:55:57.0
1512,13,2025-07-20 16:43:48.0,0.00,24.35,24.35,COMPLETED,2025-05-17 14:15:41.0
1511,12,2025-01-31 19:47:15.0,0.00,23.70,25.36,COMPLETED,2025-03-16 13:53:33.0
1510,11,2025-05-26 12:30:39.0,0.00,33.93,4.49,CANCELLED,2025-03-31 16:44:45.0
1509,10,2025-04-16 01:10:38.0,0.00,21.27,21.13,COMPLETED,2025-06-11 12:46:58.0
1508,9,2025-06-25 05:03:02.0,0.00,25.89,10.54,COMPLETED,2025-02-21 16:45:13.0
1507,8,2025-05-09 21:56:24.0,0.00,5.83,2.45,COMPLETED,2025-04-25 16:52:02.0
1506,7,2025-09-17 16:44:42.0,0.00,20.79,28.16,COMPLETED,2025-03-06 13:00:16.0
1505,6,2025-04-06 17:39:36.0,0.00,45.45,3.67,PENDING,2025-12-25 11:33:24.0
1504,5,2025-10-09 04:06:57.0,0.00,8.16,6.83,COMPLETED,2025-08-24 21:46:16.0
1503,4,2025-12-23 22:17:51.0,0.00,36.68,6.85,COMPLETED,2025-07-20 23:20:28.0
1502,3,2025-05-09 09:34:31.0,0.00,48.82,17.05,COMPLETED,2025-09-23 07:23:30.0
1501,2,2025-11-27 06:56:57.0,0.00,43.44,11.64,COMPLETED,2025-07-24 09:29:09.0
1500,1,2025-04-23 16:07:25.0,0.00,43.41,8.70,CANCELLED,2025-07-31 10:33:04.0
1499,300,2025-02-23 17:32:15.0,0.00,6.67,28.58,COMPLETED,2025-06-15 18:47:51.0
1498,299,2025-06-20 06:42:45.0,0.00,23.62,7.65,COMPLETED,2025-08-13 16:55:07.0
1497,298,2025-04-20 15:23:03.0,0.00,16.10,7.20,COMPLETED,2025-09-05 01:11:36.0
1496,297,2025-02-16 00:08:37.0,0.00,34.78,3.59,COMPLETED,2025-03-22 16:06:27.0
1495,296,2025-04-09 06:44:25.0,0.00,45.17,29.85,PENDING,2025-10-24 16:48:58.0
1494,295,2025-01-15 21:40:47.0,0.00,36.53,6.76,COMPLETED,2025-02-28 14:15:12.0
1493,294,2025-01-24 16:24:10.0,0.00,33.98,2.96,COMPLETED,2025-07-25 16:59:12.0
1492,293,2025-07-21 01:46:48.0,0.00,45.86,4.53,COMPLETED,2025-07-08 02:14:39.0
1491,292,2025-05-20 03:19:23.0,0.00,28.65,20.87,COMPLETED,2025-04-20 03:14:51.0
1490,291,2025-06-17 20:08:01.0,0.00,32.05,29.44,CANCELLED,2025-08-24 22:56:43.0
1489,290,2025-06-29 21:35:14.0,0.00,12.30,21.57,COMPLETED,2025-01-20 15:35:41.0
1488,289,2025-07-22 08:44:31.0,0.00,49.19,23.48,COMPLETED,2025-05-10 17:02:55.0
1487,288,2025-07-20 15:05:03.0,0.00,26.78,23.81,COMPLETED,2025-02-20 12:36:36.0
1486,287,2025-12-08 13:57:12.0,0.00,41.80,22.22,COMPLETED,2025-04-16 01:23:23.0
1485,286,2025-04-09 10:31:53.0,0.00,21.29,11.21,PENDING,2025-10-26 11:28:06.0
1484,285,2025-04-03 01:59:44.0,0.00,48.49,13.56,COMPLETED,2025-03-12 08:27:09.0
1483,284,2025-10-05 15:27:22.0,0.00,30.74,16.58,COMPLETED,2025-10-20 06:22:55.0
1482,283,2025-04-18 05:00:36.0,0.00,46.71,26.71,COMPLETED,2025-08-16 11:19:33.0
1481,282,2025-08-23 20:06:17.0,0.00,17.67,4.07,COMPLETED,2025-12-08 03:28:05.0
1480,281,2025-08-29 23:58:10.0,0.00,12.95,29.10,CANCELLED,2025-08-01 08:06:51.0
1479,280,2025-04-13 12:38:55.0,0.00,32.37,9.47,COMPLETED,2025-03-08 16:26:28.0
1478,279,2025-01-30 22:11:16.0,0.00,28.25,14.77,COMPLETED,2025-10-03 02:13:02.0
1477,278,2025-12-02 04:25:30.0,0.00,8.65,29.66,COMPLETED,2025-08-01 02:56:49.0
1476,277,2025-10-17 07:31:14.0,0.00,34.13,21.72,COMPLETED,2025-06-19 07:08:24.0
1475,276,2025-09-29 17:52:47.0,0.00,16.69,2.63,PENDING,2025-06-04 10:08:54.0
1474,275,2025-07-06 09:34:36.0,0.00,18.62,1.38,COMPLETED,2025-09-17 06:42:06.0
1473,274,2025-01-16 09:40:37.0,0.00,44.42,6.57,COMPLETED,2025-02-06 17:04:08.0
1472,273,2025-10-09 10:12:59.0,0.00,31.12,10.94,COMPLETED,2025-08-01 07:09:50.0
1471,272,2025-04-23 00:57:48.0,0.00,35.77,11.84,COMPLETED,2025-02-19 11:03:43.0
1470,271,2025-01-16 19:47:51.0,0.00,11.08,8.30,CANCELLED,2025-03-04 18:50:02.0
1469,270,2025-11-29 14:22:55.0,0.00,5.58,15.95,COMPLETED,2025-02-09 16:52:44.0
1468,269,2025-06-17 14:49:39.0,0.00,24.71,27.50,COMPLETED,2025-06-21 17:13:27.0
1467,268,2025-07-29 19:22:23.0,0.00,28.14,3.60,COMPLETED,2025-11-11 11:43:46.0
1466,267,2025-06-12 03:09:38.0,0.00,40.68,25.18,COMPLETED,2025-07-08 19:00:20.0
1465,266,2025-06-25 22:11:22.0,0.00,8.15,7.80,PENDING,2025-08-23 00:04:56.0
1464,265,2025-07-29 04:05:07.0,0.00,41.81,8.68,COMPLETED,2025-06-04 02:02:51.0
1463,264,2025-08-02 13:41:38.0,0.00,9.57,17.40,COMPLETED,2025-12-21 07:39:40.0
1462,263,2025-12-30 16:15:24.0,0.00,41.11,22.28,COMPLETED,2025-11-18 22:46:28.0
1461,262,2025-03-04 08:15:53.0,0.00,39.86,5.93,COMPLETED,2025-02-24 18:00:42.0
1460,261,2025-09-09 10:50:39.0,0.00,37.87,14.60,CANCELLED,2025-07-16 03:24:00.0
1459,260,2025-02-19 05:54:37.0,0.00,46.54,19.61,COMPLETED,2025-03-27 21:07:13.0
1458,259,2025-08-06 03:54:46.0,0.00,24.98,10.16,COMPLETED,2025-04-21 20:53:24.0
1457,258,2025-08-15 02:04:33.0,0.00,33.17,4.43,COMPLETED,2025-09-21 08:19:13.0
1456,257,2025-02-22 21:33:28.0,0.00,13.52,12.64,COMPLETED,2025-12-07 02:33:56.0
1455,256,2025-05-03 05:53:43.0,0.00,20.62,25.44,PENDING,2025-05-28 07:38:31.0
1454,255,2025-03-17 21:49:17.0,0.00,43.00,29.11,COMPLETED,2025-08-14 00:18:48.0
1453,254,2025-06-02 10:01:52.0,0.00,29.11,26.31,COMPLETED,2025-09-29 06:37:18.0
1452,253,2025-01-30 17:06:20.0,0.00,11.56,14.84,COMPLETED,2025-12-06 08:35:03.0
1451,252,2025-11-01 20:54:26.0,0.00,46.67,28.60,COMPLETED,2025-02-11 02:07:51.0
1450,251,2025-11-11 07:02:21.0,0.00,17.21,13.08,CANCELLED,2025-11-14 07:05:13.0
1449,250,2025-08-01 13:48:54.0,0.00,9.57,8.51,COMPLETED,2025-02-06 13:10:58.0
1448,249,2025-12-22 17:07:34.0,0.00,13.63,25.17,COMPLETED,2025-09-19 16:32:19.0
1447,248,2025-02-26 14:18:17.0,0.00,19.77,27.16,COMPLETED,2025-02-26 12:49:50.0
1446,247,2025-03-11 00:57:02.0,0.00,13.94,8.34,COMPLETED,2025-09-01 16:49:22.0
1445,246,2025-07-02 20:55:07.0,0.00,48.83,29.17,PENDING,2025-04-26 02:37:16.0
1444,245,2025-11-22 22:13:01.0,0.00,12.54,1.80,COMPLETED,2025-11-18 12:46:21.0
1443,244,2025-05-21 09:41:11.0,0.00,19.07,11.65,COMPLETED,2025-11-07 04:35:45.0
1442,243,2025-06-18 11:27:06.0,0.00,36.42,11.33,COMPLETED,2025-12-12 22:35:26.0
1441,242,2025-07-01 06:56:39.0,0.00,21.71,13.91,COMPLETED,2025-01-27 10:31:51.0
1440,241,2025-08-04 02:36:24.0,0.00,33.26,18.15,CANCELLED,2025-06-07 06:27:01.0
1439,240,2025-06-19 08:36:06.0,0.00,33.92,17.37,COMPLETED,2025-11-18 00:04:48.0
1438,239,2025-04-03 00:50:59.0,0.00,40.38,4.43,COMPLETED,2025-09-16 12:22:35.0
1437,238,2025-07-09 18:20:11.0,0.00,44.83,17.21,COMPLETED,2025-04-08 02:13:16.0
1436,237,2025-09-02 22:40:01.0,0.00,26.31,27.54,COMPLETED,2025-09-14 03:02:16.0
1435,236,2025-04-04 06:31:49.0,0.00,8.60,20.04,PENDING,2025-09-27 02:16:14.0
1434,235,2025-08-07 07:09:34.0,0.00,24.35,18.41,COMPLETED,2025-10-21 03:40:07.0
1433,234,2025-03-29 05:09:25.0,0.00,15.68,23.14,COMPLETED,2025-04-15 10:11:49.0
1432,233,2025-02-05 22:42:26.0,0.00,7.67,3.33,COMPLETED,2025-02-09 01:35:38.0
1431,232,2025-05-25 15:22:20.0,0.00,34.15,13.04,COMPLETED,2025-10-31 02:35:38.0
1430,231,2025-03-20 02:51:53.0,0.00,34.98,8.32,CANCELLED,2025-05-04 15:20:37.0
1429,230,2025-09-23 12:59:45.0,0.00,30.63,20.03,COMPLETED,2025-12-18 00:16:47.0
1428,229,2025-07-05 00:18:26.0,0.00,11.41,3.84,COMPLETED,2025-11-27 23:10:10.0
1427,228,2025-03-24 22:13:45.0,0.00,18.50,18.62,COMPLETED,2025-05-04 07:28:53.0
1426,227,2025-10-25 22:18:31.0,0.00,22.32,16.89,COMPLETED,2025-05-16 10:41:42.0
1425,226,2025-05-07 17:56:24.0,0.00,46.50,7.60,PENDING,2025-09-03 02:52:58.0
1424,225,2025-02-01 20:17:32.0,0.00,10.23,16.49,COMPLETED,2025-08-11 23:58:35.0
1423,224,2026-01-03 10:58:40.0,0.00,47.50,7.64,COMPLETED,2025-07-19 06:33:31.0
1422,223,2025-04-07 22:53:57.0,0.00,14.90,11.90,COMPLETED,2025-03-31 15:40:19.0
1421,222,2025-08-12 02:22:31.0,0.00,26.56,14.70,COMPLETED,2025-01-28 11:07:50.0
1420,221,2025-07-03 08:49:27.0,0.00,7.28,26.58,CANCELLED,2025-02-05 17:33:52.0
1419,220,2025-10-17 04:35:23.0,0.00,44.31,1.28,COMPLETED,2025-08-19 16:09:52.0
1418,219,2025-10-12 03:14:16.0,0.00,41.92,16.24,COMPLETED,2025-05-18 12:23:47.0
1417,218,2025-05-14 01:18:07.0,0.00,36.21,13.15,COMPLETED,2025-02-09 09:40:32.0
1416,217,2025-09-24 22:18:59.0,0.00,32.04,9.42,COMPLETED,2025-07-28 06:16:16.0
1415,216,2025-05-01 17:43:48.0,0.00,42.21,3.82,PENDING,2025-05-04 10:35:41.0
1414,215,2025-11-13 19:35:34.0,0.00,26.44,8.55,COMPLETED,2025-11-15 09:44:11.0
1413,214,2025-08-12 03:02:28.0,0.00,47.03,9.42,COMPLETED,2025-10-29 20:42:40.0
1412,213,2025-12-04 20:34:51.0,0.00,22.84,25.93,COMPLETED,2025-02-22 19:54:35.0
1411,212,2025-04-13 19:36:38.0,0.00,49.71,15.60,COMPLETED,2025-09-25 11:35:59.0
1410,211,2025-11-06 05:10:41.0,0.00,20.62,24.94,CANCELLED,2025-12-18 02:39:29.0
1409,210,2025-12-12 18:52:40.0,0.00,13.96,25.57,COMPLETED,2025-07-02 22:48:04.0
1408,209,2025-03-29 12:28:24.0,0.00,18.17,28.83,COMPLETED,2025-10-26 12:59:34.0
1407,208,2025-07-09 11:27:32.0,0.00,26.98,6.47,COMPLETED,2025-10-07 22:51:25.0
1406,207,2025-09-27 16:31:09.0,0.00,11.08,6.54,COMPLETED,2025-01-16 18:46:55.0
1405,206,2025-02-17 13:43:18.0,0.00,16.13,11.73,PENDING,2025-04-29 18:28:17.0
1404,205,2025-04-18 01:26:00.0,0.00,45.85,29.85,COMPLETED,2025-07-31 09:02:32.0
1403,204,2025-08-28 08:19:45.0,0.00,26.19,25.54,COMPLETED,2025-02-24 08:09:03.0
1402,203,2025-02-18 19:03:26.0,0.00,5.43,19.59,COMPLETED,2025-12-16 11:00:59.0
1401,202,2025-05-22 19:12:47.0,0.00,14.69,19.51,COMPLETED,2025-03-16 09:22:08.0
1400,201,2025-02-15 01:07:39.0,0.00,6.34,9.27,CANCELLED,2025-10-07 05:31:50.0
1399,200,2025-01-19 03:07:26.0,0.00,12.88,17.36,COMPLETED,2025-06-15 05:36:23.0
1398,199,2025-06-23 07:06:07.0,0.00,13.98,12.65,COMPLETED,2025-08-18 11:47:09.0
1397,198,2025-05-05 15:15:53.0,0.00,17.69,5.27,COMPLETED,2025-06-02 03:42:04.0
1396,197,2025-05-28 00:40:47.0,0.00,12.94,21.47,COMPLETED,2025-04-14 17:38:13.0
1395,196,2025-06-19 14:42:55.0,0.00,44.16,17.26,PENDING,2026-01-06 23:29:56.0
1394,195,2025-09-05 18:39:55.0,0.00,39.43,1.21,COMPLETED,2025-05-06 04:22:12.0
1393,194,2026-01-10 12:35:38.0,0.00,20.29,27.81,COMPLETED,2025-06-05 21:14:54.0
1392,193,2025-11-19 08:18:19.0,0.00,9.27,22.27,COMPLETED,2025-04-01 16:34:06.0
1391,192,2025-04-10 14:42:48.0,0.00,33.02,3.90,COMPLETED,2025-04-13 21:21:00.0
1390,191,2025-10-12 04:24:25.0,0.00,30.42,6.85,CANCELLED,2025-10-15 22:18:19.0
1389,190,2025-07-12 17:14:12.0,0.00,27.85,27.39,COMPLETED,2025-03-16 16:27:48.0
1388,189,2025-07-23 11:38:22.0,0.00,11.13,1.06,COMPLETED,2025-02-01 04:55:54.0
1387,188,2025-10-09 13:52:21.0,0.00,18.77,9.43,COMPLETED,2026-01-01 12:30:42.0
1386,187,2025-08-08 18:14:13.0,0.00,41.75,9.60,COMPLETED,2025-07-15 04:45:13.0
1385,186,2025-05-23 18:00:30.0,0.00,21.33,3.18,PENDING,2025-03-23 13:28:30.0
1384,185,2025-09-02 20:13:48.0,0.00,49.75,29.94,COMPLETED,2025-11-16 14:00:58.0
1383,184,2025-10-15 21:20:10.0,0.00,13.34,11.79,COMPLETED,2025-09-19 11:14:10.0
1382,183,2025-06-30 08:47:43.0,0.00,27.28,6.05,COMPLETED,2025-04-12 13:24:27.0
1381,182,2025-08-09 11:26:00.0,0.00,16.85,17.80,COMPLETED,2025-07-04 02:38:34.0
1380,181,2025-11-09 23:56:49.0,0.00,29.21,14.59,CANCELLED,2025-07-11 21:41:56.0
1379,180,2025-11-21 19:29:45.0,0.00,33.96,8.68,COMPLETED,2025-12-02 16:44:58.0
1378,179,2025-08-23 22:03:21.0,0.00,11.99,3.82,COMPLETED,2025-06-17 04:46:27.0
1377,178,2025-01-13 21:54:18.0,0.00,30.94,8.26,COMPLETED,2025-04-02 20:32:39.0
1376,177,2025-09-29 04:36:14.0,0.00,39.17,12.33,COMPLETED,2025-08-03 18:24:04.0
1375,176,2025-07-07 14:26:03.0,0.00,15.92,27.92,PENDING,2025-08-27 09:08:29.0
1374,175,2025-03-07 09:30:01.0,0.00,47.22,20.36,COMPLETED,2025-07-17 00:56:31.0
1373,174,2025-09-05 06:11:37.0,0.00,32.83,2.20,COMPLETED,2025-11-09 04:15:25.0
1372,173,2025-08-12 12:21:18.0,0.00,17.43,21.86,COMPLETED,2025-04-25 15:28:06.0
1371,172,2025-11-16 13:02:49.0,0.00,8.00,4.26,COMPLETED,2025-09-28 13:47:20.0
1370,171,2026-01-03 03:34:05.0,0.00,32.15,18.51,CANCELLED,2025-06-25 18:46:27.0
1369,170,2025-10-18 19:54:34.0,0.00,5.08,8.45,COMPLETED,2025-01-16 22:17:50.0
1368,169,2025-05-12 14:04:42.0,0.00,32.07,25.00,COMPLETED,2025-05-10 07:03:13.0
1367,168,2025-11-18 12:26:27.0,0.00,41.51,7.44,COMPLETED,2025-08-19 16:56:03.0
1366,167,2025-05-06 01:19:50.0,0.00,45.46,24.74,COMPLETED,2025-04-15 12:16:52.0
1365,166,2025-08-13 12:39:47.0,0.00,8.43,16.40,PENDING,2025-01-23 19:46:31.0
1364,165,2025-04-12 13:54:43.0,0.00,40.40,16.99,COMPLETED,2025-06-28 14:08:11.0
1363,164,2025-10-28 19:25:39.0,0.00,49.91,10.27,COMPLETED,2025-10-10 15:18:50.0
1362,163,2025-04-30 15:59:56.0,0.00,36.00,28.02,COMPLETED,2025-04-29 06:17:59.0
1361,162,2025-09-10 09:26:12.0,0.00,36.89,1.60,COMPLETED,2025-07-05 02:33:25.0
1360,161,2025-07-19 23:51:44.0,0.00,48.04,4.47,CANCELLED,2025-02-12 05:35:08.0
1359,160,2025-09-24 23:44:28.0,0.00,17.59,3.53,COMPLETED,2025-12-18 20:31:39.0
1358,159,2025-07-01 20:48:46.0,0.00,33.56,22.02,COMPLETED,2025-11-10 06:32:42.0
1357,158,2025-09-09 20:16:57.0,0.00,12.18,22.67,COMPLETED,2025-03-08 03:42:00.0
1356,157,2025-10-01 03:14:03.0,0.00,20.21,20.47,COMPLETED,2025-02-21 16:39:06.0
1355,156,2025-09-11 18:33:09.0,0.00,28.75,29.45,PENDING,2025-04-22 03:05:05.0
1354,155,2025-02-13 14:00:28.0,0.00,37.28,14.97,COMPLETED,2025-02-16 06:09:42.0
1353,154,2025-08-03 09:28:33.0,0.00,44.25,21.99,COMPLETED,2025-11-18 02:34:08.0
1352,153,2025-08-06 19:53:54.0,0.00,7.57,6.06,COMPLETED,2025-05-23 12:23:49.0
1351,152,2025-10-31 14:47:23.0,0.00,16.66,10.54,COMPLETED,2025-05-11 07:48:21.0
1350,151,2025-01-23 09:00:55.0,0.00,23.83,4.34,CANCELLED,2025-05-18 06:56:55.0
1349,150,2025-08-30 08:40:58.0,0.00,35.66,1.49,COMPLETED,2025-06-12 07:24:16.0
751,152,2025-01-31 07:41:15.0,0.00,36.69,10.50,COMPLETED,2025-10-11 05:56:08.0
750,151,2025-09-19 12:38:53.0,0.00,33.18,15.72,CANCELLED,2025-07-22 20:23:15.0
749,150,2025-12-14 06:05:39.0,0.00,35.48,1.24,COMPLETED,2025-02-28 21:14:25.0
748,149,2025-05-22 04:41:16.0,0.00,26.37,12.73,COMPLETED,2025-08-13 21:03:39.0
747,148,2025-03-29 01:24:40.0,0.00,16.28,4.98,COMPLETED,2026-01-09 13:15:55.0
746,147,2025-05-09 01:54:20.0,0.00,7.91,27.34,COMPLETED,2025-09-02 22:17:10.0
745,146,2025-04-13 12:45:29.0,0.00,41.21,8.00,PENDING,2025-02-09 18:26:43.0
744,145,2025-03-20 19:55:31.0,0.00,13.59,17.87,COMPLETED,2025-11-05 19:26:28.0
743,144,2025-12-09 11:50:45.0,0.00,23.01,8.08,COMPLETED,2025-01-23 14:23:23.0
742,143,2025-09-26 09:16:58.0,0.00,44.51,11.92,COMPLETED,2025-08-04 14:25:10.0
741,142,2025-03-26 14:57:31.0,0.00,38.06,18.79,COMPLETED,2025-07-02 19:57:21.0
740,141,2025-05-24 13:35:46.0,0.00,9.84,5.78,CANCELLED,2025-04-19 12:41:32.0
739,140,2026-01-10 13:11:20.0,0.00,21.25,5.72,COMPLETED,2025-10-24 18:22:18.0
738,139,2025-08-06 06:56:46.0,0.00,36.46,29.28,COMPLETED,2025-02-24 20:04:37.0
737,138,2025-08-26 05:28:39.0,0.00,29.84,14.34,COMPLETED,2025-09-05 22:23:49.0
736,137,2025-06-17 08:53:37.0,0.00,24.75,8.24,COMPLETED,2025-12-20 08:12:56.0
735,136,2025-06-03 03:02:17.0,0.00,20.60,2.86,PENDING,2025-07-23 22:17:05.0
734,135,2025-08-31 20:36:18.0,0.00,29.29,9.99,COMPLETED,2025-05-14 23:22:53.0
733,134,2025-09-05 06:01:58.0,0.00,24.58,3.55,COMPLETED,2025-02-13 00:39:00.0
732,133,2025-07-19 08:26:06.0,0.00,49.30,3.59,COMPLETED,2026-01-04 06:29:33.0
731,132,2025-03-26 10:53:59.0,0.00,14.08,10.99,COMPLETED,2025-02-23 22:55:02.0
730,131,2025-08-21 02:25:55.0,0.00,22.09,28.30,CANCELLED,2025-07-08 15:41:18.0
729,130,2025-03-17 08:19:02.0,0.00,38.65,10.74,COMPLETED,2025-04-07 22:31:27.0
728,129,2025-11-13 20:17:12.0,0.00,39.12,17.47,COMPLETED,2025-04-29 16:19:47.0
727,128,2025-08-27 03:35:42.0,0.00,21.55,19.76,COMPLETED,2025-05-04 11:23:16.0
726,127,2025-04-21 06:52:21.0,0.00,34.54,1.53,COMPLETED,2025-11-22 12:29:59.0
725,126,2025-12-14 06:06:47.0,0.00,41.21,1.48,PENDING,2025-10-04 11:56:30.0
724,125,2025-01-29 16:54:03.0,0.00,7.63,22.97,COMPLETED,2025-07-30 02:16:29.0
723,124,2025-10-18 20:50:03.0,0.00,33.62,7.26,COMPLETED,2025-05-06 07:33:53.0
722,123,2025-09-21 22:56:02.0,0.00,41.78,26.26,COMPLETED,2025-06-30 05:42:07.0
721,122,2025-09-30 16:43:20.0,0.00,16.11,21.30,COMPLETED,2025-08-31 22:21:43.0
720,121,2025-11-06 14:42:48.0,0.00,37.02,16.13,CANCELLED,2025-11-12 08:15:58.0
719,120,2025-02-03 21:18:55.0,0.00,29.82,13.14,COMPLETED,2025-03-23 06:50:54.0
718,119,2025-02-08 02:57:08.0,0.00,24.31,7.58,COMPLETED,2025-05-28 02:10:46.0
717,118,2025-10-02 15:47:24.0,0.00,12.53,29.59,COMPLETED,2025-05-20 01:12:37.0
716,117,2025-07-29 20:31:34.0,0.00,31.12,15.75,COMPLETED,2025-08-19 19:56:06.0
715,116,2025-08-11 20:32:36.0,0.00,31.16,2.39,PENDING,2025-01-25 12:06:57.0
714,115,2025-07-10 17:36:36.0,0.00,25.40,7.86,COMPLETED,2025-08-20 16:53:16.0
713,114,2025-11-01 12:07:13.0,0.00,42.33,28.53,COMPLETED,2025-03-15 00:25:19.0
712,113,2025-09-09 05:55:30.0,0.00,18.65,13.46,COMPLETED,2025-08-25 00:36:05.0
711,112,2025-11-09 07:25:14.0,0.00,46.13,24.75,COMPLETED,2025-09-02 15:42:51.0
710,111,2025-10-20 07:58:28.0,0.00,21.92,16.94,CANCELLED,2025-09-05 03:09:37.0
709,110,2025-12-01 06:05:40.0,0.00,34.47,18.06,COMPLETED,2025-10-14 15:25:01.0
708,109,2025-03-07 01:41:16.0,0.00,43.56,17.84,COMPLETED,2025-07-24 23:14:16.0
707,108,2025-01-24 17:04:54.0,0.00,25.55,9.64,COMPLETED,2025-03-03 22:53:36.0
706,107,2025-07-26 21:51:32.0,0.00,44.67,9.18,COMPLETED,2025-11-24 20:37:17.0
705,106,2025-07-31 15:41:42.0,0.00,6.27,22.25,PENDING,2025-12-23 17:37:26.0
704,105,2025-08-12 14:10:18.0,0.00,29.95,26.50,COMPLETED,2025-03-02 01:28:09.0
703,104,2025-10-01 10:46:35.0,0.00,33.17,17.80,COMPLETED,2025-04-19 06:20:53.0
702,103,2025-12-03 07:21:50.0,0.00,32.08,29.99,COMPLETED,2025-12-30 13:50:02.0
701,102,2025-08-09 20:44:31.0,0.00,48.50,9.23,COMPLETED,2025-11-07 09:36:12.0
700,101,2025-08-31 23:29:55.0,0.00,33.34,5.97,CANCELLED,2025-12-06 17:59:10.0
699,100,2025-02-07 05:50:32.0,0.00,12.67,3.81,COMPLETED,2025-02-21 12:17:06.0
698,99,2025-02-03 22:28:43.0,0.00,40.58,13.29,COMPLETED,2025-06-23 06:19:26.0
697,98,2025-12-17 13:19:11.0,0.00,29.81,10.71,COMPLETED,2025-12-14 10:19:44.0
696,97,2025-11-24 04:59:20.0,0.00,33.37,11.92,COMPLETED,2025-07-10 01:23:41.0
695,96,2025-12-27 23:25:53.0,0.00,11.77,11.77,PENDING,2025-08-18 06:07:01.0
694,95,2025-07-15 20:19:50.0,0.00,15.21,20.88,COMPLETED,2025-07-22 15:01:14.0
693,94,2025-10-31 11:42:54.0,0.00,40.99,11.43,COMPLETED,2025-08-18 20:08:53.0
692,93,2025-12-02 16:04:52.0,0.00,35.43,14.27,COMPLETED,2025-04-24 20:36:59.0
691,92,2025-03-28 09:05:07.0,0.00,45.61,21.11,COMPLETED,2025-05-20 15:08:10.0
690,91,2025-06-07 22:17:42.0,0.00,40.58,6.17,CANCELLED,2025-09-01 14:03:45.0
689,90,2025-01-16 11:20:17.0,0.00,11.01,8.39,COMPLETED,2025-11-10 15:23:48.0
688,89,2025-05-08 10:12:31.0,0.00,44.81,27.57,COMPLETED,2025-07-07 05:20:28.0
687,88,2025-02-19 03:12:25.0,0.00,33.30,18.60,COMPLETED,2025-02-26 15:56:42.0
686,87,2025-04-03 17:08:23.0,0.00,36.12,5.99,COMPLETED,2025-08-02 12:32:50.0
685,86,2025-04-10 18:10:28.0,0.00,6.38,14.83,PENDING,2025-08-03 19:24:12.0
684,85,2025-07-22 08:58:12.0,0.00,11.81,18.76,COMPLETED,2025-12-22 21:13:03.0
683,84,2025-07-07 10:59:33.0,0.00,47.24,9.60,COMPLETED,2025-11-15 06:31:11.0
682,83,2025-04-25 16:50:39.0,0.00,16.33,21.71,COMPLETED,2025-03-07 12:22:50.0
681,82,2025-06-16 08:44:58.0,0.00,23.67,16.76,COMPLETED,2025-07-17 22:49:15.0
680,81,2025-05-30 23:56:39.0,0.00,41.26,2.59,CANCELLED,2025-10-18 15:40:11.0
679,80,2025-01-27 23:22:40.0,0.00,12.70,10.36,COMPLETED,2025-02-14 01:19:35.0
678,79,2025-11-11 03:06:07.0,0.00,48.28,2.85,COMPLETED,2025-08-20 06:01:44.0
677,78,2025-03-11 00:00:22.0,0.00,43.67,18.57,COMPLETED,2025-07-02 23:59:59.0
676,77,2025-07-31 19:29:18.0,0.00,20.74,3.22,COMPLETED,2025-09-17 09:19:05.0
675,76,2025-02-03 17:31:39.0,0.00,31.01,18.11,PENDING,2025-04-10 01:53:43.0
674,75,2025-10-11 12:56:11.0,0.00,44.58,25.07,COMPLETED,2025-05-10 13:48:35.0
673,74,2025-07-19 10:06:19.0,0.00,37.82,9.88,COMPLETED,2025-05-05 17:46:10.0
672,73,2025-10-05 13:14:14.0,0.00,41.85,19.20,COMPLETED,2025-04-06 20:21:31.0
671,72,2025-10-27 18:08:51.0,0.00,45.59,13.32,COMPLETED,2025-02-03 03:42:55.0
670,71,2025-04-30 07:58:02.0,0.00,10.84,3.17,CANCELLED,2025-09-29 10:02:23.0
669,70,2025-02-14 15:47:20.0,0.00,47.40,11.11,COMPLETED,2025-07-02 15:52:40.0
668,69,2025-10-19 06:49:13.0,0.00,42.83,13.23,COMPLETED,2025-12-31 05:32:22.0
667,68,2025-04-15 02:30:01.0,0.00,43.20,4.15,COMPLETED,2025-03-09 03:57:17.0
666,67,2025-05-24 09:01:30.0,0.00,41.20,6.17,COMPLETED,2025-10-01 23:51:29.0
665,66,2025-11-05 08:49:03.0,0.00,7.67,22.64,PENDING,2025-08-28 01:58:01.0
664,65,2025-03-18 12:58:07.0,0.00,6.92,26.72,COMPLETED,2025-04-06 01:57:23.0
663,64,2025-08-16 14:27:54.0,0.00,45.66,15.81,COMPLETED,2025-12-17 14:06:21.0
662,63,2025-07-04 16:00:40.0,0.00,32.57,27.91,COMPLETED,2025-12-28 15:00:18.0
661,62,2025-02-08 08:14:43.0,0.00,9.22,14.61,COMPLETED,2025-04-18 18:49:43.0
660,61,2025-12-25 05:40:49.0,0.00,25.34,21.34,CANCELLED,2025-06-27 15:14:09.0
659,60,2025-06-14 08:28:38.0,0.00,24.27,29.51,COMPLETED,2025-02-09 06:14:45.0
658,59,2025-11-30 11:40:58.0,0.00,15.36,28.02,COMPLETED,2025-03-08 04:44:36.0
657,58,2025-02-26 16:30:38.0,0.00,18.88,12.34,COMPLETED,2025-09-06 12:32:50.0
656,57,2026-01-10 20:48:09.0,0.00,9.27,6.85,COMPLETED,2025-12-31 21:35:11.0
655,56,2025-12-05 18:13:48.0,0.00,41.85,14.72,PENDING,2025-06-05 01:45:04.0
654,55,2025-03-27 19:12:37.0,0.00,40.24,5.04,COMPLETED,2025-02-28 13:53:58.0
653,54,2025-05-03 12:19:00.0,0.00,19.45,26.11,COMPLETED,2025-11-07 21:37:42.0
652,53,2025-10-10 11:13:12.0,0.00,23.51,26.30,COMPLETED,2025-09-16 16:44:34.0
651,52,2025-02-21 06:22:54.0,0.00,44.59,20.38,COMPLETED,2025-08-22 14:25:45.0
650,51,2025-12-19 14:14:21.0,0.00,37.86,25.39,CANCELLED,2025-03-07 23:19:08.0
649,50,2025-02-05 17:42:39.0,0.00,31.60,13.48,COMPLETED,2025-02-18 17:56:31.0
648,49,2025-02-04 20:33:15.0,0.00,38.52,14.72,COMPLETED,2025-12-24 09:34:54.0
647,48,2025-03-09 23:51:18.0,0.00,32.40,7.61,COMPLETED,2025-09-30 00:17:58.0
646,47,2025-05-14 15:57:42.0,0.00,33.79,17.80,COMPLETED,2025-08-28 18:20:42.0
645,46,2025-01-28 19:17:51.0,0.00,36.68,23.04,PENDING,2025-06-12 06:43:23.0
644,45,2025-09-30 19:14:38.0,0.00,22.50,12.29,COMPLETED,2025-12-15 13:58:13.0
643,44,2025-12-09 00:48:40.0,0.00,17.98,26.46,COMPLETED,2025-07-18 14:49:01.0
642,43,2025-05-14 02:07:59.0,0.00,16.73,19.03,COMPLETED,2025-11-19 21:50:30.0
641,42,2026-01-03 10:58:49.0,0.00,27.31,18.14,COMPLETED,2025-11-06 13:30:51.0
640,41,2025-07-10 02:36:08.0,0.00,12.19,6.91,CANCELLED,2025-04-10 05:23:16.0
639,40,2025-09-01 18:22:52.0,0.00,49.77,17.27,COMPLETED,2025-10-04 07:17:47.0
638,39,2025-12-04 16:07:16.0,0.00,44.17,1.64,COMPLETED,2025-03-29 13:02:28.0
637,38,2025-04-11 19:26:36.0,0.00,32.27,1.06,COMPLETED,2025-11-08 21:54:01.0
636,37,2025-10-20 12:44:42.0,0.00,41.27,4.15,COMPLETED,2025-05-05 17:29:02.0
635,36,2026-01-02 19:32:14.0,0.00,24.86,1.00,PENDING,2025-10-15 11:29:16.0
634,35,2025-04-05 18:37:59.0,0.00,40.09,16.69,COMPLETED,2025-04-29 06:05:51.0
633,34,2026-01-08 20:53:59.0,0.00,43.42,2.38,COMPLETED,2025-01-31 11:35:27.0
632,33,2025-07-21 11:32:16.0,0.00,40.90,18.92,COMPLETED,2025-04-02 07:08:01.0
631,32,2025-09-18 15:27:46.0,0.00,20.88,21.36,COMPLETED,2025-06-15 04:33:43.0
630,31,2025-10-10 23:00:28.0,0.00,26.59,9.13,CANCELLED,2025-05-04 08:13:48.0
629,30,2025-11-29 23:14:25.0,0.00,34.45,9.36,COMPLETED,2025-05-27 17:23:36.0
628,29,2025-08-16 15:49:01.0,0.00,45.05,21.86,COMPLETED,2025-02-15 05:43:01.0
627,28,2025-04-14 05:25:26.0,0.00,12.74,14.00,COMPLETED,2025-05-25 02:57:18.0
626,27,2025-03-29 16:41:40.0,0.00,37.19,16.72,COMPLETED,2025-08-13 06:52:33.0
625,26,2025-07-23 18:30:51.0,0.00,5.57,9.49,PENDING,2025-01-21 06:50:50.0
624,25,2025-02-11 19:49:42.0,0.00,33.25,18.11,COMPLETED,2025-09-16 08:35:33.0
623,24,2025-06-18 15:10:46.0,0.00,9.68,10.21,COMPLETED,2025-08-31 07:12:41.0
622,23,2025-03-14 16:36:24.0,0.00,20.38,3.51,COMPLETED,2025-11-01 22:41:18.0
621,22,2025-01-28 21:36:33.0,0.00,43.50,29.80,COMPLETED,2025-09-03 14:04:55.0
620,21,2025-11-16 15:49:55.0,0.00,7.68,7.90,CANCELLED,2025-11-29 11:29:30.0
619,20,2025-09-22 09:33:19.0,0.00,49.92,17.27,COMPLETED,2025-12-19 02:40:06.0
618,19,2025-05-17 05:40:11.0,0.00,43.43,7.02,COMPLETED,2025-09-28 12:16:45.0
617,18,2025-11-28 13:59:11.0,0.00,14.69,2.02,COMPLETED,2025-09-13 21:43:36.0
616,17,2025-03-28 21:43:21.0,0.00,46.23,12.40,COMPLETED,2025-12-13 18:55:13.0
615,16,2025-01-31 05:02:37.0,0.00,16.93,20.18,PENDING,2025-02-09 04:21:35.0
614,15,2025-07-21 08:03:32.0,0.00,20.76,19.91,COMPLETED,2025-06-09 09:06:59.0
613,14,2025-12-03 18:15:23.0,0.00,38.91,18.72,COMPLETED,2025-08-27 11:40:20.0
612,13,2025-09-18 22:06:48.0,0.00,47.32,15.73,COMPLETED,2025-10-13 22:54:57.0
611,12,2025-10-31 15:32:32.0,0.00,16.71,29.35,COMPLETED,2025-01-28 06:39:37.0
610,11,2025-06-18 06:25:29.0,0.00,5.19,7.81,CANCELLED,2025-07-12 03:13:40.0
609,10,2025-10-15 14:34:50.0,0.00,18.82,13.84,COMPLETED,2025-08-23 22:39:10.0
608,9,2025-02-27 02:57:32.0,0.00,26.84,21.00,COMPLETED,2025-07-18 20:05:22.0
607,8,2026-01-08 14:10:16.0,0.00,14.23,8.09,COMPLETED,2025-06-03 18:23:34.0
606,7,2025-04-15 01:29:27.0,0.00,14.75,17.00,COMPLETED,2025-01-18 04:55:38.0
605,6,2025-12-10 17:40:22.0,0.00,7.19,1.60,PENDING,2025-06-08 06:02:02.0
604,5,2025-04-11 12:14:17.0,0.00,34.56,18.96,COMPLETED,2025-05-03 01:22:46.0
603,4,2025-03-14 01:16:32.0,0.00,41.78,23.40,COMPLETED,2025-05-22 22:43:46.0
602,3,2025-12-25 22:20:12.0,0.00,19.01,7.57,COMPLETED,2025-02-17 18:41:08.0
601,2,2025-06-13 15:52:52.0,0.00,38.62,1.60,COMPLETED,2025-12-26 06:29:55.0
600,1,2025-05-28 07:07:02.0,0.00,16.95,24.16,CANCELLED,2025-05-16 04:52:31.0
599,300,2025-11-16 02:10:44.0,0.00,7.77,22.25,COMPLETED,2026-01-09 01:43:20.0
598,299,2025-10-31 15:21:29.0,0.00,34.78,10.31,COMPLETED,2025-03-24 20:24:39.0
597,298,2025-05-13 22:53:18.0,0.00,22.27,15.14,COMPLETED,2025-09-14 00:25:34.0
596,297,2025-09-10 21:15:07.0,0.00,16.78,23.56,COMPLETED,2025-09-14 13:13:52.0
595,296,2025-02-18 01:08:39.0,0.00,27.41,9.31,PENDING,2025-08-22 07:38:52.0
594,295,2025-01-20 08:12:42.0,0.00,32.58,20.92,COMPLETED,2026-01-03 10:58:20.0
593,294,2025-03-16 23:41:03.0,0.00,47.76,14.70,COMPLETED,2025-10-19 16:09:33.0
592,293,2025-08-20 11:36:42.0,0.00,8.95,26.97,COMPLETED,2025-04-17 00:35:07.0
591,292,2026-01-01 23:25:37.0,0.00,36.83,17.27,COMPLETED,2025-05-07 03:19:53.0
590,291,2025-09-23 22:24:48.0,0.00,27.38,26.49,CANCELLED,2025-09-29 18:14:59.0
589,290,2026-01-12 14:28:38.0,0.00,20.27,16.40,COMPLETED,2025-08-28 05:10:54.0
588,289,2025-12-19 19:13:22.0,0.00,24.64,19.11,COMPLETED,2025-10-31 21:05:20.0
587,288,2025-03-15 02:07:37.0,0.00,33.60,8.96,COMPLETED,2025-04-01 14:06:45.0
586,287,2025-06-04 11:02:48.0,0.00,29.43,11.73,COMPLETED,2025-12-24 02:00:01.0
585,286,2025-04-04 17:55:10.0,0.00,25.32,15.51,PENDING,2025-12-27 21:58:23.0
584,285,2026-01-02 22:56:55.0,0.00,36.67,23.70,COMPLETED,2026-01-01 02:07:04.0
583,284,2025-09-14 19:41:23.0,0.00,19.88,25.73,COMPLETED,2025-12-04 00:04:41.0
582,283,2025-09-15 09:21:40.0,0.00,45.69,19.49,COMPLETED,2025-06-16 17:19:13.0
581,282,2025-11-04 05:46:52.0,0.00,17.06,7.48,COMPLETED,2025-07-14 21:11:33.0
580,281,2025-05-31 02:02:55.0,0.00,24.77,8.05,CANCELLED,2025-05-27 14:59:26.0
579,280,2025-01-26 03:36:05.0,0.00,22.00,14.05,COMPLETED,2025-08-09 19:49:15.0
578,279,2025-05-17 01:19:07.0,0.00,36.30,9.84,COMPLETED,2025-03-04 16:02:57.0
577,278,2025-01-28 19:29:45.0,0.00,36.46,25.78,COMPLETED,2025-08-01 12:40:46.0
576,277,2025-12-25 16:45:23.0,0.00,23.02,25.94,COMPLETED,2025-09-25 02:01:13.0
575,276,2026-01-09 12:14:37.0,0.00,37.98,4.36,PENDING,2026-01-01 14:27:45.0
574,275,2025-11-14 09:00:00.0,0.00,33.21,6.61,COMPLETED,2025-01-16 20:42:59.0
573,274,2025-12-11 19:20:04.0,0.00,25.55,6.38,COMPLETED,2025-03-10 22:52:53.0
572,273,2025-08-26 17:35:25.0,0.00,46.19,7.90,COMPLETED,2025-07-12 09:51:32.0
571,272,2025-12-17 03:33:28.0,0.00,8.54,18.31,COMPLETED,2025-12-26 01:21:12.0
570,271,2025-12-22 04:15:26.0,0.00,33.20,25.47,CANCELLED,2025-07-21 17:33:11.0
569,270,2025-06-20 02:00:45.0,0.00,31.86,7.23,COMPLETED,2025-03-19 17:00:55.0
568,269,2025-09-12 09:07:43.0,0.00,36.56,21.61,COMPLETED,2025-05-22 19:51:19.0
567,268,2025-06-28 16:35:30.0,0.00,38.06,3.39,COMPLETED,2025-08-28 11:03:06.0
566,267,2025-12-26 23:09:58.0,0.00,36.84,6.84,COMPLETED,2025-04-19 21:40:02.0
565,266,2025-03-31 09:25:38.0,0.00,44.94,23.64,PENDING,2025-08-19 22:32:43.0
564,265,2025-08-23 05:21:29.0,0.00,6.57,25.70,COMPLETED,2025-03-19 00:00:04.0
563,264,2025-04-20 20:56:37.0,0.00,21.29,15.05,COMPLETED,2026-01-01 00:35:53.0
562,263,2025-05-05 02:16:11.0,0.00,20.68,21.00,COMPLETED,2025-10-26 22:05:02.0
561,262,2025-08-03 01:03:37.0,0.00,17.36,19.86,COMPLETED,2025-04-19 02:12:22.0
560,261,2025-03-27 20:39:04.0,0.00,25.51,13.34,CANCELLED,2025-07-30 10:15:35.0
559,260,2025-04-26 21:22:03.0,0.00,14.02,20.60,COMPLETED,2025-04-02 06:03:22.0
558,259,2025-05-18 16:55:52.0,0.00,20.63,2.85,COMPLETED,2025-08-15 02:59:07.0
557,258,2025-04-15 17:32:43.0,0.00,37.02,18.23,COMPLETED,2025-06-21 09:25:38.0
556,257,2025-11-27 11:40:53.0,0.00,37.00,28.17,COMPLETED,2025-05-28 15:22:31.0
555,256,2025-11-01 15:43:51.0,0.00,18.21,28.45,PENDING,2025-07-23 10:47:04.0
554,255,2025-06-16 11:20:11.0,0.00,44.63,9.00,COMPLETED,2025-10-12 14:09:47.0
553,254,2026-01-05 21:14:08.0,0.00,20.48,2.70,COMPLETED,2025-09-26 12:32:13.0
552,253,2025-04-17 02:33:00.0,0.00,36.46,19.67,COMPLETED,2025-04-01 08:15:02.0
551,252,2025-12-16 03:23:30.0,0.00,8.52,9.51,COMPLETED,2025-10-26 03:08:39.0
550,251,2025-02-17 09:51:09.0,0.00,35.64,3.84,CANCELLED,2025-10-24 01:55:46.0
549,250,2026-01-07 03:17:20.0,0.00,24.80,13.05,COMPLETED,2026-01-09 23:57:18.0
548,249,2025-11-15 11:48:19.0,0.00,41.62,3.11,COMPLETED,2025-08-07 02:01:43.0
547,248,2025-08-06 09:57:36.0,0.00,9.65,7.26,COMPLETED,2025-09-06 10:42:13.0
546,247,2025-12-29 00:26:31.0,0.00,9.52,24.54,COMPLETED,2025-05-25 12:03:55.0
545,246,2025-09-11 20:31:46.0,0.00,33.74,27.31,PENDING,2025-07-29 14:21:57.0
544,245,2025-05-17 20:30:37.0,0.00,48.93,8.23,COMPLETED,2025-03-12 11:35:55.0
543,244,2025-06-03 09:01:20.0,0.00,18.84,9.58,COMPLETED,2025-06-13 10:02:46.0
542,243,2025-09-19 19:54:53.0,0.00,19.12,19.51,COMPLETED,2025-07-14 14:39:51.0
541,242,2025-03-22 01:08:21.0,0.00,9.28,3.25,COMPLETED,2025-06-10 18:27:47.0
540,241,2025-10-11 09:01:51.0,0.00,26.49,3.00,CANCELLED,2025-05-25 19:58:46.0
539,240,2025-08-02 08:39:25.0,0.00,22.12,13.67,COMPLETED,2025-06-08 18:22:30.0
538,239,2025-06-24 03:34:11.0,0.00,39.54,14.04,COMPLETED,2025-03-26 20:38:21.0
537,238,2025-06-05 13:50:35.0,0.00,39.59,23.69,COMPLETED,2025-04-30 13:21:52.0
536,237,2025-05-06 00:58:34.0,0.00,31.61,2.23,COMPLETED,2025-06-09 11:37:39.0
535,236,2025-05-31 21:49:31.0,0.00,46.43,11.51,PENDING,2025-03-19 18:00:37.0
534,235,2025-12-08 22:36:31.0,0.00,35.72,22.60,COMPLETED,2025-08-07 10:55:22.0
533,234,2025-11-05 00:20:38.0,0.00,7.59,20.33,COMPLETED,2025-06-02 09:25:39.0
532,233,2025-02-18 07:43:55.0,0.00,17.29,19.87,COMPLETED,2026-01-09 08:54:28.0
531,232,2025-10-19 18:41:29.0,0.00,30.62,25.83,COMPLETED,2025-10-31 23:41:55.0
530,231,2025-02-21 06:00:22.0,0.00,8.06,28.08,CANCELLED,2025-05-20 11:14:15.0
529,230,2025-02-26 13:46:29.0,0.00,36.20,28.41,COMPLETED,2025-07-24 05:59:07.0
528,229,2025-07-15 16:47:25.0,0.00,33.50,17.50,COMPLETED,2025-10-30 22:02:10.0
527,228,2025-08-02 16:34:17.0,0.00,39.11,13.43,COMPLETED,2025-07-29 02:47:22.0
526,227,2025-05-04 07:34:45.0,0.00,49.27,24.98,COMPLETED,2025-12-22 07:26:25.0
525,226,2025-06-19 22:53:00.0,0.00,44.59,16.20,PENDING,2025-10-18 17:54:26.0
524,225,2025-03-23 04:17:39.0,0.00,27.00,25.18,COMPLETED,2025-03-28 14:27:29.0
523,224,2025-04-26 18:47:19.0,0.00,46.16,24.88,COMPLETED,2025-09-22 17:31:42.0
522,223,2025-09-16 22:09:21.0,0.00,7.64,1.66,COMPLETED,2025-03-13 09:03:09.0
521,222,2025-01-18 15:17:14.0,0.00,43.83,15.27,COMPLETED,2025-02-18 16:28:05.0
520,221,2025-02-11 22:47:04.0,0.00,10.05,25.82,CANCELLED,2025-05-08 07:08:15.0
519,220,2025-08-05 06:57:36.0,0.00,18.92,16.47,COMPLETED,2025-08-09 09:25:44.0
518,219,2025-08-24 16:20:25.0,0.00,23.61,13.74,COMPLETED,2025-03-08 06:29:16.0
517,218,2025-02-06 13:23:05.0,0.00,19.36,22.63,COMPLETED,2025-06-27 07:22:02.0
516,217,2025-11-19 04:45:55.0,0.00,42.62,2.32,COMPLETED,2025-12-09 11:17:35.0
515,216,2025-10-26 03:41:05.0,0.00,5.77,6.83,PENDING,2025-12-28 00:53:44.0
514,215,2025-06-30 00:56:27.0,0.00,22.35,23.54,COMPLETED,2025-02-25 09:35:28.0
513,214,2025-06-01 21:24:58.0,0.00,11.25,7.51,COMPLETED,2025-01-14 08:34:29.0
512,213,2025-03-09 22:30:10.0,0.00,17.73,16.79,COMPLETED,2025-01-23 11:48:44.0
511,212,2025-03-04 22:00:33.0,0.00,16.22,4.88,COMPLETED,2025-01-22 15:06:52.0
510,211,2025-11-16 09:41:56.0,0.00,48.94,13.86,CANCELLED,2025-04-18 18:01:40.0
509,210,2025-05-31 02:18:13.0,0.00,36.51,21.69,COMPLETED,2025-04-03 23:03:44.0
508,209,2025-09-03 12:27:47.0,0.00,47.24,9.15,COMPLETED,2025-11-23 02:46:37.0
507,208,2025-12-19 06:39:26.0,0.00,43.16,19.51,COMPLETED,2025-07-17 05:55:20.0
506,207,2025-06-15 07:51:42.0,0.00,33.67,17.47,COMPLETED,2025-02-25 16:59:53.0
505,206,2025-01-17 05:24:52.0,0.00,13.63,6.09,PENDING,2025-06-23 23:32:15.0
504,205,2025-08-23 18:36:15.0,0.00,23.52,29.13,COMPLETED,2025-05-03 01:58:39.0
503,204,2025-07-25 05:55:31.0,0.00,15.56,18.56,COMPLETED,2025-01-26 06:44:21.0
502,203,2025-05-09 09:22:05.0,0.00,14.52,17.09,COMPLETED,2025-02-17 02:49:08.0
501,202,2025-03-21 23:52:11.0,0.00,21.57,11.99,COMPLETED,2025-04-30 06:39:13.0
500,201,2025-08-13 21:38:55.0,0.00,45.66,24.71,CANCELLED,2025-02-21 01:32:49.0
499,200,2025-01-20 03:20:01.0,0.00,24.18,28.94,COMPLETED,2025-05-15 00:22:01.0
498,199,2025-06-13 17:26:46.0,0.00,24.67,10.07,COMPLETED,2025-03-11 12:16:21.0
497,198,2025-10-07 09:02:18.0,0.00,33.25,19.67,COMPLETED,2025-11-12 16:54:32.0
496,197,2025-12-08 10:37:48.0,0.00,47.58,13.22,COMPLETED,2025-07-01 03:44:30.0
495,196,2025-09-16 23:50:35.0,0.00,16.46,10.32,PENDING,2026-01-10 18:05:30.0
494,195,2025-12-16 05:12:34.0,0.00,25.58,4.51,COMPLETED,2025-08-25 08:04:47.0
493,194,2025-02-19 10:36:00.0,0.00,33.86,26.65,COMPLETED,2025-01-24 09:32:54.0
492,193,2025-01-24 03:01:38.0,0.00,11.48,10.40,COMPLETED,2025-04-24 12:22:55.0
491,192,2025-08-08 13:52:29.0,0.00,21.34,16.89,COMPLETED,2026-01-10 04:53:21.0
490,191,2025-03-02 17:02:42.0,0.00,24.99,29.71,CANCELLED,2025-08-08 11:49:27.0
489,190,2025-06-14 23:54:41.0,0.00,14.76,27.49,COMPLETED,2025-06-08 13:05:04.0
488,189,2025-05-27 22:22:47.0,0.00,15.14,3.63,COMPLETED,2025-11-12 10:40:44.0
487,188,2025-01-15 11:52:58.0,0.00,12.84,15.04,COMPLETED,2025-08-17 11:02:30.0
486,187,2025-05-04 18:16:31.0,0.00,17.31,17.80,COMPLETED,2025-12-09 15:24:02.0
485,186,2025-08-15 19:20:00.0,0.00,32.89,26.47,PENDING,2025-01-29 18:59:23.0
484,185,2025-09-25 20:47:59.0,0.00,11.37,13.97,COMPLETED,2025-02-26 08:36:49.0
483,184,2025-01-30 00:45:58.0,0.00,7.30,21.72,COMPLETED,2025-12-27 21:15:10.0
482,183,2025-08-29 16:38:52.0,0.00,44.24,25.81,COMPLETED,2025-10-12 21:01:19.0
481,182,2025-08-23 17:07:58.0,0.00,11.73,23.35,COMPLETED,2025-02-14 07:12:06.0
480,181,2025-10-04 12:12:32.0,0.00,41.11,26.46,CANCELLED,2026-01-03 01:05:13.0
479,180,2025-09-21 13:59:03.0,0.00,17.59,23.13,COMPLETED,2025-02-09 01:17:36.0
478,179,2025-04-30 05:01:31.0,0.00,42.37,21.21,COMPLETED,2025-08-04 08:16:50.0
477,178,2025-07-23 07:59:38.0,0.00,22.15,19.81,COMPLETED,2025-07-13 08:24:29.0
476,177,2025-10-22 17:22:21.0,0.00,49.85,18.06,COMPLETED,2025-04-19 11:42:30.0
475,176,2025-04-04 14:28:55.0,0.00,24.46,13.94,PENDING,2025-01-13 23:39:25.0
474,175,2025-11-25 19:46:07.0,0.00,42.32,11.07,COMPLETED,2025-12-20 17:28:18.0
473,174,2025-04-02 22:21:08.0,0.00,37.21,12.92,COMPLETED,2025-06-24 12:29:54.0
472,173,2025-10-14 10:54:01.0,0.00,43.92,17.72,COMPLETED,2025-11-24 12:59:07.0
471,172,2025-08-18 21:33:20.0,0.00,6.40,29.16,COMPLETED,2025-08-29 17:54:00.0
470,171,2025-03-21 00:48:58.0,0.00,18.63,17.04,CANCELLED,2025-04-29 12:11:00.0
469,170,2025-07-24 03:28:33.0,0.00,28.54,18.54,COMPLETED,2025-04-27 16:56:32.0
468,169,2025-04-03 08:22:07.0,0.00,29.52,16.21,COMPLETED,2025-03-30 13:10:24.0
467,168,2025-10-15 23:40:14.0,0.00,35.36,22.41,COMPLETED,2025-10-26 16:29:26.0
466,167,2025-05-10 11:19:44.0,0.00,23.48,7.55,COMPLETED,2025-04-17 14:36:10.0
465,166,2025-12-29 07:39:39.0,0.00,17.60,9.95,PENDING,2025-08-24 05:01:52.0
464,165,2025-05-08 04:31:41.0,0.00,23.22,9.04,COMPLETED,2025-01-18 13:42:56.0
463,164,2025-10-09 05:10:06.0,0.00,47.92,23.51,COMPLETED,2025-02-06 22:57:56.0
462,163,2025-10-25 12:13:27.0,0.00,35.64,14.69,COMPLETED,2025-03-29 00:08:00.0
461,162,2025-03-20 14:44:13.0,0.00,9.66,21.13,COMPLETED,2025-10-20 16:13:01.0
460,161,2025-02-27 22:06:19.0,0.00,37.46,18.50,CANCELLED,2025-06-06 16:52:27.0
459,160,2025-12-09 02:15:38.0,0.00,27.62,12.81,COMPLETED,2026-01-04 21:13:10.0
458,159,2025-05-07 10:18:28.0,0.00,42.95,18.04,COMPLETED,2025-06-12 06:47:40.0
457,158,2025-08-03 03:57:02.0,0.00,25.25,8.40,COMPLETED,2025-12-30 06:30:13.0
456,157,2025-07-16 01:39:14.0,0.00,11.18,25.10,COMPLETED,2025-04-12 10:36:20.0
455,156,2025-01-23 19:22:20.0,0.00,21.70,25.04,PENDING,2025-08-29 20:58:08.0
454,155,2025-09-11 15:19:16.0,0.00,7.72,28.30,COMPLETED,2025-02-12 01:45:53.0
453,154,2025-05-22 09:16:41.0,0.00,38.36,8.76,COMPLETED,2025-04-27 01:44:34.0
452,153,2025-05-02 15:39:33.0,0.00,42.63,24.87,COMPLETED,2025-05-26 06:02:49.0
451,152,2025-06-30 06:42:03.0,0.00,31.54,1.73,COMPLETED,2025-10-06 03:48:03.0
450,151,2025-08-06 18:14:51.0,0.00,29.68,17.65,CANCELLED,2025-07-07 08:11:19.0
449,150,2025-03-19 01:41:49.0,0.00,45.13,4.62,COMPLETED,2025-08-19 08:22:40.0
448,149,2025-02-21 21:49:54.0,0.00,12.09,22.44,COMPLETED,2025-06-25 21:04:36.0
447,148,2025-01-29 04:31:54.0,0.00,8.51,25.24,COMPLETED,2025-01-22 00:32:42.0
446,147,2025-09-18 02:29:46.0,0.00,6.80,27.05,COMPLETED,2025-01-25 20:41:28.0
445,146,2025-12-25 21:01:46.0,0.00,27.76,14.85,PENDING,2025-11-24 08:33:18.0
444,145,2025-06-08 09:11:31.0,0.00,11.28,8.81,COMPLETED,2025-12-19 12:18:38.0
443,144,2025-02-07 05:50:40.0,0.00,29.99,10.44,COMPLETED,2025-03-08 13:37:38.0
442,143,2025-07-21 20:04:23.0,0.00,20.26,12.55,COMPLETED,2025-10-03 09:57:09.0
441,142,2025-01-27 18:10:07.0,0.00,45.26,16.52,COMPLETED,2025-03-08 23:14:04.0
440,141,2025-08-21 20:10:57.0,0.00,18.44,5.71,CANCELLED,2025-01-23 04:11:25.0
439,140,2025-06-13 05:57:12.0,0.00,11.36,8.65,COMPLETED,2025-11-26 00:06:48.0
438,139,2025-05-13 15:32:40.0,0.00,30.27,17.44,COMPLETED,2025-04-12 14:39:24.0
437,138,2025-06-12 23:16:49.0,0.00,49.32,8.67,COMPLETED,2025-11-11 01:33:04.0
436,137,2025-02-11 09:14:27.0,0.00,9.41,5.36,COMPLETED,2025-09-27 08:43:28.0
435,136,2025-06-11 23:50:38.0,0.00,46.80,11.34,PENDING,2025-10-05 09:27:49.0
434,135,2025-06-15 01:17:54.0,0.00,31.74,29.87,COMPLETED,2025-04-09 11:13:56.0
433,134,2025-08-27 11:40:24.0,0.00,41.75,24.61,COMPLETED,2025-05-01 11:13:40.0
432,133,2025-07-27 13:56:46.0,0.00,39.16,14.72,COMPLETED,2025-11-22 05:13:46.0
431,132,2025-07-22 09:57:58.0,0.00,7.91,8.00,COMPLETED,2025-09-23 18:59:26.0
430,131,2025-02-08 01:19:20.0,0.00,27.60,29.69,CANCELLED,2025-01-23 08:20:39.0
429,130,2025-05-07 07:02:40.0,0.00,5.19,6.76,COMPLETED,2025-12-24 21:28:01.0
428,129,2025-10-06 18:52:19.0,0.00,44.90,10.97,COMPLETED,2025-05-27 08:24:29.0
427,128,2025-06-10 13:27:10.0,0.00,11.53,3.34,COMPLETED,2025-03-16 11:26:56.0
426,127,2025-05-15 07:06:11.0,0.00,33.64,24.94,COMPLETED,2026-01-05 10:57:03.0
425,126,2025-10-04 01:37:34.0,0.00,28.50,27.10,PENDING,2025-01-28 22:58:11.0
424,125,2025-10-16 21:09:52.0,0.00,12.59,17.60,COMPLETED,2025-06-11 00:43:19.0
423,124,2025-06-05 22:36:57.0,0.00,31.26,23.80,COMPLETED,2025-10-27 14:11:05.0
422,123,2026-01-11 11:31:39.0,0.00,6.57,22.87,COMPLETED,2025-07-08 15:58:04.0
421,122,2025-11-11 18:42:55.0,0.00,25.03,25.60,COMPLETED,2025-07-05 11:34:35.0
420,121,2025-12-30 01:03:38.0,0.00,47.54,23.29,CANCELLED,2025-01-22 23:34:40.0
419,120,2025-03-04 00:32:21.0,0.00,43.61,27.58,COMPLETED,2025-03-07 09:51:22.0
418,119,2025-12-20 18:45:42.0,0.00,18.34,6.41,COMPLETED,2025-02-26 12:44:01.0
417,118,2025-09-01 06:39:51.0,0.00,45.31,9.08,COMPLETED,2026-01-02 08:23:31.0
416,117,2025-12-26 06:52:31.0,0.00,45.31,22.69,COMPLETED,2025-07-25 00:29:57.0
415,116,2025-07-28 10:37:43.0,0.00,15.95,5.52,PENDING,2025-05-12 22:11:53.0
414,115,2025-03-30 07:19:26.0,0.00,19.58,4.42,COMPLETED,2025-08-31 15:23:24.0
413,114,2025-11-17 07:20:51.0,0.00,38.13,7.63,COMPLETED,2025-10-23 00:27:18.0
412,113,2025-02-21 01:08:37.0,0.00,21.65,14.04,COMPLETED,2025-02-02 17:09:41.0
411,112,2025-10-22 14:59:37.0,0.00,22.15,8.07,COMPLETED,2025-03-01 18:37:55.0
410,111,2025-11-14 04:14:43.0,0.00,20.57,13.20,CANCELLED,2025-12-07 08:24:04.0
409,110,2025-12-24 02:16:30.0,0.00,21.37,13.40,COMPLETED,2025-12-02 16:28:46.0
408,109,2025-04-21 01:11:18.0,0.00,35.59,27.59,COMPLETED,2025-08-25 12:56:40.0
407,108,2025-03-20 13:09:58.0,0.00,24.54,7.28,COMPLETED,2025-05-30 22:20:40.0
406,107,2025-01-28 05:38:54.0,0.00,35.06,15.37,COMPLETED,2025-03-19 05:58:34.0
405,106,2025-05-19 18:40:33.0,0.00,26.77,18.81,PENDING,2025-12-27 07:49:36.0
404,105,2025-03-04 01:04:57.0,0.00,37.29,26.39,COMPLETED,2025-12-12 10:22:41.0
403,104,2025-08-13 19:09:36.0,0.00,5.15,14.58,COMPLETED,2025-11-13 15:58:17.0
402,103,2025-02-04 17:56:44.0,0.00,21.59,29.39,COMPLETED,2025-09-02 23:09:42.0
401,102,2025-06-26 23:09:35.0,0.00,6.28,1.78,COMPLETED,2025-07-03 02:08:25.0
400,101,2025-10-08 15:44:33.0,0.00,10.62,25.03,CANCELLED,2025-09-27 12:28:41.0
399,100,2025-09-28 19:25:17.0,0.00,35.22,4.54,COMPLETED,2025-11-07 04:57:08.0
398,99,2026-01-10 14:29:07.0,0.00,12.99,15.34,COMPLETED,2025-09-02 13:53:48.0
397,98,2025-05-09 10:10:37.0,0.00,15.02,27.48,COMPLETED,2025-12-15 08:57:14.0
396,97,2025-11-10 19:28:10.0,0.00,40.79,11.64,COMPLETED,2025-12-22 14:23:12.0
395,96,2025-03-14 10:43:14.0,0.00,6.16,10.77,PENDING,2025-02-20 23:55:17.0
394,95,2025-09-04 03:32:16.0,0.00,32.37,25.69,COMPLETED,2025-05-31 11:16:04.0
393,94,2025-07-03 07:29:26.0,0.00,11.66,10.05,COMPLETED,2025-12-31 17:25:34.0
392,93,2025-12-29 14:16:38.0,0.00,40.23,6.03,COMPLETED,2025-11-25 18:37:26.0
391,92,2025-08-18 21:08:13.0,0.00,24.42,17.56,COMPLETED,2025-07-01 18:58:09.0
390,91,2025-01-16 17:26:16.0,0.00,8.13,11.17,CANCELLED,2025-03-21 10:54:26.0
389,90,2025-07-05 09:22:37.0,0.00,22.64,20.33,COMPLETED,2025-06-18 07:59:14.0
388,89,2025-11-10 19:32:18.0,0.00,19.93,16.00,COMPLETED,2025-09-04 22:39:34.0
387,88,2025-04-10 01:55:25.0,0.00,23.05,21.77,COMPLETED,2025-01-16 06:38:00.0
386,87,2025-11-21 11:36:39.0,0.00,26.66,28.59,COMPLETED,2025-05-04 09:29:00.0
385,86,2025-01-28 13:41:45.0,0.00,43.69,3.92,PENDING,2025-06-13 12:15:47.0
384,85,2025-12-12 12:27:07.0,0.00,47.15,24.98,COMPLETED,2025-05-11 06:36:36.0
383,84,2025-07-03 01:56:44.0,0.00,18.08,17.13,COMPLETED,2025-09-11 02:18:39.0
382,83,2025-04-25 01:19:08.0,0.00,42.87,9.07,COMPLETED,2026-01-09 05:27:21.0
381,82,2025-03-06 06:16:48.0,0.00,24.58,9.98,COMPLETED,2025-09-09 20:02:08.0
380,81,2025-02-23 02:45:04.0,0.00,44.50,20.04,CANCELLED,2025-11-17 11:51:38.0
379,80,2025-11-11 01:51:50.0,0.00,35.23,2.37,COMPLETED,2025-04-23 14:36:56.0
378,79,2025-08-02 03:27:11.0,0.00,9.61,28.72,COMPLETED,2025-07-16 08:40:21.0
377,78,2025-10-01 05:53:52.0,0.00,10.09,26.38,COMPLETED,2025-10-20 20:16:27.0
376,77,2025-03-09 03:36:15.0,0.00,11.78,23.95,COMPLETED,2025-09-10 21:41:58.0
375,76,2025-07-15 13:18:55.0,0.00,9.09,3.39,PENDING,2025-09-17 07:46:55.0
374,75,2025-12-06 00:49:05.0,0.00,18.30,20.58,COMPLETED,2025-09-02 22:46:14.0
373,74,2025-07-06 04:33:19.0,0.00,9.11,11.26,COMPLETED,2025-01-17 09:34:28.0
372,73,2025-11-24 05:44:44.0,0.00,6.87,16.24,COMPLETED,2025-07-31 01:07:10.0
371,72,2025-08-22 21:38:53.0,0.00,43.09,29.55,COMPLETED,2025-03-02 06:09:20.0
370,71,2025-07-18 19:38:34.0,0.00,47.10,5.22,CANCELLED,2025-07-19 19:34:11.0
369,70,2025-07-10 13:04:35.0,0.00,24.87,7.04,COMPLETED,2025-10-19 23:27:32.0
368,69,2025-10-17 16:09:12.0,0.00,24.20,5.83,COMPLETED,2025-02-13 13:25:09.0
367,68,2025-05-28 04:14:29.0,0.00,39.54,3.36,COMPLETED,2025-09-18 15:59:35.0
366,67,2025-06-12 05:48:21.0,0.00,43.16,11.22,COMPLETED,2025-10-31 15:45:11.0
365,66,2025-12-06 07:57:37.0,0.00,19.67,20.93,PENDING,2025-11-09 06:07:00.0
364,65,2025-04-17 21:34:02.0,0.00,28.14,28.75,COMPLETED,2025-07-25 22:56:10.0
363,64,2025-03-17 05:33:32.0,0.00,42.94,27.24,COMPLETED,2025-05-24 03:28:09.0
362,63,2025-12-13 12:33:52.0,0.00,24.09,29.54,COMPLETED,2025-02-28 03:12:12.0
361,62,2025-04-21 15:27:54.0,0.00,37.88,1.28,COMPLETED,2025-04-10 02:23:35.0
360,61,2025-08-20 00:42:16.0,0.00,16.52,28.35,CANCELLED,2025-07-24 09:12:24.0
359,60,2025-09-06 14:05:42.0,0.00,13.90,12.71,COMPLETED,2025-11-09 16:37:12.0
358,59,2025-11-27 05:31:27.0,0.00,32.99,3.45,COMPLETED,2025-12-23 13:04:36.0
357,58,2025-05-18 10:56:48.0,0.00,29.73,28.30,COMPLETED,2025-09-10 05:24:25.0
356,57,2025-11-19 07:49:48.0,0.00,7.92,28.59,COMPLETED,2025-10-06 16:23:53.0
355,56,2025-11-06 18:53:24.0,0.00,40.16,13.53,PENDING,2025-08-03 19:59:43.0
354,55,2025-02-12 12:13:28.0,0.00,49.26,15.02,COMPLETED,2025-05-05 18:01:19.0
353,54,2025-03-09 22:35:38.0,0.00,24.50,11.54,COMPLETED,2025-02-17 10:54:24.0
352,53,2025-12-25 21:31:42.0,0.00,48.54,23.14,COMPLETED,2025-09-26 22:28:50.0
351,52,2025-03-23 08:55:31.0,0.00,29.91,12.15,COMPLETED,2025-09-09 07:57:16.0
350,51,2025-07-17 16:34:29.0,0.00,35.46,17.32,CANCELLED,2025-05-07 16:36:17.0
349,50,2025-05-06 05:14:57.0,0.00,7.13,12.93,COMPLETED,2025-07-29 12:31:47.0
348,49,2025-03-11 11:06:16.0,0.00,9.49,28.29,COMPLETED,2025-09-28 18:32:59.0
347,48,2025-05-30 07:32:56.0,0.00,18.42,11.64,COMPLETED,2025-12-05 19:13:55.0
346,47,2025-11-27 16:01:39.0,0.00,24.49,15.28,COMPLETED,2025-05-22 12:28:53.0
345,46,2025-10-16 01:05:14.0,0.00,40.95,24.58,PENDING,2025-12-22 08:55:16.0
344,45,2025-03-09 09:46:05.0,0.00,25.31,2.71,COMPLETED,2025-08-21 07:57:01.0
343,44,2025-06-16 08:05:05.0,0.00,32.47,5.01,COMPLETED,2025-07-21 12:16:43.0
342,43,2025-06-08 05:49:36.0,0.00,7.25,4.59,COMPLETED,2025-05-17 16:04:53.0
341,42,2025-12-19 07:24:32.0,0.00,44.88,13.01,COMPLETED,2025-09-15 17:27:40.0
340,41,2025-04-04 15:48:54.0,0.00,26.85,15.25,CANCELLED,2025-03-14 05:54:26.0
339,40,2025-12-24 18:19:45.0,0.00,7.24,18.98,COMPLETED,2025-09-24 00:47:50.0
338,39,2025-07-16 19:07:20.0,0.00,31.91,27.35,COMPLETED,2025-09-01 11:14:21.0
337,38,2025-12-04 05:27:21.0,0.00,14.07,13.04,COMPLETED,2025-02-18 05:59:40.0
336,37,2025-03-06 03:38:20.0,0.00,24.90,17.03,COMPLETED,2025-02-18 04:05:20.0
335,36,2025-10-23 08:04:36.0,0.00,41.23,19.36,PENDING,2025-12-13 07:27:48.0
334,35,2025-09-16 00:21:10.0,0.00,21.16,18.65,COMPLETED,2025-12-06 00:30:30.0
333,34,2025-06-10 15:05:16.0,0.00,30.89,20.66,COMPLETED,2025-12-21 02:45:22.0
332,33,2025-06-21 10:44:05.0,0.00,28.80,16.21,COMPLETED,2025-11-28 01:11:46.0
331,32,2025-09-29 23:25:49.0,0.00,6.92,12.13,COMPLETED,2025-02-15 11:45:25.0
330,31,2025-05-31 05:34:33.0,0.00,23.36,27.05,CANCELLED,2025-11-17 01:14:09.0
329,30,2025-08-07 04:56:26.0,0.00,39.79,29.34,COMPLETED,2025-12-24 02:11:39.0
328,29,2026-01-12 14:02:39.0,0.00,15.87,13.80,COMPLETED,2026-01-05 14:27:55.0
327,28,2025-10-16 11:45:19.0,0.00,27.15,7.03,COMPLETED,2025-09-06 20:02:43.0
326,27,2025-04-18 10:59:55.0,0.00,16.22,28.87,COMPLETED,2025-09-01 21:26:53.0
325,26,2025-12-15 08:44:41.0,0.00,5.45,20.32,PENDING,2025-04-29 13:15:35.0
324,25,2025-10-02 21:21:17.0,0.00,8.90,21.29,COMPLETED,2025-04-14 00:18:04.0
323,24,2025-07-26 20:05:03.0,0.00,20.11,7.50,COMPLETED,2025-09-03 12:04:40.0
322,23,2025-12-13 14:21:18.0,0.00,32.79,1.02,COMPLETED,2025-07-02 21:17:25.0
321,22,2025-03-05 09:41:20.0,0.00,37.93,18.32,COMPLETED,2025-10-02 10:54:27.0
320,21,2025-09-17 12:41:37.0,0.00,8.48,12.55,CANCELLED,2025-10-16 07:56:38.0
319,20,2025-12-26 13:23:15.0,0.00,31.29,27.36,COMPLETED,2025-01-25 08:58:20.0
318,19,2025-05-28 11:20:17.0,0.00,26.49,25.04,COMPLETED,2025-04-06 18:33:20.0
317,18,2025-05-07 02:05:15.0,0.00,47.86,24.73,COMPLETED,2026-01-04 14:22:01.0
316,17,2025-01-24 08:46:30.0,0.00,5.23,12.81,COMPLETED,2025-09-01 20:18:01.0
315,16,2025-11-16 01:42:44.0,0.00,36.68,6.11,PENDING,2025-05-04 13:52:57.0
314,15,2026-01-02 04:17:16.0,0.00,46.56,25.46,COMPLETED,2025-11-01 17:00:34.0
313,14,2025-09-19 04:59:47.0,0.00,34.64,17.91,COMPLETED,2025-10-17 14:59:20.0
312,13,2025-12-14 22:51:27.0,0.00,16.81,13.18,COMPLETED,2025-11-05 04:58:09.0
311,12,2025-12-20 19:08:58.0,0.00,10.66,6.56,COMPLETED,2025-05-23 15:37:01.0
310,11,2025-08-24 00:14:19.0,0.00,17.38,20.70,CANCELLED,2025-09-13 04:50:33.0
309,10,2025-08-29 16:30:50.0,0.00,39.34,5.63,COMPLETED,2025-07-04 13:03:38.0
308,9,2025-10-13 03:33:20.0,0.00,12.19,23.45,COMPLETED,2025-03-26 18:49:05.0
307,8,2025-02-09 23:52:59.0,0.00,14.11,5.32,COMPLETED,2025-09-04 18:39:28.0
306,7,2025-02-23 07:03:02.0,0.00,7.69,20.06,COMPLETED,2025-10-28 14:46:48.0
305,6,2025-04-29 20:20:31.0,0.00,46.48,12.38,PENDING,2025-10-08 04:04:15.0
304,5,2025-05-27 11:03:51.0,0.00,20.98,24.15,COMPLETED,2025-07-16 17:51:36.0
303,4,2025-01-17 00:43:20.0,0.00,46.67,23.99,COMPLETED,2025-09-29 07:54:05.0
302,3,2025-08-04 07:15:46.0,0.00,41.52,7.70,COMPLETED,2025-06-06 16:53:33.0
301,2,2025-10-05 14:03:43.0,0.00,48.03,17.10,COMPLETED,2025-03-20 20:43:25.0
300,1,2025-09-07 04:52:27.0,0.00,48.63,8.72,CANCELLED,2025-05-27 02:34:29.0
299,300,2025-07-22 05:33:46.0,0.00,22.82,8.72,COMPLETED,2025-09-19 08:31:47.0
298,299,2026-01-09 01:29:19.0,0.00,37.59,14.46,COMPLETED,2025-02-10 01:57:31.0
297,298,2025-09-10 01:03:22.0,0.00,11.19,10.66,COMPLETED,2025-02-18 16:06:44.0
296,297,2025-12-13 02:44:01.0,0.00,31.02,2.28,COMPLETED,2025-12-16 17:31:54.0
295,296,2025-07-04 01:41:31.0,0.00,23.80,7.03,PENDING,2025-09-10 18:52:25.0
294,295,2026-01-10 10:43:10.0,0.00,17.71,26.91,COMPLETED,2025-11-22 21:09:23.0
293,294,2025-04-22 06:09:11.0,0.00,28.82,28.16,COMPLETED,2025-03-16 05:12:31.0
292,293,2025-10-11 23:31:05.0,0.00,12.41,18.27,COMPLETED,2025-04-21 10:36:21.0
291,292,2025-11-18 13:44:23.0,0.00,30.71,18.07,COMPLETED,2025-07-18 04:32:16.0
290,291,2025-10-30 02:06:13.0,0.00,7.46,10.02,CANCELLED,2025-04-24 11:11:42.0
289,290,2025-12-16 12:08:12.0,0.00,30.81,21.82,COMPLETED,2025-08-01 08:31:53.0
288,289,2025-03-23 06:56:24.0,0.00,12.26,27.62,COMPLETED,2025-12-10 18:09:11.0
287,288,2025-02-17 17:21:28.0,0.00,38.45,1.58,COMPLETED,2025-04-24 10:12:19.0
286,287,2025-12-21 05:56:51.0,0.00,13.37,11.85,COMPLETED,2025-07-02 09:02:32.0
285,286,2025-04-06 09:09:17.0,0.00,45.88,24.41,PENDING,2025-04-05 16:27:16.0
284,285,2025-05-04 10:56:40.0,0.00,48.01,12.98,COMPLETED,2025-04-18 06:28:38.0
283,284,2025-01-14 02:19:51.0,0.00,39.63,13.16,COMPLETED,2025-02-26 04:21:23.0
282,283,2025-07-04 08:52:10.0,0.00,46.54,20.15,COMPLETED,2025-01-30 23:24:08.0
281,282,2025-10-19 00:44:05.0,0.00,40.39,12.54,COMPLETED,2025-07-20 15:51:47.0
280,281,2025-04-07 20:11:50.0,0.00,41.93,27.35,CANCELLED,2025-09-04 04:00:12.0
279,280,2025-01-28 22:23:13.0,0.00,41.96,21.94,COMPLETED,2025-11-15 05:09:01.0
278,279,2025-03-29 14:31:45.0,0.00,18.48,22.80,COMPLETED,2025-03-07 16:41:47.0
277,278,2025-04-24 05:48:00.0,0.00,22.21,5.41,COMPLETED,2025-04-30 06:24:03.0
276,277,2025-02-10 20:35:52.0,0.00,17.71,12.44,COMPLETED,2025-09-04 12:03:59.0
275,276,2025-03-07 14:21:15.0,0.00,18.00,6.09,PENDING,2025-10-19 17:13:27.0
274,275,2025-01-30 10:56:38.0,0.00,49.62,8.33,COMPLETED,2025-06-23 09:34:59.0
273,274,2025-06-17 07:35:28.0,0.00,8.73,1.61,COMPLETED,2025-03-06 06:54:39.0
272,273,2025-01-20 22:51:40.0,0.00,39.32,13.60,COMPLETED,2025-07-07 22:07:22.0
271,272,2026-01-06 21:36:47.0,0.00,22.59,22.94,COMPLETED,2025-12-07 14:44:38.0
270,271,2025-01-29 04:41:40.0,0.00,23.62,17.27,CANCELLED,2025-12-23 20:50:56.0
269,270,2025-12-08 05:59:02.0,0.00,36.97,18.22,COMPLETED,2025-11-06 08:13:59.0
268,269,2025-07-04 01:51:18.0,0.00,29.18,20.44,COMPLETED,2025-12-07 00:59:16.0
267,268,2025-04-02 17:20:53.0,0.00,11.88,23.19,COMPLETED,2025-06-30 14:25:38.0
266,267,2025-11-08 03:13:30.0,0.00,5.30,12.20,COMPLETED,2025-08-24 03:10:18.0
265,266,2025-03-13 16:01:09.0,0.00,30.55,2.88,PENDING,2025-05-31 06:38:35.0
264,265,2025-04-14 22:38:32.0,0.00,22.14,22.41,COMPLETED,2025-05-04 07:27:11.0
263,264,2025-10-10 03:01:06.0,0.00,5.62,23.87,COMPLETED,2025-01-26 02:39:29.0
262,263,2025-05-01 12:18:18.0,0.00,22.36,18.75,COMPLETED,2025-09-28 01:53:57.0
261,262,2025-04-05 13:10:14.0,0.00,36.60,16.19,COMPLETED,2025-05-26 06:06:32.0
260,261,2025-05-11 00:37:18.0,0.00,47.65,18.56,CANCELLED,2025-03-04 13:14:02.0
259,260,2025-05-10 03:02:23.0,0.00,5.36,1.53,COMPLETED,2025-08-20 18:03:03.0
258,259,2025-09-07 13:02:16.0,0.00,31.99,1.71,COMPLETED,2025-04-19 06:27:09.0
257,258,2025-03-29 14:45:59.0,0.00,5.12,18.47,COMPLETED,2025-03-31 06:12:58.0
256,257,2025-07-21 16:51:50.0,0.00,30.75,24.25,COMPLETED,2025-10-07 09:47:45.0
255,256,2025-09-16 08:45:10.0,0.00,22.80,6.42,PENDING,2025-01-29 07:05:17.0
254,255,2025-03-05 10:44:28.0,0.00,31.18,28.03,COMPLETED,2025-03-25 05:56:43.0
253,254,2025-04-29 21:04:04.0,0.00,39.89,4.91,COMPLETED,2025-09-01 11:25:00.0
252,253,2025-10-05 14:32:28.0,0.00,31.14,29.49,COMPLETED,2025-05-21 22:42:16.0
251,252,2025-02-18 13:37:22.0,0.00,42.61,29.00,COMPLETED,2025-10-04 21:50:53.0
250,251,2025-07-20 06:43:48.0,0.00,12.99,17.80,CANCELLED,2025-07-25 13:59:46.0
249,250,2025-01-25 14:04:55.0,0.00,43.91,24.98,COMPLETED,2025-03-16 10:16:23.0
248,249,2025-04-05 16:18:13.0,0.00,10.51,14.16,COMPLETED,2025-03-25 15:56:45.0
247,248,2025-11-17 13:06:07.0,0.00,5.01,17.46,COMPLETED,2025-11-16 15:38:29.0
246,247,2025-11-28 00:26:44.0,0.00,9.38,29.00,COMPLETED,2025-01-29 10:34:00.0
245,246,2025-03-14 13:45:57.0,0.00,43.02,2.23,PENDING,2025-04-17 05:03:29.0
244,245,2025-09-23 20:25:19.0,0.00,12.75,1.59,COMPLETED,2025-06-25 07:13:22.0
243,244,2025-09-25 16:38:59.0,0.00,46.85,6.10,COMPLETED,2025-04-07 01:30:49.0
242,243,2025-11-07 11:43:13.0,0.00,21.15,4.44,COMPLETED,2025-01-15 06:35:19.0
241,242,2025-05-20 13:46:45.0,0.00,19.64,25.01,COMPLETED,2026-01-02 01:39:22.0
240,241,2025-10-17 07:54:25.0,0.00,39.37,18.87,CANCELLED,2025-01-23 01:09:17.0
239,240,2025-03-23 05:52:28.0,0.00,43.88,22.25,COMPLETED,2025-08-23 12:21:05.0
238,239,2025-01-24 22:21:43.0,0.00,9.52,17.25,COMPLETED,2025-08-09 21:17:42.0
237,238,2025-11-11 18:16:56.0,0.00,48.74,20.14,COMPLETED,2025-11-03 06:29:23.0
236,237,2025-05-21 19:29:19.0,0.00,10.69,2.71,COMPLETED,2025-06-14 15:31:54.0
235,236,2025-11-17 23:06:09.0,0.00,33.91,2.07,PENDING,2025-03-28 17:02:29.0
234,235,2025-02-13 04:40:13.0,0.00,5.52,15.68,COMPLETED,2025-07-22 13:16:49.0
233,234,2025-11-21 01:37:40.0,0.00,18.09,8.75,COMPLETED,2025-11-09 14:49:45.0
232,233,2025-04-06 03:37:55.0,0.00,6.15,16.57,COMPLETED,2025-07-01 09:56:42.0
231,232,2025-08-26 09:52:35.0,0.00,43.88,6.36,COMPLETED,2025-03-09 23:51:30.0
230,231,2025-11-29 02:57:39.0,0.00,13.04,4.28,CANCELLED,2025-08-06 15:06:19.0
229,230,2025-03-12 04:25:20.0,0.00,34.59,26.90,COMPLETED,2025-08-28 00:25:48.0
228,229,2025-12-02 17:55:18.0,0.00,12.69,25.73,COMPLETED,2025-05-25 01:22:25.0
227,228,2025-03-16 20:27:46.0,0.00,21.25,2.69,COMPLETED,2025-05-20 17:56:08.0
226,227,2025-06-02 05:39:19.0,0.00,14.68,7.58,COMPLETED,2025-12-14 23:27:47.0
225,226,2025-12-27 08:21:16.0,0.00,47.67,20.69,PENDING,2025-02-24 23:20:26.0
224,225,2025-12-18 00:27:53.0,0.00,40.59,29.64,COMPLETED,2025-11-29 03:16:35.0
223,224,2025-04-18 08:02:43.0,0.00,28.09,3.28,COMPLETED,2025-10-02 12:30:00.0
222,223,2025-05-08 20:03:20.0,0.00,26.49,8.93,COMPLETED,2025-08-13 04:04:35.0
221,222,2025-05-21 13:45:12.0,0.00,40.66,17.94,COMPLETED,2025-08-25 14:55:28.0
220,221,2025-06-23 06:06:35.0,0.00,36.57,23.75,CANCELLED,2025-08-10 13:20:14.0
219,220,2025-07-17 22:31:34.0,0.00,13.86,18.74,COMPLETED,2025-08-26 11:38:05.0
218,219,2025-04-04 20:19:46.0,0.00,49.24,2.10,COMPLETED,2025-08-15 04:29:45.0
217,218,2025-05-04 03:59:45.0,0.00,44.15,23.77,COMPLETED,2025-02-17 21:45:33.0
216,217,2025-05-05 01:18:37.0,0.00,34.04,27.25,COMPLETED,2025-05-05 09:57:29.0
215,216,2025-01-17 08:33:22.0,0.00,7.25,3.12,PENDING,2025-07-11 23:54:30.0
214,215,2025-12-10 08:45:42.0,0.00,23.51,12.21,COMPLETED,2025-08-10 19:04:10.0
213,214,2025-06-12 21:52:21.0,0.00,33.48,22.73,COMPLETED,2025-05-12 02:31:10.0
212,213,2025-12-04 23:56:49.0,0.00,33.54,6.13,COMPLETED,2025-03-22 22:52:11.0
211,212,2025-08-10 20:13:00.0,0.00,12.89,5.73,COMPLETED,2025-04-05 16:24:39.0
210,211,2025-06-13 08:07:32.0,0.00,24.16,26.69,CANCELLED,2025-09-27 21:36:54.0
209,210,2025-08-09 16:27:22.0,0.00,36.07,13.76,COMPLETED,2025-06-19 01:44:23.0
208,209,2025-09-28 03:05:55.0,0.00,17.28,3.64,COMPLETED,2025-03-10 08:35:53.0
207,208,2025-03-13 12:24:01.0,0.00,5.74,2.25,COMPLETED,2025-02-15 22:49:46.0
206,207,2025-10-04 08:37:25.0,0.00,46.64,16.21,COMPLETED,2025-01-24 05:28:52.0
205,206,2025-01-18 05:12:55.0,0.00,19.23,1.98,PENDING,2025-03-14 08:38:32.0
204,205,2025-09-19 10:34:10.0,0.00,20.83,3.82,COMPLETED,2025-04-17 00:12:02.0
203,204,2025-10-08 14:26:16.0,0.00,5.30,13.47,COMPLETED,2025-10-26 20:26:53.0
202,203,2025-10-26 17:44:44.0,0.00,23.98,17.07,COMPLETED,2025-12-22 22:38:00.0
201,202,2025-06-13 03:36:18.0,0.00,48.83,1.20,COMPLETED,2025-11-14 03:31:07.0
200,201,2025-08-20 14:49:55.0,0.00,12.51,26.72,CANCELLED,2025-08-14 20:43:21.0
199,200,2025-03-18 14:35:25.0,0.00,17.22,18.37,COMPLETED,2025-02-14 15:24:42.0
198,199,2025-07-30 02:46:38.0,0.00,38.97,16.57,COMPLETED,2025-08-08 07:03:10.0
197,198,2026-01-02 04:06:47.0,0.00,23.87,22.61,COMPLETED,2025-02-01 13:57:12.0
196,197,2025-09-05 04:55:48.0,0.00,12.42,26.27,COMPLETED,2025-03-17 08:08:59.0
195,196,2025-10-10 01:55:44.0,0.00,25.48,20.82,PENDING,2025-10-04 11:16:08.0
194,195,2025-07-11 04:56:00.0,0.00,10.69,12.20,COMPLETED,2025-05-11 16:33:30.0
193,194,2025-11-20 11:49:37.0,0.00,30.53,13.11,COMPLETED,2025-11-26 09:04:51.0
192,193,2025-08-28 02:48:03.0,0.00,28.45,12.26,COMPLETED,2025-12-10 11:50:45.0
191,192,2025-04-27 17:01:24.0,0.00,30.59,17.56,COMPLETED,2025-12-12 19:14:03.0
190,191,2025-03-06 12:27:15.0,0.00,11.85,14.93,CANCELLED,2025-10-07 01:14:11.0
189,190,2025-03-28 17:38:25.0,0.00,41.43,10.37,COMPLETED,2025-11-17 17:14:07.0
188,189,2025-05-19 19:31:16.0,0.00,8.97,2.03,COMPLETED,2025-02-27 08:11:16.0
187,188,2025-10-07 05:49:54.0,0.00,5.89,17.14,COMPLETED,2025-02-27 20:51:12.0
186,187,2025-07-02 09:32:48.0,0.00,44.50,23.58,COMPLETED,2025-03-29 11:34:35.0
185,186,2025-04-26 10:57:55.0,0.00,16.53,21.32,PENDING,2025-07-09 23:00:09.0
184,185,2025-12-10 22:26:07.0,0.00,18.77,8.96,COMPLETED,2025-10-07 05:24:54.0
183,184,2026-01-01 11:26:42.0,0.00,14.90,3.79,COMPLETED,2025-06-11 17:52:28.0
182,183,2025-05-31 12:41:01.0,0.00,17.06,4.75,COMPLETED,2025-01-16 04:03:18.0
181,182,2025-08-17 07:39:45.0,0.00,15.82,27.05,COMPLETED,2025-03-25 01:22:56.0
180,181,2025-06-09 20:28:12.0,0.00,33.45,11.09,CANCELLED,2025-06-11 17:17:14.0
179,180,2025-08-29 21:48:59.0,0.00,45.07,26.13,COMPLETED,2025-02-17 19:38:26.0
178,179,2025-01-15 17:44:05.0,0.00,8.26,8.15,COMPLETED,2025-11-30 04:33:25.0
177,178,2025-10-18 10:43:37.0,0.00,27.27,14.70,COMPLETED,2025-01-21 04:28:44.0
176,177,2025-07-03 01:29:15.0,0.00,31.55,1.66,COMPLETED,2025-07-19 17:35:38.0
175,176,2025-07-25 21:27:39.0,0.00,30.04,27.42,PENDING,2025-07-09 02:45:33.0
174,175,2025-10-02 21:19:09.0,0.00,5.98,22.47,COMPLETED,2025-08-04 01:25:29.0
173,174,2025-08-12 10:41:45.0,0.00,22.00,5.45,COMPLETED,2025-05-20 07:56:35.0
172,173,2025-07-08 02:12:14.0,0.00,25.78,19.31,COMPLETED,2025-05-18 04:09:39.0
171,172,2026-01-01 15:37:26.0,0.00,15.05,23.73,COMPLETED,2025-04-25 12:07:40.0
170,171,2025-12-22 13:19:22.0,0.00,27.52,9.21,CANCELLED,2025-04-01 01:21:49.0
169,170,2025-07-06 03:31:48.0,0.00,26.36,9.96,COMPLETED,2025-06-15 13:29:23.0
168,169,2025-07-05 00:59:57.0,0.00,32.00,16.31,COMPLETED,2025-05-08 14:57:52.0
167,168,2025-11-12 03:31:39.0,0.00,6.37,3.53,COMPLETED,2025-10-15 09:15:12.0
166,167,2025-08-25 14:22:22.0,0.00,11.05,1.03,COMPLETED,2025-05-06 22:04:55.0
165,166,2025-12-11 09:52:08.0,0.00,11.76,4.09,PENDING,2025-11-20 19:15:23.0
164,165,2025-02-11 12:05:31.0,0.00,27.25,23.90,COMPLETED,2025-07-29 22:14:49.0
163,164,2025-01-27 10:59:59.0,0.00,39.32,6.39,COMPLETED,2025-02-22 05:38:14.0
162,163,2025-01-17 22:41:46.0,0.00,46.96,2.81,COMPLETED,2025-09-11 18:39:57.0
161,162,2025-10-04 18:49:59.0,0.00,24.77,14.61,COMPLETED,2025-05-15 17:45:31.0
160,161,2025-10-07 14:30:22.0,0.00,11.56,1.60,CANCELLED,2025-12-25 09:00:42.0
159,160,2025-06-19 15:13:40.0,0.00,17.21,8.86,COMPLETED,2026-01-10 03:31:28.0
158,159,2025-03-27 20:58:18.0,0.00,6.09,20.49,COMPLETED,2025-11-11 00:57:26.0
157,158,2025-03-18 11:18:00.0,0.00,17.07,2.09,COMPLETED,2025-02-22 05:00:05.0
156,157,2025-06-11 11:43:46.0,0.00,10.68,13.71,COMPLETED,2025-02-02 23:00:45.0
155,156,2025-08-16 17:04:02.0,0.00,8.81,1.16,PENDING,2025-05-23 13:41:05.0
154,155,2025-01-21 15:40:59.0,0.00,22.16,17.80,COMPLETED,2025-07-23 06:02:21.0
153,154,2025-11-30 03:47:24.0,0.00,45.42,23.02,COMPLETED,2025-12-14 20:00:35.0
152,153,2025-09-08 19:13:13.0,0.00,21.25,14.41,COMPLETED,2025-03-17 08:30:31.0
151,152,2025-05-27 07:52:58.0,0.00,41.95,4.27,COMPLETED,2025-10-26 16:58:20.0
150,151,2025-09-25 14:50:37.0,0.00,40.78,2.63,CANCELLED,2025-03-11 09:21:07.0
149,150,2025-02-08 22:32:04.0,0.00,44.51,22.96,COMPLETED,2025-06-29 11:59:27.0
148,149,2025-05-07 23:00:41.0,0.00,32.34,11.24,COMPLETED,2025-06-13 19:46:13.0
147,148,2025-02-08 02:09:27.0,0.00,21.95,20.72,COMPLETED,2025-08-24 02:19:58.0
146,147,2025-05-17 05:14:23.0,0.00,45.77,20.82,COMPLETED,2025-11-03 19:25:41.0
145,146,2025-06-30 14:00:36.0,0.00,38.67,5.60,PENDING,2025-12-23 08:49:28.0
144,145,2025-06-11 11:05:37.0,0.00,5.19,29.07,COMPLETED,2025-03-17 16:20:18.0
143,144,2026-01-06 21:24:51.0,0.00,47.62,15.82,COMPLETED,2025-07-16 14:43:52.0
142,143,2025-01-29 11:36:33.0,0.00,49.29,23.42,COMPLETED,2025-03-08 10:32:46.0
141,142,2025-06-28 00:49:04.0,0.00,6.49,12.73,COMPLETED,2025-06-02 15:26:39.0
140,141,2025-08-13 11:42:20.0,0.00,8.27,21.24,CANCELLED,2025-08-25 02:28:03.0
139,140,2025-09-29 15:26:03.0,0.00,21.73,22.45,COMPLETED,2025-05-01 23:49:20.0
138,139,2025-05-31 02:48:51.0,0.00,20.39,12.41,COMPLETED,2025-05-26 18:56:15.0
137,138,2025-03-17 08:52:25.0,0.00,35.88,9.99,COMPLETED,2025-06-02 02:31:01.0
136,137,2025-06-13 21:19:03.0,0.00,19.22,1.64,COMPLETED,2025-10-30 19:17:50.0
135,136,2025-12-29 15:53:18.0,0.00,45.29,14.73,PENDING,2025-11-22 11:56:14.0
134,135,2025-01-24 11:33:47.0,0.00,32.63,27.38,COMPLETED,2025-01-26 01:50:35.0
133,134,2025-02-18 00:55:47.0,0.00,30.15,19.48,COMPLETED,2025-01-22 05:05:58.0
132,133,2025-08-08 02:56:46.0,0.00,19.36,15.87,COMPLETED,2025-12-26 04:41:25.0
131,132,2025-01-14 04:24:02.0,0.00,43.39,13.71,COMPLETED,2025-06-29 21:30:42.0
130,131,2025-02-15 14:20:58.0,0.00,17.41,29.48,CANCELLED,2025-04-09 15:27:14.0
129,130,2025-03-22 15:35:37.0,0.00,10.45,14.74,COMPLETED,2025-08-31 05:41:52.0
128,129,2025-05-23 00:49:02.0,0.00,20.44,3.16,COMPLETED,2025-03-25 07:30:49.0
127,128,2025-07-20 22:28:25.0,0.00,49.43,12.48,COMPLETED,2025-08-10 06:29:28.0
126,127,2025-10-06 17:48:43.0,0.00,9.48,17.24,COMPLETED,2025-05-21 12:19:40.0
125,126,2025-05-26 11:28:22.0,0.00,24.62,28.07,PENDING,2025-11-01 15:15:41.0
124,125,2025-04-30 09:06:13.0,0.00,20.62,11.44,COMPLETED,2025-05-28 22:07:24.0
123,124,2025-08-24 00:38:22.0,0.00,36.82,7.16,COMPLETED,2025-02-04 16:04:15.0
122,123,2025-07-16 08:03:21.0,0.00,15.89,8.00,COMPLETED,2025-10-26 08:06:18.0
121,122,2025-07-21 00:18:19.0,0.00,7.33,15.48,COMPLETED,2025-12-27 02:57:23.0
120,121,2025-04-30 08:13:23.0,0.00,44.21,2.57,CANCELLED,2025-10-10 03:15:18.0
119,120,2025-08-15 14:09:12.0,0.00,26.03,19.14,COMPLETED,2025-08-06 04:32:52.0
118,119,2025-03-15 09:20:38.0,0.00,8.88,28.81,COMPLETED,2025-02-25 05:01:39.0
117,118,2025-08-29 11:45:01.0,0.00,18.14,19.58,COMPLETED,2025-07-15 12:32:07.0
116,117,2025-02-28 18:34:40.0,0.00,35.06,2.00,COMPLETED,2025-04-08 22:49:25.0
115,116,2025-09-17 04:08:39.0,0.00,39.29,19.03,PENDING,2025-08-10 04:24:32.0
114,115,2025-04-25 19:12:14.0,0.00,39.83,9.38,COMPLETED,2025-03-22 10:50:30.0
113,114,2025-10-18 19:06:37.0,0.00,5.72,11.49,COMPLETED,2025-01-29 10:40:43.0
112,113,2025-09-02 02:51:12.0,0.00,13.25,5.08,COMPLETED,2025-05-11 17:19:38.0
111,112,2025-10-12 07:18:32.0,0.00,20.47,24.06,COMPLETED,2025-08-07 10:49:28.0
110,111,2025-12-19 18:25:44.0,0.00,6.77,10.06,CANCELLED,2025-06-10 17:28:19.0
109,110,2025-02-22 00:53:48.0,0.00,33.24,3.48,COMPLETED,2025-04-02 05:50:49.0
108,109,2025-09-16 04:41:18.0,0.00,37.49,28.63,COMPLETED,2025-08-10 10:46:36.0
107,108,2026-01-04 05:04:50.0,0.00,26.02,21.01,COMPLETED,2025-06-29 12:08:39.0
106,107,2025-12-16 22:37:49.0,0.00,28.59,22.19,COMPLETED,2025-08-28 08:22:29.0
105,106,2025-05-28 18:39:16.0,0.00,8.11,20.49,PENDING,2025-11-04 14:33:29.0
104,105,2025-08-08 15:02:32.0,0.00,40.75,23.44,COMPLETED,2025-09-01 22:47:58.0
103,104,2025-02-28 18:51:46.0,0.00,38.62,6.98,COMPLETED,2025-03-07 06:50:13.0
102,103,2025-12-06 20:39:23.0,0.00,11.83,21.74,COMPLETED,2025-06-05 17:32:04.0
101,102,2025-03-31 02:41:48.0,0.00,43.53,3.09,COMPLETED,2025-12-14 22:56:55.0
100,101,2025-02-25 08:59:03.0,0.00,13.81,2.25,CANCELLED,2025-02-15 04:01:35.0
99,100,2025-12-26 19:36:31.0,0.00,12.53,10.97,COMPLETED,2025-11-11 10:41:08.0
98,99,2026-01-11 16:43:05.0,0.00,30.66,12.88,COMPLETED,2025-04-05 14:37:09.0
97,98,2025-04-25 19:32:42.0,0.00,27.83,4.98,COMPLETED,2025-02-04 23:31:26.0
96,97,2025-05-09 06:07:36.0,0.00,46.15,10.40,COMPLETED,2025-05-01 05:35:24.0
95,96,2025-05-26 05:00:57.0,0.00,6.63,17.11,PENDING,2026-01-10 15:28:03.0
94,95,2025-05-18 00:05:44.0,0.00,10.86,20.69,COMPLETED,2025-12-28 17:20:16.0
93,94,2025-09-14 09:42:08.0,0.00,43.54,4.58,COMPLETED,2025-07-08 03:53:01.0
92,93,2025-11-05 18:46:34.0,0.00,27.67,4.32,COMPLETED,2025-01-30 04:23:10.0
91,92,2025-05-23 00:11:25.0,0.00,10.50,28.02,COMPLETED,2025-04-21 02:33:02.0
90,91,2025-11-10 21:38:47.0,0.00,28.29,14.64,CANCELLED,2025-12-18 21:20:48.0
89,90,2025-01-24 09:27:16.0,0.00,42.69,6.56,COMPLETED,2025-10-31 23:33:31.0
88,89,2025-08-12 19:47:20.0,0.00,48.71,14.72,COMPLETED,2025-05-12 16:25:59.0
87,88,2025-06-15 15:15:36.0,0.00,47.04,22.25,COMPLETED,2025-06-25 07:52:43.0
86,87,2025-01-19 12:50:43.0,0.00,22.08,3.36,COMPLETED,2025-12-11 19:33:10.0
85,86,2025-11-26 11:21:53.0,0.00,46.61,7.83,PENDING,2025-06-04 11:57:52.0
84,85,2025-04-08 22:48:48.0,0.00,26.85,3.90,COMPLETED,2025-09-10 18:01:04.0
83,84,2025-04-20 17:04:18.0,0.00,44.70,10.15,COMPLETED,2025-02-05 17:59:48.0
82,83,2025-06-13 16:36:52.0,0.00,37.02,13.80,COMPLETED,2025-05-21 02:18:56.0
81,82,2025-07-28 23:00:49.0,0.00,36.60,9.80,COMPLETED,2026-01-12 05:13:04.0
80,81,2025-07-02 11:58:27.0,0.00,17.58,2.42,CANCELLED,2025-06-11 20:10:15.0
79,80,2025-03-18 13:57:25.0,0.00,23.28,19.00,COMPLETED,2025-07-10 07:47:15.0
78,79,2025-01-26 00:40:22.0,0.00,36.56,12.71,COMPLETED,2025-04-06 07:05:24.0
77,78,2025-09-13 01:12:40.0,0.00,39.33,24.39,COMPLETED,2025-01-15 20:34:16.0
76,77,2025-06-03 03:52:48.0,0.00,25.76,3.21,COMPLETED,2025-03-20 10:18:40.0
75,76,2025-10-27 14:21:19.0,0.00,17.10,16.49,PENDING,2025-11-04 19:07:42.0
74,75,2026-01-05 16:50:25.0,0.00,11.34,27.75,COMPLETED,2025-02-25 17:34:18.0
73,74,2025-10-09 02:31:54.0,0.00,12.83,10.09,COMPLETED,2025-10-24 16:53:19.0
72,73,2025-05-23 08:13:39.0,0.00,17.74,29.29,COMPLETED,2025-09-22 21:05:04.0
71,72,2026-01-10 13:44:34.0,0.00,21.53,4.43,COMPLETED,2025-10-17 02:23:59.0
70,71,2025-09-17 11:03:08.0,0.00,18.72,12.87,CANCELLED,2025-10-02 23:05:27.0
69,70,2025-08-06 08:53:46.0,0.00,25.93,11.10,COMPLETED,2025-11-28 00:56:36.0
68,69,2025-01-20 09:18:48.0,0.00,25.01,23.89,COMPLETED,2025-06-23 08:11:59.0
67,68,2025-09-15 14:34:30.0,0.00,17.92,12.28,COMPLETED,2025-12-13 13:27:16.0
66,67,2025-03-02 20:29:45.0,0.00,16.29,9.81,COMPLETED,2025-04-18 00:41:53.0
65,66,2025-04-08 14:16:59.0,0.00,25.59,9.35,PENDING,2025-08-27 16:43:23.0
64,65,2025-05-13 06:27:16.0,0.00,34.78,9.47,COMPLETED,2025-11-28 18:39:34.0
63,64,2025-08-26 22:21:04.0,0.00,44.13,13.03,COMPLETED,2025-05-10 03:46:24.0
62,63,2025-10-29 06:45:03.0,0.00,12.65,20.50,COMPLETED,2025-07-08 16:06:30.0
61,62,2025-06-24 23:55:56.0,0.00,46.63,26.52,COMPLETED,2025-08-01 18:35:47.0
60,61,2025-09-06 17:19:43.0,0.00,39.59,25.28,CANCELLED,2025-11-07 22:46:11.0
59,60,2025-06-30 03:44:14.0,0.00,41.24,26.70,COMPLETED,2025-02-06 23:18:31.0
58,59,2025-06-19 16:52:51.0,0.00,49.21,29.74,COMPLETED,2025-03-08 19:58:23.0
57,58,2025-02-19 21:40:33.0,0.00,11.16,28.63,COMPLETED,2025-08-06 12:52:55.0
56,57,2025-02-12 15:07:41.0,0.00,11.87,19.34,COMPLETED,2025-02-22 00:46:23.0
55,56,2026-01-11 05:12:12.0,0.00,28.09,17.97,PENDING,2025-02-20 05:03:16.0
54,55,2025-04-21 17:03:42.0,0.00,14.60,18.62,COMPLETED,2025-06-05 13:11:22.0
53,54,2025-10-31 17:53:48.0,0.00,28.50,12.63,COMPLETED,2025-07-31 05:04:19.0
52,53,2025-03-23 20:46:41.0,0.00,44.85,8.54,COMPLETED,2025-08-01 07:39:30.0
51,52,2025-10-22 17:55:10.0,0.00,33.37,15.65,COMPLETED,2025-03-09 09:20:40.0
50,51,2025-04-10 09:34:51.0,0.00,28.37,1.85,CANCELLED,2025-08-20 10:28:58.0
49,50,2025-07-10 07:50:27.0,0.00,44.09,9.24,COMPLETED,2025-07-08 14:20:02.0
48,49,2025-04-25 22:28:14.0,0.00,49.74,17.31,COMPLETED,2025-12-20 11:37:16.0
47,48,2025-01-21 01:48:33.0,0.00,6.46,16.20,COMPLETED,2025-08-11 06:08:25.0
46,47,2025-11-28 23:27:59.0,0.00,25.99,15.76,COMPLETED,2025-08-25 16:47:11.0
45,46,2025-05-29 22:59:22.0,0.00,45.95,9.71,PENDING,2025-12-30 19:21:31.0
44,45,2025-05-12 00:14:13.0,0.00,7.24,28.65,COMPLETED,2025-06-11 13:31:12.0
43,44,2025-08-27 13:52:05.0,0.00,6.34,25.73,COMPLETED,2025-08-07 09:09:14.0
42,43,2025-11-09 03:31:11.0,0.00,46.58,18.12,COMPLETED,2025-06-20 00:09:45.0
41,42,2025-05-29 08:18:59.0,0.00,48.75,29.68,COMPLETED,2025-11-15 10:40:37.0
40,41,2025-09-14 02:32:29.0,0.00,16.92,21.43,CANCELLED,2025-10-23 21:51:31.0
39,40,2025-03-18 05:36:16.0,0.00,18.09,7.43,COMPLETED,2025-09-01 22:34:23.0
38,39,2025-11-10 06:02:37.0,0.00,39.23,28.04,COMPLETED,2025-05-14 13:44:35.0
37,38,2026-01-05 17:33:02.0,0.00,13.82,23.56,COMPLETED,2025-12-18 12:59:23.0
36,37,2025-09-11 07:45:00.0,0.00,42.73,27.94,COMPLETED,2025-07-29 02:41:00.0
35,36,2025-08-07 00:14:26.0,0.00,29.31,26.50,PENDING,2025-11-28 20:14:17.0
34,35,2025-12-10 00:32:05.0,0.00,25.47,9.40,COMPLETED,2025-09-11 02:50:17.0
33,34,2025-06-23 08:07:03.0,0.00,36.02,24.51,COMPLETED,2025-11-16 01:45:58.0
32,33,2025-03-05 10:15:04.0,0.00,21.32,16.49,COMPLETED,2025-03-12 23:07:07.0
31,32,2025-06-18 16:54:20.0,0.00,24.36,4.83,COMPLETED,2025-10-20 20:19:02.0
30,31,2025-12-08 22:20:24.0,0.00,42.67,4.50,CANCELLED,2025-07-17 14:37:10.0
29,30,2025-11-25 20:51:28.0,0.00,42.78,5.36,COMPLETED,2025-04-22 13:24:30.0
28,29,2025-12-19 07:04:41.0,0.00,37.53,19.39,COMPLETED,2025-10-13 18:43:38.0
27,28,2025-05-16 10:40:37.0,0.00,47.23,5.69,COMPLETED,2025-03-16 15:04:12.0
26,27,2025-07-13 09:15:29.0,0.00,48.61,22.19,COMPLETED,2025-03-04 07:45:31.0
25,26,2025-12-08 17:46:25.0,0.00,22.81,5.60,PENDING,2025-01-17 04:03:03.0
24,25,2025-01-23 11:35:09.0,0.00,20.20,19.56,COMPLETED,2025-08-05 18:58:32.0
23,24,2025-09-15 02:45:41.0,0.00,13.10,2.33,COMPLETED,2025-12-26 01:13:05.0
22,23,2025-12-23 10:05:44.0,0.00,32.74,6.92,COMPLETED,2025-05-10 18:27:05.0
21,22,2025-05-11 13:05:49.0,0.00,27.41,11.98,COMPLETED,2025-12-25 23:49:12.0
20,21,2025-05-19 13:26:39.0,0.00,10.58,22.00,CANCELLED,2025-08-10 22:55:37.0
19,20,2025-04-17 02:16:51.0,0.00,12.35,16.39,COMPLETED,2025-03-20 12:23:21.0
18,19,2025-10-11 05:40:02.0,0.00,28.55,21.96,COMPLETED,2025-12-09 12:24:40.0
17,18,2025-11-14 08:47:38.0,0.00,22.63,12.15,COMPLETED,2025-12-13 14:10:15.0
16,17,2025-05-13 00:14:55.0,0.00,26.58,19.36,COMPLETED,2025-08-05 01:03:29.0
15,16,2025-06-18 02:33:58.0,0.00,33.53,14.36,PENDING,2025-12-07 01:47:26.0
14,15,2025-11-09 22:33:42.0,0.00,47.46,29.96,COMPLETED,2025-10-28 22:30:14.0
13,14,2025-11-30 02:24:49.0,0.00,27.49,12.83,COMPLETED,2025-09-10 10:07:02.0
12,13,2025-04-20 19:19:10.0,0.00,49.13,8.15,COMPLETED,2025-05-26 06:50:00.0
11,12,2025-10-04 07:07:03.0,0.00,36.71,1.33,COMPLETED,2025-12-16 08:52:21.0
10,11,2025-08-28 21:54:20.0,0.00,27.23,21.44,CANCELLED,2025-11-01 18:04:23.0
9,10,2025-12-05 12:49:16.0,0.00,36.28,21.86,COMPLETED,2025-02-03 00:34:08.0
8,9,2025-02-28 22:11:39.0,0.00,10.07,18.91,COMPLETED,2025-01-15 12:04:50.0
7,8,2025-09-23 17:26:57.0,0.00,12.96,3.61,COMPLETED,2025-12-30 10:49:20.0
6,7,2025-12-12 14:00:20.0,0.00,35.33,26.45,COMPLETED,2025-12-11 20:18:47.0
5,6,2025-03-21 02:13:45.0,0.00,6.77,5.41,PENDING,2025-07-31 06:00:43.0
4,5,2025-04-30 13:12:04.0,0.00,39.34,24.74,COMPLETED,2025-07-05 22:10:20.0
3,4,2025-09-12 09:10:22.0,0.00,26.08,20.51,COMPLETED,2025-08-05 18:38:32.0
2,3,2025-10-22 00:31:56.0,0.00,30.21,26.00,COMPLETED,2025-05-25 20:06:26.0
