ORDER_ID,CUSTOMER_ID,ORDER_DATE,TOTAL_AMOUNT,DISCOUNT_AMOUNT,TAX_AMOUNT,STATUS,CREATED_AT
1,2,2025-02-17 16:59:26,0,22.85,16.78,COMPLETED,2025-08-11 04:12:42
2,3,2025-10-21 15:31:56,0,30.21,26,COMPLETED,2025-05-25 11:06:26
3,4,2025-09-12 00:10:22,0,26.08,20.51,COMPLETED,2025-08-05 09:38:32
4,5,2025-04-30 04:12:04,0,39.34,24.74,COMPLETED,2025-07-05 13:10:20
5,6,2025-03-20 17:13:45,0,6.77,5.41,PENDING,2025-07-30 21:00:43
6,7,2025-12-12 05:00:20,0,35.33,26.45,COMPLETED,2025-12-11 11:18:47
7,8,2025-09-23 08:26:57,0,12.96,3.61,COMPLETED,2025-12-30 01:49:20
8,9,2025-02-28 13:11:39,0,10.07,18.91,COMPLETED,2025-01-15 03:04:50
9,10,2025-12-05 03:49:16,0,36.28,21.86,COMPLETED,2025-02-02 15:34:08
10,11,2025-08-28 12:54:20,0,27.23,21.44,CANCELLED,2025-11-01 09:04:23
11,12,2025-10-03 22:07:03,0,36.71,1.33,COMPLETED,2025-12-15 23:52:21
12,13,2025-04-20 10:19:10,0,49.13,8.15,COMPLETED,2025-05-25 21:50:00
13,14,2025-11-29 17:24:49,0,27.49,12.83,COMPLETED,2025-09-10 01:07:02
14,15,2025-11-09 13:33:42,0,47.46,29.96,COMPLETED,2025-10-28 13:30:14
15,16,2025-06-17 17:33:58,0,33.53,14.36,PENDING,2025-12-06 16:47:26
16,17,2025-05-12 15:14:55,0,26.58,19.36,COMPLETED,2025-08-04 16:03:29
17,18,2025-11-13 23:47:38,0,22.63,12.15,COMPLETED,2025-12-13 05:10:15
18,19,2025-10-10 20:40:02,0,28.55,21.96,COMPLETED,2025-12-09 03:24:40
19,20,2025-04-16 17:16:51,0,12.35,16.39,COMPLETED,2025-03-20 03:23:21
20,21,2025-05-19 04:26:39,0,10.58,22,CANCELLED,2025-08-10 13:55:37
21,22,2025-05-11 04:05:49,0,27.41,11.98,COMPLETED,2025-12-25 14:49:12
22,23,2025-12-23 01:05:44,0,32.74,6.92,COMPLETED,2025-05-10 09:27:05
23,24,2025-09-14 17:45:41,0,13.1,2.33,COMPLETED,2025-12-25 16:13:05
24,25,2025-01-23 02:35:09,0,20.2,19.56,COMPLETED,2025-08-05 09:58:32
25,26,2025-12-08 08:46:25,0,22.81,5.6,PENDING,2025-01-16 19:03:03
26,27,2025-07-13 00:15:29,0,48.61,22.19,COMPLETED,2025-03-03 22:45:31
27,28,2025-05-16 01:40:37,0,47.23,5.69,COMPLETED,2025-03-16 06:04:12
28,29,2025-12-18 22:04:41,0,37.53,19.39,COMPLETED,2025-10-13 09:43:38
29,30,2025-11-25 11:51:28,0,42.78,5.36,COMPLETED,2025-04-22 04:24:30
30,31,2025-12-08 13:20:24,0,42.67,4.5,CANCELLED,2025-07-17 05:37:10
31,32,2025-06-18 07:54:20,0,24.36,4.83,COMPLETED,2025-10-20 11:19:02
32,33,2025-03-05 01:15:04,0,21.32,16.49,COMPLETED,2025-03-12 14:07:07
33,34,2025-06-22 23:07:03,0,36.02,24.51,COMPLETED,2025-11-15 16:45:58
34,35,2025-12-09 15:32:05,0,25.47,9.4,COMPLETED,2025-09-10 17:50:17
35,36,2025-08-06 15:14:26,0,29.31,26.5,PENDING,2025-11-28 11:14:17
36,37,2025-09-10 22:45:00,0,42.73,27.94,COMPLETED,2025-07-28 17:41:00
37,38,2026-01-05 08:33:02,0,13.82,23.56,COMPLETED,2025-12-18 03:59:23
38,39,2025-11-09 21:02:37,0,39.23,28.04,COMPLETED,2025-05-14 04:44:35
39,40,2025-03-17 20:36:16,0,18.09,7.43,COMPLETED,2025-09-01 13:34:23
40,41,2025-09-13 17:32:29,0,16.92,21.43,CANCELLED,2025-10-23 12:51:31
41,42,2025-05-28 23:18:59,0,48.75,29.68,COMPLETED,2025-11-15 01:40:37
42,43,2025-11-08 18:31:11,0,46.58,18.12,COMPLETED,2025-06-19 15:09:45
43,44,2025-08-27 04:52:05,0,6.34,25.73,COMPLETED,2025-08-07 00:09:14
44,45,2025-05-11 15:14:13,0,7.24,28.65,COMPLETED,2025-06-11 04:31:12
45,46,2025-05-29 13:59:22,0,45.95,9.71,PENDING,2025-12-30 10:21:31
46,47,2025-11-28 14:27:59,0,25.99,15.76,COMPLETED,2025-08-25 07:47:11
47,48,2025-01-20 16:48:33,0,6.46,16.2,COMPLETED,2025-08-10 21:08:25
48,49,2025-04-25 13:28:14,0,49.74,17.31,COMPLETED,2025-12-20 02:37:16
49,50,2025-07-09 22:50:27,0,44.09,9.24,COMPLETED,2025-07-08 05:20:02
50,51,2025-04-10 00:34:51,0,28.37,1.85,CANCELLED,2025-08-20 01:28:58
51,52,2025-10-22 08:55:10,0,33.37,15.65,COMPLETED,2025-03-09 00:20:40
52,53,2025-03-23 11:46:41,0,44.85,8.54,COMPLETED,2025-07-31 22:39:30
53,54,2025-10-31 08:53:48,0,28.5,12.63,COMPLETED,2025-07-30 20:04:19
54,55,2025-04-21 08:03:42,0,14.6,18.62,COMPLETED,2025-06-05 04:11:22
55,56,2026-01-10 20:12:12,0,28.09,17.97,PENDING,2025-02-19 20:03:16
56,57,2025-02-12 06:07:41,0,11.87,19.34,COMPLETED,2025-02-21 15:46:23
57,58,2025-02-19 12:40:33,0,11.16,28.63,COMPLETED,2025-08-06 03:52:55
58,59,2025-06-19 07:52:51,0,49.21,29.74,COMPLETED,2025-03-08 10:58:23
59,60,2025-06-29 18:44:14,0,41.24,26.7,COMPLETED,2025-02-06 14:18:31
60,61,2025-09-06 08:19:43,0,39.59,25.28,CANCELLED,2025-11-07 13:46:11
61,62,2025-06-24 14:55:56,0,46.63,26.52,COMPLETED,2025-08-01 09:35:47
62,63,2025-10-28 21:45:03,0,12.65,20.5,COMPLETED,2025-07-08 07:06:30
63,64,2025-08-26 13:21:04,0,44.13,13.03,COMPLETED,2025-05-09 18:46:24
64,65,2025-05-12 21:27:16,0,34.78,9.47,COMPLETED,2025-11-28 09:39:34
65,66,2025-04-08 05:16:59,0,25.59,9.35,PENDING,2025-08-27 07:43:23
66,67,2025-03-02 11:29:45,0,16.29,9.81,COMPLETED,2025-04-17 15:41:53
67,68,2025-09-15 05:34:30,0,17.92,12.28,COMPLETED,2025-12-13 04:27:16
68,69,2025-01-20 00:18:48,0,25.01,23.89,COMPLETED,2025-06-22 23:11:59
69,70,2025-08-05 23:53:46,0,25.93,11.1,COMPLETED,2025-11-27 15:56:36
70,71,2025-09-17 02:03:08,0,18.72,12.87,CANCELLED,2025-10-02 14:05:27
71,72,2026-01-10 04:44:34,0,21.53,4.43,COMPLETED,2025-10-16 17:23:59
72,73,2025-05-22 23:13:39,0,17.74,29.29,COMPLETED,2025-09-22 12:05:04
73,74,2025-10-08 17:31:54,0,12.83,10.09,COMPLETED,2025-10-24 07:53:19
74,75,2026-01-05 07:50:25,0,11.34,27.75,COMPLETED,2025-02-25 08:34:18
75,76,2025-10-27 05:21:19,0,17.1,16.49,PENDING,2025-11-04 10:07:42
76,77,2025-06-02 18:52:48,0,25.76,3.21,COMPLETED,2025-03-20 01:18:40
77,78,2025-09-12 16:12:40,0,39.33,24.39,COMPLETED,2025-01-15 11:34:16
78,79,2025-01-25 15:40:22,0,36.56,12.71,COMPLETED,2025-04-05 22:05:24
79,80,2025-03-18 04:57:25,0,23.28,19,COMPLETED,2025-07-09 22:47:15
80,81,2025-07-02 02:58:27,0,17.58,2.42,CANCELLED,2025-06-11 11:10:15
81,82,2025-07-28 14:00:49,0,36.6,9.8,COMPLETED,2026-01-11 20:13:04
82,83,2025-06-13 07:36:52,0,37.02,13.8,COMPLETED,2025-05-20 17:18:56
83,84,2025-04-20 08:04:18,0,44.7,10.15,COMPLETED,2025-02-05 08:59:48
84,85,2025-04-08 13:48:48,0,26.85,3.9,COMPLETED,2025-09-10 09:01:04
85,86,2025-11-26 02:21:53,0,46.61,7.83,PENDING,2025-06-04 02:57:52
86,87,2025-01-19 03:50:43,0,22.08,3.36,COMPLETED,2025-12-11 10:33:10
87,88,2025-06-15 06:15:36,0,47.04,22.25,COMPLETED,2025-06-24 22:52:43
88,89,2025-08-12 10:47:20,0,48.71,14.72,COMPLETED,2025-05-12 07:25:59
89,90,2025-01-24 00:27:16,0,42.69,6.56,COMPLETED,2025-10-31 14:33:31
90,91,2025-11-10 12:38:47,0,28.29,14.64,CANCELLED,2025-12-18 12:20:48
91,92,2025-05-22 15:11:25,0,10.5,28.02,COMPLETED,2025-04-20 17:33:02
92,93,2025-11-05 09:46:34,0,27.67,4.32,COMPLETED,2025-01-29 19:23:10
93,94,2025-09-14 00:42:08,0,43.54,4.58,COMPLETED,2025-07-07 18:53:01
94,95,2025-05-17 15:05:44,0,10.86,20.69,COMPLETED,2025-12-28 08:20:16
95,96,2025-05-25 20:00:57,0,6.63,17.11,PENDING,2026-01-10 06:28:03
96,97,2025-05-08 21:07:36,0,46.15,10.4,COMPLETED,2025-04-30 20:35:24
97,98,2025-04-25 10:32:42,0,27.83,4.98,COMPLETED,2025-02-04 14:31:26
98,99,2026-01-11 07:43:05,0,30.66,12.88,COMPLETED,2025-04-05 05:37:09
99,100,2025-12-26 10:36:31,0,12.53,10.97,COMPLETED,2025-11-11 01:41:08
100,101,2025-02-24 23:59:03,0,13.81,2.25,CANCELLED,2025-02-14 19:01:35
101,102,2025-03-30 17:41:48,0,43.53,3.09,COMPLETED,2025-12-14 13:56:55
102,103,2025-12-06 11:39:23,0,11.83,21.74,COMPLETED,2025-06-05 08:32:04
103,104,2025-02-28 09:51:46,0,38.62,6.98,COMPLETED,2025-03-06 21:50:13
104,105,2025-08-08 06:02:32,0,40.75,23.44,COMPLETED,2025-09-01 13:47:58
105,106,2025-05-28 09:39:16,0,8.11,20.49,PENDING,2025-11-04 05:33:29
106,107,2025-12-16 13:37:49,0,28.59,22.19,COMPLETED,2025-08-27 23:22:29
107,108,2026-01-03 20:04:50,0,26.02,21.01,COMPLETED,2025-06-29 03:08:39
108,109,2025-09-15 19:41:18,0,37.49,28.63,COMPLETED,2025-08-10 01:46:36
109,110,2025-02-21 15:53:48,0,33.24,3.48,COMPLETED,2025-04-01 20:50:49
110,111,2025-12-19 09:25:44,0,6.77,10.06,CANCELLED,2025-06-10 08:28:19
111,112,2025-10-11 22:18:32,0,20.47,24.06,COMPLETED,2025-08-07 01:49:28
112,113,2025-09-01 17:51:12,0,13.25,5.08,COMPLETED,2025-05-11 08:19:38
113,114,2025-10-18 10:06:37,0,5.72,11.49,COMPLETED,2025-01-29 01:40:43
114,115,2025-04-25 10:12:14,0,39.83,9.38,COMPLETED,2025-03-22 01:50:30
115,116,2025-09-16 19:08:39,0,39.29,19.03,PENDING,2025-08-09 19:24:32
116,117,2025-02-28 09:34:40,0,35.06,2,COMPLETED,2025-04-08 13:49:25
117,118,2025-08-29 02:45:01,0,18.14,19.58,COMPLETED,2025-07-15 03:32:07
118,119,2025-03-15 00:20:38,0,8.88,28.81,COMPLETED,2025-02-24 20:01:39
119,120,2025-08-15 05:09:12,0,26.03,19.14,COMPLETED,2025-08-05 19:32:52
120,121,2025-04-29 23:13:23,0,44.21,2.57,CANCELLED,2025-10-09 18:15:18
121,122,2025-07-20 15:18:19,0,7.33,15.48,COMPLETED,2025-12-26 17:57:23
122,123,2025-07-15 23:03:21,0,15.89,8,COMPLETED,2025-10-25 23:06:18
123,124,2025-08-23 15:38:22,0,36.82,7.16,COMPLETED,2025-02-04 07:04:15
124,125,2025-04-30 00:06:13,0,20.62,11.44,COMPLETED,2025-05-28 13:07:24
125,126,2025-05-26 02:28:22,0,24.62,28.07,PENDING,2025-11-01 06:15:41
126,127,2025-10-06 08:48:43,0,9.48,17.24,COMPLETED,2025-05-21 03:19:40
127,128,2025-07-20 13:28:25,0,49.43,12.48,COMPLETED,2025-08-09 21:29:28
128,129,2025-05-22 15:49:02,0,20.44,3.16,COMPLETED,2025-03-24 22:30:49
129,130,2025-03-22 06:35:37,0,10.45,14.74,COMPLETED,2025-08-30 20:41:52
130,131,2025-02-15 05:20:58,0,17.41,29.48,CANCELLED,2025-04-09 06:27:14
131,132,2025-01-13 19:24:02,0,43.39,13.71,COMPLETED,2025-06-29 12:30:42
132,133,2025-08-07 17:56:46,0,19.36,15.87,COMPLETED,2025-12-25 19:41:25
133,134,2025-02-17 15:55:47,0,30.15,19.48,COMPLETED,2025-01-21 20:05:58
134,135,2025-01-24 02:33:47,0,32.63,27.38,COMPLETED,2025-01-25 16:50:35
135,136,2025-12-29 06:53:18,0,45.29,14.73,PENDING,2025-11-22 02:56:14
136,137,2025-06-13 12:19:03,0,19.22,1.64,COMPLETED,2025-10-30 10:17:50
137,138,2025-03-16 23:52:25,0,35.88,9.99,COMPLETED,2025-06-01 17:31:01
138,139,2025-05-30 17:48:51,0,20.39,12.41,COMPLETED,2025-05-26 09:56:15
139,140,2025-09-29 06:26:03,0,21.73,22.45,COMPLETED,2025-05-01 14:49:20
140,141,2025-08-13 02:42:20,0,8.27,21.24,CANCELLED,2025-08-24 17:28:03
141,142,2025-06-27 15:49:04,0,6.49,12.73,COMPLETED,2025-06-02 06:26:39
142,143,2025-01-29 02:36:33,0,49.29,23.42,COMPLETED,2025-03-08 01:32:46
143,144,2026-01-06 12:24:51,0,47.62,15.82,COMPLETED,2025-07-16 05:43:52
144,145,2025-06-11 02:05:37,0,5.19,29.07,COMPLETED,2025-03-17 07:20:18
145,146,2025-06-30 05:00:36,0,38.67,5.6,PENDING,2025-12-22 23:49:28
146,147,2025-05-16 20:14:23,0,45.77,20.82,COMPLETED,2025-11-03 10:25:41
147,148,2025-02-07 17:09:27,0,21.95,20.72,COMPLETED,2025-08-23 17:19:58
148,149,2025-05-07 14:00:41,0,32.34,11.24,COMPLETED,2025-06-13 10:46:13
149,150,2025-02-08 13:32:04,0,44.51,22.96,COMPLETED,2025-06-29 02:59:27
150,151,2025-09-25 05:50:37,0,40.78,2.63,CANCELLED,2025-03-11 00:21:07
151,152,2025-05-26 22:52:58,0,41.95,4.27,COMPLETED,2025-10-26 07:58:20
152,153,2025-09-08 10:13:13,0,21.25,14.41,COMPLETED,2025-03-16 23:30:31
153,154,2025-11-29 18:47:24,0,45.42,23.02,COMPLETED,2025-12-14 11:00:35
154,155,2025-01-21 06:40:59,0,22.16,17.8,COMPLETED,2025-07-22 21:02:21
155,156,2025-08-16 08:04:02,0,8.81,1.16,PENDING,2025-05-23 04:41:05
156,157,2025-06-11 02:43:46,0,10.68,13.71,COMPLETED,2025-02-02 14:00:45
157,158,2025-03-18 02:18:00,0,17.07,2.09,COMPLETED,2025-02-21 20:00:05
158,159,2025-03-27 11:58:18,0,6.09,20.49,COMPLETED,2025-11-10 15:57:26
159,160,2025-06-19 06:13:40,0,17.21,8.86,COMPLETED,2026-01-09 18:31:28
160,161,2025-10-07 05:30:22,0,11.56,1.6,CANCELLED,2025-12-25 00:00:42
161,162,2025-10-04 09:49:59,0,24.77,14.61,COMPLETED,2025-05-15 08:45:31
162,163,2025-01-17 13:41:46,0,46.96,2.81,COMPLETED,2025-09-11 09:39:57
163,164,2025-01-27 01:59:59,0,39.32,6.39,COMPLETED,2025-02-21 20:38:14
164,165,2025-02-11 03:05:31,0,27.25,23.9,COMPLETED,2025-07-29 13:14:49
165,166,2025-12-11 00:52:08,0,11.76,4.09,PENDING,2025-11-20 10:15:23
166,167,2025-08-25 05:22:22,0,11.05,1.03,COMPLETED,2025-05-06 13:04:55
167,168,2025-11-11 18:31:39,0,6.37,3.53,COMPLETED,2025-10-15 00:15:12
168,169,2025-07-04 15:59:57,0,32,16.31,COMPLETED,2025-05-08 05:57:52
169,170,2025-07-05 18:31:48,0,26.36,9.96,COMPLETED,2025-06-15 04:29:23
170,171,2025-12-22 04:19:22,0,27.52,9.21,CANCELLED,2025-03-31 16:21:49
171,172,2026-01-01 06:37:26,0,15.05,23.73,COMPLETED,2025-04-25 03:07:40
172,173,2025-07-07 17:12:14,0,25.78,19.31,COMPLETED,2025-05-17 19:09:39
173,174,2025-08-12 01:41:45,0,22,5.45,COMPLETED,2025-05-19 22:56:35
174,175,2025-10-02 12:19:09,0,5.98,22.47,COMPLETED,2025-08-03 16:25:29
175,176,2025-07-25 12:27:39,0,30.04,27.42,PENDING,2025-07-08 17:45:33
176,177,2025-07-02 16:29:15,0,31.55,1.66,COMPLETED,2025-07-19 08:35:38
177,178,2025-10-18 01:43:37,0,27.27,14.7,COMPLETED,2025-01-20 19:28:44
178,179,2025-01-15 08:44:05,0,8.26,8.15,COMPLETED,2025-11-29 19:33:25
179,180,2025-08-29 12:48:59,0,45.07,26.13,COMPLETED,2025-02-17 10:38:26
180,181,2025-06-09 11:28:12,0,33.45,11.09,CANCELLED,2025-06-11 08:17:14
181,182,2025-08-16 22:39:45,0,15.82,27.05,COMPLETED,2025-03-24 16:22:56
182,183,2025-05-31 03:41:01,0,17.06,4.75,COMPLETED,2025-01-15 19:03:18
183,184,2026-01-01 02:26:42,0,14.9,3.79,COMPLETED,2025-06-11 08:52:28
184,185,2025-12-10 13:26:07,0,18.77,8.96,COMPLETED,2025-10-06 20:24:54
185,186,2025-04-26 01:57:55,0,16.53,21.32,PENDING,2025-07-09 14:00:09
186,187,2025-07-02 00:32:48,0,44.5,23.58,COMPLETED,2025-03-29 02:34:35
187,188,2025-10-06 20:49:54,0,5.89,17.14,COMPLETED,2025-02-27 11:51:12
188,189,2025-05-19 10:31:16,0,8.97,2.03,COMPLETED,2025-02-26 23:11:16
189,190,2025-03-28 08:38:25,0,41.43,10.37,COMPLETED,2025-11-17 08:14:07
190,191,2025-03-06 03:27:15,0,11.85,14.93,CANCELLED,2025-10-06 16:14:11
191,192,2025-04-27 08:01:24,0,30.59,17.56,COMPLETED,2025-12-12 10:14:03
192,193,2025-08-27 17:48:03,0,28.45,12.26,COMPLETED,2025-12-10 02:50:45
193,194,2025-11-20 02:49:37,0,30.53,13.11,COMPLETED,2025-11-26 00:04:51
194,195,2025-07-10 19:56:00,0,10.69,12.2,COMPLETED,2025-05-11 07:33:30
195,196,2025-10-09 16:55:44,0,25.48,20.82,PENDING,2025-10-04 02:16:08
196,197,2025-09-04 19:55:48,0,12.42,26.27,COMPLETED,2025-03-16 23:08:59
197,198,2026-01-01 19:06:47,0,23.87,22.61,COMPLETED,2025-02-01 04:57:12
198,199,2025-07-29 17:46:38,0,38.97,16.57,COMPLETED,2025-08-07 22:03:10
199,200,2025-03-18 05:35:25,0,17.22,18.37,COMPLETED,2025-02-14 06:24:42
200,201,2025-08-20 05:49:55,0,12.51,26.72,CANCELLED,2025-08-14 11:43:21
201,202,2025-06-12 18:36:18,0,48.83,1.2,COMPLETED,2025-11-13 18:31:07
202,203,2025-10-26 08:44:44,0,23.98,17.07,COMPLETED,2025-12-22 13:38:00
203,204,2025-10-08 05:26:16,0,5.3,13.47,COMPLETED,2025-10-26 11:26:53
204,205,2025-09-19 01:34:10,0,20.83,3.82,COMPLETED,2025-04-16 15:12:02
205,206,2025-01-17 20:12:55,0,19.23,1.98,PENDING,2025-03-13 23:38:32
206,207,2025-10-03 23:37:25,0,46.64,16.21,COMPLETED,2025-01-23 20:28:52
207,208,2025-03-13 03:24:01,0,5.74,2.25,COMPLETED,2025-02-15 13:49:46
208,209,2025-09-27 18:05:55,0,17.28,3.64,COMPLETED,2025-03-09 23:35:53
209,210,2025-08-09 07:27:22,0,36.07,13.76,COMPLETED,2025-06-18 16:44:23
210,211,2025-06-12 23:07:32,0,24.16,26.69,CANCELLED,2025-09-27 12:36:54
211,212,2025-08-10 11:13:00,0,12.89,5.73,COMPLETED,2025-04-05 07:24:39
212,213,2025-12-04 14:56:49,0,33.54,6.13,COMPLETED,2025-03-22 13:52:11
213,214,2025-06-12 12:52:21,0,33.48,22.73,COMPLETED,2025-05-11 17:31:10
214,215,2025-12-09 23:45:42,0,23.51,12.21,COMPLETED,2025-08-10 10:04:10
215,216,2025-01-16 23:33:22,0,7.25,3.12,PENDING,2025-07-11 14:54:30
216,217,2025-05-04 16:18:37,0,34.04,27.25,COMPLETED,2025-05-05 00:57:29
217,218,2025-05-03 18:59:45,0,44.15,23.77,COMPLETED,2025-02-17 12:45:33
218,219,2025-04-04 11:19:46,0,49.24,2.1,COMPLETED,2025-08-14 19:29:45
219,220,2025-07-17 13:31:34,0,13.86,18.74,COMPLETED,2025-08-26 02:38:05
220,221,2025-06-22 21:06:35,0,36.57,23.75,CANCELLED,2025-08-10 04:20:14
221,222,2025-05-21 04:45:12,0,40.66,17.94,COMPLETED,2025-08-25 05:55:28
222,223,2025-05-08 11:03:20,0,26.49,8.93,COMPLETED,2025-08-12 19:04:35
223,224,2025-04-17 23:02:43,0,28.09,3.28,COMPLETED,2025-10-02 03:30:00
224,225,2025-12-17 15:27:53,0,40.59,29.64,COMPLETED,2025-11-28 18:16:35
225,226,2025-12-26 23:21:16,0,47.67,20.69,PENDING,2025-02-24 14:20:26
226,227,2025-06-01 20:39:19,0,14.68,7.58,COMPLETED,2025-12-14 14:27:47
227,228,2025-03-16 11:27:46,0,21.25,2.69,COMPLETED,2025-05-20 08:56:08
228,229,2025-12-02 08:55:18,0,12.69,25.73,COMPLETED,2025-05-24 16:22:25
229,230,2025-03-11 19:25:20,0,34.59,26.9,COMPLETED,2025-08-27 15:25:48
230,231,2025-11-28 17:57:39,0,13.04,4.28,CANCELLED,2025-08-06 06:06:19
231,232,2025-08-26 00:52:35,0,43.88,6.36,COMPLETED,2025-03-09 14:51:30
232,233,2025-04-05 18:37:55,0,6.15,16.57,COMPLETED,2025-07-01 00:56:42
233,234,2025-11-20 16:37:40,0,18.09,8.75,COMPLETED,2025-11-09 05:49:45
234,235,2025-02-12 19:40:13,0,5.52,15.68,COMPLETED,2025-07-22 04:16:49
235,236,2025-11-17 14:06:09,0,33.91,2.07,PENDING,2025-03-28 08:02:29
236,237,2025-05-21 10:29:19,0,10.69,2.71,COMPLETED,2025-06-14 06:31:54
237,238,2025-11-11 09:16:56,0,48.74,20.14,COMPLETED,2025-11-02 21:29:23
238,239,2025-01-24 13:21:43,0,9.52,17.25,COMPLETED,2025-08-09 12:17:42
239,240,2025-03-22 20:52:28,0,43.88,22.25,COMPLETED,2025-08-23 03:21:05
240,241,2025-10-16 22:54:25,0,39.37,18.87,CANCELLED,2025-01-22 16:09:17
241,242,2025-05-20 04:46:45,0,19.64,25.01,COMPLETED,2026-01-01 16:39:22
242,243,2025-11-07 02:43:13,0,21.15,4.44,COMPLETED,2025-01-14 21:35:19
243,244,2025-09-25 07:38:59,0,46.85,6.1,COMPLETED,2025-04-06 16:30:49
244,245,2025-09-23 11:25:19,0,12.75,1.59,COMPLETED,2025-06-24 22:13:22
245,246,2025-03-14 04:45:57,0,43.02,2.23,PENDING,2025-04-16 20:03:29
246,247,2025-11-27 15:26:44,0,9.38,29,COMPLETED,2025-01-29 01:34:00
247,248,2025-11-17 04:06:07,0,5.01,17.46,COMPLETED,2025-11-16 06:38:29
248,249,2025-04-05 07:18:13,0,10.51,14.16,COMPLETED,2025-03-25 06:56:45
249,250,2025-01-25 05:04:55,0,43.91,24.98,COMPLETED,2025-03-16 01:16:23
250,251,2025-07-19 21:43:48,0,12.99,17.8,CANCELLED,2025-07-25 04:59:46
251,252,2025-02-18 04:37:22,0,42.61,29,COMPLETED,2025-10-04 12:50:53
252,253,2025-10-05 05:32:28,0,31.14,29.49,COMPLETED,2025-05-21 13:42:16
253,254,2025-04-29 12:04:04,0,39.89,4.91,COMPLETED,2025-09-01 02:25:00
254,255,2025-03-05 01:44:28,0,31.18,28.03,COMPLETED,2025-03-24 20:56:43
255,256,2025-09-15 23:45:10,0,22.8,6.42,PENDING,2025-01-28 22:05:17
256,257,2025-07-21 07:51:50,0,30.75,24.25,COMPLETED,2025-10-07 00:47:45
257,258,2025-03-29 05:45:59,0,5.12,18.47,COMPLETED,2025-03-30 21:12:58
258,259,2025-09-07 04:02:16,0,31.99,1.71,COMPLETED,2025-04-18 21:27:09
259,260,2025-05-09 18:02:23,0,5.36,1.53,COMPLETED,2025-08-20 09:03:03
260,261,2025-05-10 15:37:18,0,47.65,18.56,CANCELLED,2025-03-04 04:14:02
261,262,2025-04-05 04:10:14,0,36.6,16.19,COMPLETED,2025-05-25 21:06:32
262,263,2025-05-01 03:18:18,0,22.36,18.75,COMPLETED,2025-09-27 16:53:57
263,264,2025-10-09 18:01:06,0,5.62,23.87,COMPLETED,2025-01-25 17:39:29
264,265,2025-04-14 13:38:32,0,22.14,22.41,COMPLETED,2025-05-03 22:27:11
265,266,2025-03-13 07:01:09,0,30.55,2.88,PENDING,2025-05-30 21:38:35
266,267,2025-11-07 18:13:30,0,5.3,12.2,COMPLETED,2025-08-23 18:10:18
267,268,2025-04-02 08:20:53,0,11.88,23.19,COMPLETED,2025-06-30 05:25:38
268,269,2025-07-03 16:51:18,0,29.18,20.44,COMPLETED,2025-12-06 15:59:16
269,270,2025-12-07 20:59:02,0,36.97,18.22,COMPLETED,2025-11-05 23:13:59
270,271,2025-01-28 19:41:40,0,23.62,17.27,CANCELLED,2025-12-23 11:50:56
271,272,2026-01-06 12:36:47,0,22.59,22.94,COMPLETED,2025-12-07 05:44:38
272,273,2025-01-20 13:51:40,0,39.32,13.6,COMPLETED,2025-07-07 13:07:22
273,274,2025-06-16 22:35:28,0,8.73,1.61,COMPLETED,2025-03-05 21:54:39
274,275,2025-01-30 01:56:38,0,49.62,8.33,COMPLETED,2025-06-23 00:34:59
275,276,2025-03-07 05:21:15,0,18,6.09,PENDING,2025-10-19 08:13:27
276,277,2025-02-10 11:35:52,0,17.71,12.44,COMPLETED,2025-09-04 03:03:59
277,278,2025-04-23 20:48:00,0,22.21,5.41,COMPLETED,2025-04-29 21:24:03
278,279,2025-03-29 05:31:45,0,18.48,22.8,COMPLETED,2025-03-07 07:41:47
279,280,2025-01-28 13:23:13,0,41.96,21.94,COMPLETED,2025-11-14 20:09:01
280,281,2025-04-07 11:11:50,0,41.93,27.35,CANCELLED,2025-09-03 19:00:12
281,282,2025-10-18 15:44:05,0,40.39,12.54,COMPLETED,2025-07-20 06:51:47
282,283,2025-07-03 23:52:10,0,46.54,20.15,COMPLETED,2025-01-30 14:24:08
283,284,2025-01-13 17:19:51,0,39.63,13.16,COMPLETED,2025-02-25 19:21:23
284,285,2025-05-04 01:56:40,0,48.01,12.98,COMPLETED,2025-04-17 21:28:38
285,286,2025-04-06 00:09:17,0,45.88,24.41,PENDING,2025-04-05 07:27:16
286,287,2025-12-20 20:56:51,0,13.37,11.85,COMPLETED,2025-07-02 00:02:32
287,288,2025-02-17 08:21:28,0,38.45,1.58,COMPLETED,2025-04-24 01:12:19
288,289,2025-03-22 21:56:24,0,12.26,27.62,COMPLETED,2025-12-10 09:09:11
289,290,2025-12-16 03:08:12,0,30.81,21.82,COMPLETED,2025-07-31 23:31:53
290,291,2025-10-29 17:06:13,0,7.46,10.02,CANCELLED,2025-04-24 02:11:42
291,292,2025-11-18 04:44:23,0,30.71,18.07,COMPLETED,2025-07-17 19:32:16
292,293,2025-10-11 14:31:05,0,12.41,18.27,COMPLETED,2025-04-21 01:36:21
293,294,2025-04-21 21:09:11,0,28.82,28.16,COMPLETED,2025-03-15 20:12:31
294,295,2026-01-10 01:43:10,0,17.71,26.91,COMPLETED,2025-11-22 12:09:23
295,296,2025-07-03 16:41:31,0,23.8,7.03,PENDING,2025-09-10 09:52:25
296,297,2025-12-12 17:44:01,0,31.02,2.28,COMPLETED,2025-12-16 08:31:54
297,298,2025-09-09 16:03:22,0,11.19,10.66,COMPLETED,2025-02-18 07:06:44
298,299,2026-01-08 16:29:19,0,37.59,14.46,COMPLETED,2025-02-09 16:57:31
299,300,2025-07-21 20:33:46,0,22.82,8.72,COMPLETED,2025-09-18 23:31:47
300,1,2025-09-06 19:52:27,0,48.63,8.72,CANCELLED,2025-05-26 17:34:29
301,2,2025-10-05 05:03:43,0,48.03,17.1,COMPLETED,2025-03-20 11:43:25
302,3,2025-08-03 22:15:46,0,41.52,7.7,COMPLETED,2025-06-06 07:53:33
303,4,2025-01-16 15:43:20,0,46.67,23.99,COMPLETED,2025-09-28 22:54:05
304,5,2025-05-27 02:03:51,0,20.98,24.15,COMPLETED,2025-07-16 08:51:36
305,6,2025-04-29 11:20:31,0,46.48,12.38,PENDING,2025-10-07 19:04:15
306,7,2025-02-22 22:03:02,0,7.69,20.06,COMPLETED,2025-10-28 05:46:48
307,8,2025-02-09 14:52:59,0,14.11,5.32,COMPLETED,2025-09-04 09:39:28
308,9,2025-10-12 18:33:20,0,12.19,23.45,COMPLETED,2025-03-26 09:49:05
309,10,2025-08-29 07:30:50,0,39.34,5.63,COMPLETED,2025-07-04 04:03:38
310,11,2025-08-23 15:14:19,0,17.38,20.7,CANCELLED,2025-09-12 19:50:33
311,12,2025-12-20 10:08:58,0,10.66,6.56,COMPLETED,2025-05-23 06:37:01
312,13,2025-12-14 13:51:27,0,16.81,13.18,COMPLETED,2025-11-04 19:58:09
313,14,2025-09-18 19:59:47,0,34.64,17.91,COMPLETED,2025-10-17 05:59:20
314,15,2026-01-01 19:17:16,0,46.56,25.46,COMPLETED,2025-11-01 08:00:34
315,16,2025-11-15 16:42:44,0,36.68,6.11,PENDING,2025-05-04 04:52:57
316,17,2025-01-23 23:46:30,0,5.23,12.81,COMPLETED,2025-09-01 11:18:01
317,18,2025-05-06 17:05:15,0,47.86,24.73,COMPLETED,2026-01-04 05:22:01
318,19,2025-05-28 02:20:17,0,26.49,25.04,COMPLETED,2025-04-06 09:33:20
319,20,2025-12-26 04:23:15,0,31.29,27.36,COMPLETED,2025-01-24 23:58:20
320,21,2025-09-17 03:41:37,0,8.48,12.55,CANCELLED,2025-10-15 22:56:38
321,22,2025-03-05 00:41:20,0,37.93,18.32,COMPLETED,2025-10-02 01:54:27
322,23,2025-12-13 05:21:18,0,32.79,1.02,COMPLETED,2025-07-02 12:17:25
323,24,2025-07-26 11:05:03,0,20.11,7.5,COMPLETED,2025-09-03 03:04:40
324,25,2025-10-02 12:21:17,0,8.9,21.29,COMPLETED,2025-04-13 15:18:04
325,26,2025-12-14 23:44:41,0,5.45,20.32,PENDING,2025-04-29 04:15:35
326,27,2025-04-18 01:59:55,0,16.22,28.87,COMPLETED,2025-09-01 12:26:53
327,28,2025-10-16 02:45:19,0,27.15,7.03,COMPLETED,2025-09-06 11:02:43
328,29,2026-01-12 05:02:39,0,15.87,13.8,COMPLETED,2026-01-05 05:27:55
329,30,2025-08-06 19:56:26,0,39.79,29.34,COMPLETED,2025-12-23 17:11:39
330,31,2025-05-30 20:34:33,0,23.36,27.05,CANCELLED,2025-11-16 16:14:09
331,32,2025-09-29 14:25:49,0,6.92,12.13,COMPLETED,2025-02-15 02:45:25
332,33,2025-06-21 01:44:05,0,28.8,16.21,COMPLETED,2025-11-27 16:11:46
333,34,2025-06-10 06:05:16,0,30.89,20.66,COMPLETED,2025-12-20 17:45:22
334,35,2025-09-15 15:21:10,0,21.16,18.65,COMPLETED,2025-12-05 15:30:30
335,36,2025-10-22 23:04:36,0,41.23,19.36,PENDING,2025-12-12 22:27:48
336,37,2025-03-05 18:38:20,0,24.9,17.03,COMPLETED,2025-02-17 19:05:20
337,38,2025-12-03 20:27:21,0,14.07,13.04,COMPLETED,2025-02-17 20:59:40
338,39,2025-07-16 10:07:20,0,31.91,27.35,COMPLETED,2025-09-01 02:14:21
339,40,2025-12-24 09:19:45,0,7.24,18.98,COMPLETED,2025-09-23 15:47:50
340,41,2025-04-04 06:48:54,0,26.85,15.25,CANCELLED,2025-03-13 20:54:26
341,42,2025-12-18 22:24:32,0,44.88,13.01,COMPLETED,2025-09-15 08:27:40
342,43,2025-06-07 20:49:36,0,7.25,4.59,COMPLETED,2025-05-17 07:04:53
343,44,2025-06-15 23:05:05,0,32.47,5.01,COMPLETED,2025-07-21 03:16:43
344,45,2025-03-09 00:46:05,0,25.31,2.71,COMPLETED,2025-08-20 22:57:01
345,46,2025-10-15 16:05:14,0,40.95,24.58,PENDING,2025-12-21 23:55:16
346,47,2025-11-27 07:01:39,0,24.49,15.28,COMPLETED,2025-05-22 03:28:53
347,48,2025-05-29 22:32:56,0,18.42,11.64,COMPLETED,2025-12-05 10:13:55
348,49,2025-03-11 02:06:16,0,9.49,28.29,COMPLETED,2025-09-28 09:32:59
349,50,2025-05-05 20:14:57,0,7.13,12.93,COMPLETED,2025-07-29 03:31:47
350,51,2025-07-17 07:34:29,0,35.46,17.32,CANCELLED,2025-05-07 07:36:17
351,52,2025-03-22 23:55:31,0,29.91,12.15,COMPLETED,2025-09-08 22:57:16
352,53,2025-12-25 12:31:42,0,48.54,23.14,COMPLETED,2025-09-26 13:28:50
353,54,2025-03-09 13:35:38,0,24.5,11.54,COMPLETED,2025-02-17 01:54:24
354,55,2025-02-12 03:13:28,0,49.26,15.02,COMPLETED,2025-05-05 09:01:19
355,56,2025-11-06 09:53:24,0,40.16,13.53,PENDING,2025-08-03 10:59:43
356,57,2025-11-18 22:49:48,0,7.92,28.59,COMPLETED,2025-10-06 07:23:53
357,58,2025-05-18 01:56:48,0,29.73,28.3,COMPLETED,2025-09-09 20:24:25
358,59,2025-11-26 20:31:27,0,32.99,3.45,COMPLETED,2025-12-23 04:04:36
359,60,2025-09-06 05:05:42,0,13.9,12.71,COMPLETED,2025-11-09 07:37:12
360,61,2025-08-19 15:42:16,0,16.52,28.35,CANCELLED,2025-07-24 00:12:24
361,62,2025-04-21 06:27:54,0,37.88,1.28,COMPLETED,2025-04-09 17:23:35
362,63,2025-12-13 03:33:52,0,24.09,29.54,COMPLETED,2025-02-27 18:12:12
363,64,2025-03-16 20:33:32,0,42.94,27.24,COMPLETED,2025-05-23 18:28:09
364,65,2025-04-17 12:34:02,0,28.14,28.75,COMPLETED,2025-07-25 13:56:10
365,66,2025-12-05 22:57:37,0,19.67,20.93,PENDING,2025-11-08 21:07:00
366,67,2025-06-11 20:48:21,0,43.16,11.22,COMPLETED,2025-10-31 06:45:11
367,68,2025-05-27 19:14:29,0,39.54,3.36,COMPLETED,2025-09-18 06:59:35
368,69,2025-10-17 07:09:12,0,24.2,5.83,COMPLETED,2025-02-13 04:25:09
369,70,2025-07-10 04:04:35,0,24.87,7.04,COMPLETED,2025-10-19 14:27:32
370,71,2025-07-18 10:38:34,0,47.1,5.22,CANCELLED,2025-07-19 10:34:11
371,72,2025-08-22 12:38:53,0,43.09,29.55,COMPLETED,2025-03-01 21:09:20
372,73,2025-11-23 20:44:44,0,6.87,16.24,COMPLETED,2025-07-30 16:07:10
373,74,2025-07-05 19:33:19,0,9.11,11.26,COMPLETED,2025-01-17 00:34:28
374,75,2025-12-05 15:49:05,0,18.3,20.58,COMPLETED,2025-09-02 13:46:14
375,76,2025-07-15 04:18:55,0,9.09,3.39,PENDING,2025-09-16 22:46:55
376,77,2025-03-08 18:36:15,0,11.78,23.95,COMPLETED,2025-09-10 12:41:58
377,78,2025-09-30 20:53:52,0,10.09,26.38,COMPLETED,2025-10-20 11:16:27
378,79,2025-08-01 18:27:11,0,9.61,28.72,COMPLETED,2025-07-15 23:40:21
379,80,2025-11-10 16:51:50,0,35.23,2.37,COMPLETED,2025-04-23 05:36:56
380,81,2025-02-22 17:45:04,0,44.5,20.04,CANCELLED,2025-11-17 02:51:38
381,82,2025-03-05 21:16:48,0,24.58,9.98,COMPLETED,2025-09-09 11:02:08
382,83,2025-04-24 16:19:08,0,42.87,9.07,COMPLETED,2026-01-08 20:27:21
383,84,2025-07-02 16:56:44,0,18.08,17.13,COMPLETED,2025-09-10 17:18:39
384,85,2025-12-12 03:27:07,0,47.15,24.98,COMPLETED,2025-05-10 21:36:36
385,86,2025-01-28 04:41:45,0,43.69,3.92,PENDING,2025-06-13 03:15:47
386,87,2025-11-21 02:36:39,0,26.66,28.59,COMPLETED,2025-05-04 00:29:00
387,88,2025-04-09 16:55:25,0,23.05,21.77,COMPLETED,2025-01-15 21:38:00
388,89,2025-11-10 10:32:18,0,19.93,16,COMPLETED,2025-09-04 13:39:34
389,90,2025-07-05 00:22:37,0,22.64,20.33,COMPLETED,2025-06-17 22:59:14
390,91,2025-01-16 08:26:16,0,8.13,11.17,CANCELLED,2025-03-21 01:54:26
391,92,2025-08-18 12:08:13,0,24.42,17.56,COMPLETED,2025-07-01 09:58:09
392,93,2025-12-29 05:16:38,0,40.23,6.03,COMPLETED,2025-11-25 09:37:26
393,94,2025-07-02 22:29:26,0,11.66,10.05,COMPLETED,2025-12-31 08:25:34
394,95,2025-09-03 18:32:16,0,32.37,25.69,COMPLETED,2025-05-31 02:16:04
395,96,2025-03-14 01:43:14,0,6.16,10.77,PENDING,2025-02-20 14:55:17
396,97,2025-11-10 10:28:10,0,40.79,11.64,COMPLETED,2025-12-22 05:23:12
397,98,2025-05-09 01:10:37,0,15.02,27.48,COMPLETED,2025-12-14 23:57:14
398,99,2026-01-10 05:29:07,0,12.99,15.34,COMPLETED,2025-09-02 04:53:48
399,100,2025-09-28 10:25:17,0,35.22,4.54,COMPLETED,2025-11-06 19:57:08
400,101,2025-10-08 06:44:33,0,10.62,25.03,CANCELLED,2025-09-27 03:28:41
401,102,2025-06-26 14:09:35,0,6.28,1.78,COMPLETED,2025-07-02 17:08:25
402,103,2025-02-04 08:56:44,0,21.59,29.39,COMPLETED,2025-09-02 14:09:42
403,104,2025-08-13 10:09:36,0,5.15,14.58,COMPLETED,2025-11-13 06:58:17
404,105,2025-03-03 16:04:57,0,37.29,26.39,COMPLETED,2025-12-12 01:22:41
405,106,2025-05-19 09:40:33,0,26.77,18.81,PENDING,2025-12-26 22:49:36
406,107,2025-01-27 20:38:54,0,35.06,15.37,COMPLETED,2025-03-18 20:58:34
407,108,2025-03-20 04:09:58,0,24.54,7.28,COMPLETED,2025-05-30 13:20:40
408,109,2025-04-20 16:11:18,0,35.59,27.59,COMPLETED,2025-08-25 03:56:40
409,110,2025-12-23 17:16:30,0,21.37,13.4,COMPLETED,2025-12-02 07:28:46
410,111,2025-11-13 19:14:43,0,20.57,13.2,CANCELLED,2025-12-06 23:24:04
411,112,2025-10-22 05:59:37,0,22.15,8.07,COMPLETED,2025-03-01 09:37:55
412,113,2025-02-20 16:08:37,0,21.65,14.04,COMPLETED,2025-02-02 08:09:41
413,114,2025-11-16 22:20:51,0,38.13,7.63,COMPLETED,2025-10-22 15:27:18
414,115,2025-03-29 22:19:26,0,19.58,4.42,COMPLETED,2025-08-31 06:23:24
415,116,2025-07-28 01:37:43,0,15.95,5.52,PENDING,2025-05-12 13:11:53
416,117,2025-12-25 21:52:31,0,45.31,22.69,COMPLETED,2025-07-24 15:29:57
417,118,2025-08-31 21:39:51,0,45.31,9.08,COMPLETED,2026-01-01 23:23:31
418,119,2025-12-20 09:45:42,0,18.34,6.41,COMPLETED,2025-02-26 03:44:01
419,120,2025-03-03 15:32:21,0,43.61,27.58,COMPLETED,2025-03-07 00:51:22
420,121,2025-12-29 16:03:38,0,47.54,23.29,CANCELLED,2025-01-22 14:34:40
421,122,2025-11-11 09:42:55,0,25.03,25.6,COMPLETED,2025-07-05 02:34:35
422,123,2026-01-11 02:31:39,0,6.57,22.87,COMPLETED,2025-07-08 06:58:04
423,124,2025-06-05 13:36:57,0,31.26,23.8,COMPLETED,2025-10-27 05:11:05
424,125,2025-10-16 12:09:52,0,12.59,17.6,COMPLETED,2025-06-10 15:43:19
425,126,2025-10-03 16:37:34,0,28.5,27.1,PENDING,2025-01-28 13:58:11
426,127,2025-05-14 22:06:11,0,33.64,24.94,COMPLETED,2026-01-05 01:57:03
427,128,2025-06-10 04:27:10,0,11.53,3.34,COMPLETED,2025-03-16 02:26:56
428,129,2025-10-06 09:52:19,0,44.9,10.97,COMPLETED,2025-05-26 23:24:29
429,130,2025-05-06 22:02:40,0,5.19,6.76,COMPLETED,2025-12-24 12:28:01
430,131,2025-02-07 16:19:20,0,27.6,29.69,CANCELLED,2025-01-22 23:20:39
431,132,2025-07-22 00:57:58,0,7.91,8,COMPLETED,2025-09-23 09:59:26
432,133,2025-07-27 04:56:46,0,39.16,14.72,COMPLETED,2025-11-21 20:13:46
433,134,2025-08-27 02:40:24,0,41.75,24.61,COMPLETED,2025-05-01 02:13:40
434,135,2025-06-14 16:17:54,0,31.74,29.87,COMPLETED,2025-04-09 02:13:56
435,136,2025-06-11 14:50:38,0,46.8,11.34,PENDING,2025-10-05 00:27:49
436,137,2025-02-11 00:14:27,0,9.41,5.36,COMPLETED,2025-09-26 23:43:28
437,138,2025-06-12 14:16:49,0,49.32,8.67,COMPLETED,2025-11-10 16:33:04
438,139,2025-05-13 06:32:40,0,30.27,17.44,COMPLETED,2025-04-12 05:39:24
439,140,2025-06-12 20:57:12,0,11.36,8.65,COMPLETED,2025-11-25 15:06:48
440,141,2025-08-21 11:10:57,0,18.44,5.71,CANCELLED,2025-01-22 19:11:25
441,142,2025-01-27 09:10:07,0,45.26,16.52,COMPLETED,2025-03-08 14:14:04
442,143,2025-07-21 11:04:23,0,20.26,12.55,COMPLETED,2025-10-03 00:57:09
443,144,2025-02-06 20:50:40,0,29.99,10.44,COMPLETED,2025-03-08 04:37:38
444,145,2025-06-08 00:11:31,0,11.28,8.81,COMPLETED,2025-12-19 03:18:38
445,146,2025-12-25 12:01:46,0,27.76,14.85,PENDING,2025-11-23 23:33:18
446,147,2025-09-17 17:29:46,0,6.8,27.05,COMPLETED,2025-01-25 11:41:28
447,148,2025-01-28 19:31:54,0,8.51,25.24,COMPLETED,2025-01-21 15:32:42
448,149,2025-02-21 12:49:54,0,12.09,22.44,COMPLETED,2025-06-25 12:04:36
449,150,2025-03-18 16:41:49,0,45.13,4.62,COMPLETED,2025-08-18 23:22:40
450,151,2025-08-06 09:14:51,0,29.68,17.65,CANCELLED,2025-07-06 23:11:19
451,152,2025-06-29 21:42:03,0,31.54,1.73,COMPLETED,2025-10-05 18:48:03
452,153,2025-05-02 06:39:33,0,42.63,24.87,COMPLETED,2025-05-25 21:02:49
453,154,2025-05-22 00:16:41,0,38.36,8.76,COMPLETED,2025-04-26 16:44:34
454,155,2025-09-11 06:19:16,0,7.72,28.3,COMPLETED,2025-02-11 16:45:53
455,156,2025-01-23 10:22:20,0,21.7,25.04,PENDING,2025-08-29 11:58:08
456,157,2025-07-15 16:39:14,0,11.18,25.1,COMPLETED,2025-04-12 01:36:20
457,158,2025-08-02 18:57:02,0,25.25,8.4,COMPLETED,2025-12-29 21:30:13
458,159,2025-05-07 01:18:28,0,42.95,18.04,COMPLETED,2025-06-11 21:47:40
459,160,2025-12-08 17:15:38,0,27.62,12.81,COMPLETED,2026-01-04 12:13:10
460,161,2025-02-27 13:06:19,0,37.46,18.5,CANCELLED,2025-06-06 07:52:27
461,162,2025-03-20 05:44:13,0,9.66,21.13,COMPLETED,2025-10-20 07:13:01
462,163,2025-10-25 03:13:27,0,35.64,14.69,COMPLETED,2025-03-28 15:08:00
463,164,2025-10-08 20:10:06,0,47.92,23.51,COMPLETED,2025-02-06 13:57:56
464,165,2025-05-07 19:31:41,0,23.22,9.04,COMPLETED,2025-01-18 04:42:56
465,166,2025-12-28 22:39:39,0,17.6,9.95,PENDING,2025-08-23 20:01:52
466,167,2025-05-10 02:19:44,0,23.48,7.55,COMPLETED,2025-04-17 05:36:10
467,168,2025-10-15 14:40:14,0,35.36,22.41,COMPLETED,2025-10-26 07:29:26
468,169,2025-04-02 23:22:07,0,29.52,16.21,COMPLETED,2025-03-30 04:10:24
469,170,2025-07-23 18:28:33,0,28.54,18.54,COMPLETED,2025-04-27 07:56:32
470,171,2025-03-20 15:48:58,0,18.63,17.04,CANCELLED,2025-04-29 03:11:00
471,172,2025-08-18 12:33:20,0,6.4,29.16,COMPLETED,2025-08-29 08:54:00
472,173,2025-10-14 01:54:01,0,43.92,17.72,COMPLETED,2025-11-24 03:59:07
473,174,2025-04-02 13:21:08,0,37.21,12.92,COMPLETED,2025-06-24 03:29:54
474,175,2025-11-25 10:46:07,0,42.32,11.07,COMPLETED,2025-12-20 08:28:18
475,176,2025-04-04 05:28:55,0,24.46,13.94,PENDING,2025-01-13 14:39:25
476,177,2025-10-22 08:22:21,0,49.85,18.06,COMPLETED,2025-04-19 02:42:30
477,178,2025-07-22 22:59:38,0,22.15,19.81,COMPLETED,2025-07-12 23:24:29
478,179,2025-04-29 20:01:31,0,42.37,21.21,COMPLETED,2025-08-03 23:16:50
479,180,2025-09-21 04:59:03,0,17.59,23.13,COMPLETED,2025-02-08 16:17:36
480,181,2025-10-04 03:12:32,0,41.11,26.46,CANCELLED,2026-01-02 16:05:13
481,182,2025-08-23 08:07:58,0,11.73,23.35,COMPLETED,2025-02-13 22:12:06
482,183,2025-08-29 07:38:52,0,44.24,25.81,COMPLETED,2025-10-12 12:01:19
483,184,2025-01-29 15:45:58,0,7.3,21.72,COMPLETED,2025-12-27 12:15:10
484,185,2025-09-25 11:47:59,0,11.37,13.97,COMPLETED,2025-02-25 23:36:49
485,186,2025-08-15 10:20:00,0,32.89,26.47,PENDING,2025-01-29 09:59:23
486,187,2025-05-04 09:16:31,0,17.31,17.8,COMPLETED,2025-12-09 06:24:02
487,188,2025-01-15 02:52:58,0,12.84,15.04,COMPLETED,2025-08-17 02:02:30
488,189,2025-05-27 13:22:47,0,15.14,3.63,COMPLETED,2025-11-12 01:40:44
489,190,2025-06-14 14:54:41,0,14.76,27.49,COMPLETED,2025-06-08 04:05:04
490,191,2025-03-02 08:02:42,0,24.99,29.71,CANCELLED,2025-08-08 02:49:27
491,192,2025-08-08 04:52:29,0,21.34,16.89,COMPLETED,2026-01-09 19:53:21
492,193,2025-01-23 18:01:38,0,11.48,10.4,COMPLETED,2025-04-24 03:22:55
493,194,2025-02-19 01:36:00,0,33.86,26.65,COMPLETED,2025-01-24 00:32:54
494,195,2025-12-15 20:12:34,0,25.58,4.51,COMPLETED,2025-08-24 23:04:47
495,196,2025-09-16 14:50:35,0,16.46,10.32,PENDING,2026-01-10 09:05:30
496,197,2025-12-08 01:37:48,0,47.58,13.22,COMPLETED,2025-06-30 18:44:30
497,198,2025-10-07 00:02:18,0,33.25,19.67,COMPLETED,2025-11-12 07:54:32
498,199,2025-06-13 08:26:46,0,24.67,10.07,COMPLETED,2025-03-11 03:16:21
499,200,2025-01-19 18:20:01,0,24.18,28.94,COMPLETED,2025-05-14 15:22:01
500,201,2025-08-13 12:38:55,0,45.66,24.71,CANCELLED,2025-02-20 16:32:49
501,202,2025-03-21 14:52:11,0,21.57,11.99,COMPLETED,2025-04-29 21:39:13
502,203,2025-05-09 00:22:05,0,14.52,17.09,COMPLETED,2025-02-16 17:49:08
503,204,2025-07-24 20:55:31,0,15.56,18.56,COMPLETED,2025-01-25 21:44:21
504,205,2025-08-23 09:36:15,0,23.52,29.13,COMPLETED,2025-05-02 16:58:39
505,206,2025-01-16 20:24:52,0,13.63,6.09,PENDING,2025-06-23 14:32:15
506,207,2025-06-14 22:51:42,0,33.67,17.47,COMPLETED,2025-02-25 07:59:53
507,208,2025-12-18 21:39:26,0,43.16,19.51,COMPLETED,2025-07-16 20:55:20
508,209,2025-09-03 03:27:47,0,47.24,9.15,COMPLETED,2025-11-22 17:46:37
509,210,2025-05-30 17:18:13,0,36.51,21.69,COMPLETED,2025-04-03 14:03:44
510,211,2025-11-16 00:41:56,0,48.94,13.86,CANCELLED,2025-04-18 09:01:40
511,212,2025-03-04 13:00:33,0,16.22,4.88,COMPLETED,2025-01-22 06:06:52
512,213,2025-03-09 13:30:10,0,17.73,16.79,COMPLETED,2025-01-23 02:48:44
513,214,2025-06-01 12:24:58,0,11.25,7.51,COMPLETED,2025-01-13 23:34:29
514,215,2025-06-29 15:56:27,0,22.35,23.54,COMPLETED,2025-02-25 00:35:28
515,216,2025-10-25 18:41:05,0,5.77,6.83,PENDING,2025-12-27 15:53:44
516,217,2025-11-18 19:45:55,0,42.62,2.32,COMPLETED,2025-12-09 02:17:35
517,218,2025-02-06 04:23:05,0,19.36,22.63,COMPLETED,2025-06-26 22:22:02
518,219,2025-08-24 07:20:25,0,23.61,13.74,COMPLETED,2025-03-07 21:29:16
519,220,2025-08-04 21:57:36,0,18.92,16.47,COMPLETED,2025-08-09 00:25:44
520,221,2025-02-11 13:47:04,0,10.05,25.82,CANCELLED,2025-05-07 22:08:15
521,222,2025-01-18 06:17:14,0,43.83,15.27,COMPLETED,2025-02-18 07:28:05
522,223,2025-09-16 13:09:21,0,7.64,1.66,COMPLETED,2025-03-13 00:03:09
523,224,2025-04-26 09:47:19,0,46.16,24.88,COMPLETED,2025-09-22 08:31:42
524,225,2025-03-22 19:17:39,0,27,25.18,COMPLETED,2025-03-28 05:27:29
525,226,2025-06-19 13:53:00,0,44.59,16.2,PENDING,2025-10-18 08:54:26
526,227,2025-05-03 22:34:45,0,49.27,24.98,COMPLETED,2025-12-21 22:26:25
527,228,2025-08-02 07:34:17,0,39.11,13.43,COMPLETED,2025-07-28 17:47:22
528,229,2025-07-15 07:47:25,0,33.5,17.5,COMPLETED,2025-10-30 13:02:10
529,230,2025-02-26 04:46:29,0,36.2,28.41,COMPLETED,2025-07-23 20:59:07
530,231,2025-02-20 21:00:22,0,8.06,28.08,CANCELLED,2025-05-20 02:14:15
531,232,2025-10-19 09:41:29,0,30.62,25.83,COMPLETED,2025-10-31 14:41:55
532,233,2025-02-17 22:43:55,0,17.29,19.87,COMPLETED,2026-01-08 23:54:28
533,234,2025-11-04 15:20:38,0,7.59,20.33,COMPLETED,2025-06-02 00:25:39
534,235,2025-12-08 13:36:31,0,35.72,22.6,COMPLETED,2025-08-07 01:55:22
535,236,2025-05-31 12:49:31,0,46.43,11.51,PENDING,2025-03-19 09:00:37
536,237,2025-05-05 15:58:34,0,31.61,2.23,COMPLETED,2025-06-09 02:37:39
537,238,2025-06-05 04:50:35,0,39.59,23.69,COMPLETED,2025-04-30 04:21:52
538,239,2025-06-23 18:34:11,0,39.54,14.04,COMPLETED,2025-03-26 11:38:21
539,240,2025-08-01 23:39:25,0,22.12,13.67,COMPLETED,2025-06-08 09:22:30
540,241,2025-10-11 00:01:51,0,26.49,3,CANCELLED,2025-05-25 10:58:46
541,242,2025-03-21 16:08:21,0,9.28,3.25,COMPLETED,2025-06-10 09:27:47
542,243,2025-09-19 10:54:53,0,19.12,19.51,COMPLETED,2025-07-14 05:39:51
543,244,2025-06-03 00:01:20,0,18.84,9.58,COMPLETED,2025-06-13 01:02:46
544,245,2025-05-17 11:30:37,0,48.93,8.23,COMPLETED,2025-03-12 02:35:55
545,246,2025-09-11 11:31:46,0,33.74,27.31,PENDING,2025-07-29 05:21:57
546,247,2025-12-28 15:26:31,0,9.52,24.54,COMPLETED,2025-05-25 03:03:55
547,248,2025-08-06 00:57:36,0,9.65,7.26,COMPLETED,2025-09-06 01:42:13
548,249,2025-11-15 02:48:19,0,41.62,3.11,COMPLETED,2025-08-06 17:01:43
549,250,2026-01-06 18:17:20,0,24.8,13.05,COMPLETED,2026-01-09 14:57:18
550,251,2025-02-17 00:51:09,0,35.64,3.84,CANCELLED,2025-10-23 16:55:46
551,252,2025-12-15 18:23:30,0,8.52,9.51,COMPLETED,2025-10-25 18:08:39
552,253,2025-04-16 17:33:00,0,36.46,19.67,COMPLETED,2025-03-31 23:15:02
553,254,2026-01-05 12:14:08,0,20.48,2.7,COMPLETED,2025-09-26 03:32:13
554,255,2025-06-16 02:20:11,0,44.63,9,COMPLETED,2025-10-12 05:09:47
555,256,2025-11-01 06:43:51,0,18.21,28.45,PENDING,2025-07-23 01:47:04
556,257,2025-11-27 02:40:53,0,37,28.17,COMPLETED,2025-05-28 06:22:31
557,258,2025-04-15 08:32:43,0,37.02,18.23,COMPLETED,2025-06-21 00:25:38
558,259,2025-05-18 07:55:52,0,20.63,2.85,COMPLETED,2025-08-14 17:59:07
559,260,2025-04-26 12:22:03,0,14.02,20.6,COMPLETED,2025-04-01 21:03:22
560,261,2025-03-27 11:39:04,0,25.51,13.34,CANCELLED,2025-07-30 01:15:35
561,262,2025-08-02 16:03:37,0,17.36,19.86,COMPLETED,2025-04-18 17:12:22
562,263,2025-05-04 17:16:11,0,20.68,21,COMPLETED,2025-10-26 13:05:02
563,264,2025-04-20 11:56:37,0,21.29,15.05,COMPLETED,2025-12-31 15:35:53
564,265,2025-08-22 20:21:29,0,6.57,25.7,COMPLETED,2025-03-18 15:00:04
565,266,2025-03-31 00:25:38,0,44.94,23.64,PENDING,2025-08-19 13:32:43
566,267,2025-12-26 14:09:58,0,36.84,6.84,COMPLETED,2025-04-19 12:40:02
567,268,2025-06-28 07:35:30,0,38.06,3.39,COMPLETED,2025-08-28 02:03:06
568,269,2025-09-12 00:07:43,0,36.56,21.61,COMPLETED,2025-05-22 10:51:19
569,270,2025-06-19 17:00:45,0,31.86,7.23,COMPLETED,2025-03-19 08:00:55
570,271,2025-12-21 19:15:26,0,33.2,25.47,CANCELLED,2025-07-21 08:33:11
571,272,2025-12-16 18:33:28,0,8.54,18.31,COMPLETED,2025-12-25 16:21:12
572,273,2025-08-26 08:35:25,0,46.19,7.9,COMPLETED,2025-07-12 00:51:32
573,274,2025-12-11 10:20:04,0,25.55,6.38,COMPLETED,2025-03-10 13:52:53
574,275,2025-11-14 00:00:00,0,33.21,6.61,COMPLETED,2025-01-16 11:42:59
575,276,2026-01-09 03:14:37,0,37.98,4.36,PENDING,2026-01-01 05:27:45
576,277,2025-12-25 07:45:23,0,23.02,25.94,COMPLETED,2025-09-24 17:01:13
577,278,2025-01-28 10:29:45,0,36.46,25.78,COMPLETED,2025-08-01 03:40:46
578,279,2025-05-16 16:19:07,0,36.3,9.84,COMPLETED,2025-03-04 07:02:57
579,280,2025-01-25 18:36:05,0,22,14.05,COMPLETED,2025-08-09 10:49:15
580,281,2025-05-30 17:02:55,0,24.77,8.05,CANCELLED,2025-05-27 05:59:26
581,282,2025-11-03 20:46:52,0,17.06,7.48,COMPLETED,2025-07-14 12:11:33
582,283,2025-09-15 00:21:40,0,45.69,19.49,COMPLETED,2025-06-16 08:19:13
583,284,2025-09-14 10:41:23,0,19.88,25.73,COMPLETED,2025-12-03 15:04:41
584,285,2026-01-02 13:56:55,0,36.67,23.7,COMPLETED,2025-12-31 17:07:04
585,286,2025-04-04 08:55:10,0,25.32,15.51,PENDING,2025-12-27 12:58:23
586,287,2025-06-04 02:02:48,0,29.43,11.73,COMPLETED,2025-12-23 17:00:01
587,288,2025-03-14 17:07:37,0,33.6,8.96,COMPLETED,2025-04-01 05:06:45
588,289,2025-12-19 10:13:22,0,24.64,19.11,COMPLETED,2025-10-31 12:05:20
589,290,2026-01-12 05:28:38,0,20.27,16.4,COMPLETED,2025-08-27 20:10:54
590,291,2025-09-23 13:24:48,0,27.38,26.49,CANCELLED,2025-09-29 09:14:59
591,292,2026-01-01 14:25:37,0,36.83,17.27,COMPLETED,2025-05-06 18:19:53
592,293,2025-08-20 02:36:42,0,8.95,26.97,COMPLETED,2025-04-16 15:35:07
593,294,2025-03-16 14:41:03,0,47.76,14.7,COMPLETED,2025-10-19 07:09:33
594,295,2025-01-19 23:12:42,0,32.58,20.92,COMPLETED,2026-01-03 01:58:20
595,296,2025-02-17 16:08:39,0,27.41,9.31,PENDING,2025-08-21 22:38:52
596,297,2025-09-10 12:15:07,0,16.78,23.56,COMPLETED,2025-09-14 04:13:52
597,298,2025-05-13 13:53:18,0,22.27,15.14,COMPLETED,2025-09-13 15:25:34
598,299,2025-10-31 06:21:29,0,34.78,10.31,COMPLETED,2025-03-24 11:24:39
599,300,2025-11-15 17:10:44,0,7.77,22.25,COMPLETED,2026-01-08 16:43:20
600,1,2025-05-27 22:07:02,0,16.95,24.16,CANCELLED,2025-05-15 19:52:31
601,2,2025-06-13 06:52:52,0,38.62,1.6,COMPLETED,2025-12-25 21:29:55
602,3,2025-12-25 13:20:12,0,19.01,7.57,COMPLETED,2025-02-17 09:41:08
603,4,2025-03-13 16:16:32,0,41.78,23.4,COMPLETED,2025-05-22 13:43:46
604,5,2025-04-11 03:14:17,0,34.56,18.96,COMPLETED,2025-05-02 16:22:46
605,6,2025-12-10 08:40:22,0,7.19,1.6,PENDING,2025-06-07 21:02:02
606,7,2025-04-14 16:29:27,0,14.75,17,COMPLETED,2025-01-17 19:55:38
607,8,2026-01-08 05:10:16,0,14.23,8.09,COMPLETED,2025-06-03 09:23:34
608,9,2025-02-26 17:57:32,0,26.84,21,COMPLETED,2025-07-18 11:05:22
609,10,2025-10-15 05:34:50,0,18.82,13.84,COMPLETED,2025-08-23 13:39:10
610,11,2025-06-17 21:25:29,0,5.19,7.81,CANCELLED,2025-07-11 18:13:40
611,12,2025-10-31 06:32:32,0,16.71,29.35,COMPLETED,2025-01-27 21:39:37
612,13,2025-09-18 13:06:48,0,47.32,15.73,COMPLETED,2025-10-13 13:54:57
613,14,2025-12-03 09:15:23,0,38.91,18.72,COMPLETED,2025-08-27 02:40:20
614,15,2025-07-20 23:03:32,0,20.76,19.91,COMPLETED,2025-06-09 00:06:59
615,16,2025-01-30 20:02:37,0,16.93,20.18,PENDING,2025-02-08 19:21:35
616,17,2025-03-28 12:43:21,0,46.23,12.4,COMPLETED,2025-12-13 09:55:13
617,18,2025-11-28 04:59:11,0,14.69,2.02,COMPLETED,2025-09-13 12:43:36
618,19,2025-05-16 20:40:11,0,43.43,7.02,COMPLETED,2025-09-28 03:16:45
619,20,2025-09-22 00:33:19,0,49.92,17.27,COMPLETED,2025-12-18 17:40:06
620,21,2025-11-16 06:49:55,0,7.68,7.9,CANCELLED,2025-11-29 02:29:30
621,22,2025-01-28 12:36:33,0,43.5,29.8,COMPLETED,2025-09-03 05:04:55
622,23,2025-03-14 07:36:24,0,20.38,3.51,COMPLETED,2025-11-01 13:41:18
623,24,2025-06-18 06:10:46,0,9.68,10.21,COMPLETED,2025-08-30 22:12:41
624,25,2025-02-11 10:49:42,0,33.25,18.11,COMPLETED,2025-09-15 23:35:33
625,26,2025-07-23 09:30:51,0,5.57,9.49,PENDING,2025-01-20 21:50:50
626,27,2025-03-29 07:41:40,0,37.19,16.72,COMPLETED,2025-08-12 21:52:33
627,28,2025-04-13 20:25:26,0,12.74,14,COMPLETED,2025-05-24 17:57:18
628,29,2025-08-16 06:49:01,0,45.05,21.86,COMPLETED,2025-02-14 20:43:01
629,30,2025-11-29 14:14:25,0,34.45,9.36,COMPLETED,2025-05-27 08:23:36
630,31,2025-10-10 14:00:28,0,26.59,9.13,CANCELLED,2025-05-03 23:13:48
631,32,2025-09-18 06:27:46,0,20.88,21.36,COMPLETED,2025-06-14 19:33:43
632,33,2025-07-21 02:32:16,0,40.9,18.92,COMPLETED,2025-04-01 22:08:01
633,34,2026-01-08 11:53:59,0,43.42,2.38,COMPLETED,2025-01-31 02:35:27
634,35,2025-04-05 09:37:59,0,40.09,16.69,COMPLETED,2025-04-28 21:05:51
635,36,2026-01-02 10:32:14,0,24.86,1,PENDING,2025-10-15 02:29:16
636,37,2025-10-20 03:44:42,0,41.27,4.15,COMPLETED,2025-05-05 08:29:02
637,38,2025-04-11 10:26:36,0,32.27,1.06,COMPLETED,2025-11-08 12:54:01
638,39,2025-12-04 07:07:16,0,44.17,1.64,COMPLETED,2025-03-29 04:02:28
639,40,2025-09-01 09:22:52,0,49.77,17.27,COMPLETED,2025-10-03 22:17:47
640,41,2025-07-09 17:36:08,0,12.19,6.91,CANCELLED,2025-04-09 20:23:16
641,42,2026-01-03 01:58:49,0,27.31,18.14,COMPLETED,2025-11-06 04:30:51
642,43,2025-05-13 17:07:59,0,16.73,19.03,COMPLETED,2025-11-19 12:50:30
643,44,2025-12-08 15:48:40,0,17.98,26.46,COMPLETED,2025-07-18 05:49:01
644,45,2025-09-30 10:14:38,0,22.5,12.29,COMPLETED,2025-12-15 04:58:13
645,46,2025-01-28 10:17:51,0,36.68,23.04,PENDING,2025-06-11 21:43:23
646,47,2025-05-14 06:57:42,0,33.79,17.8,COMPLETED,2025-08-28 09:20:42
647,48,2025-03-09 14:51:18,0,32.4,7.61,COMPLETED,2025-09-29 15:17:58
648,49,2025-02-04 11:33:15,0,38.52,14.72,COMPLETED,2025-12-24 00:34:54
649,50,2025-02-05 08:42:39,0,31.6,13.48,COMPLETED,2025-02-18 08:56:31
650,51,2025-12-19 05:14:21,0,37.86,25.39,CANCELLED,2025-03-07 14:19:08
651,52,2025-02-20 21:22:54,0,44.59,20.38,COMPLETED,2025-08-22 05:25:45
652,53,2025-10-10 02:13:12,0,23.51,26.3,COMPLETED,2025-09-16 07:44:34
653,54,2025-05-03 03:19:00,0,19.45,26.11,COMPLETED,2025-11-07 12:37:42
654,55,2025-03-27 10:12:37,0,40.24,5.04,COMPLETED,2025-02-28 04:53:58
655,56,2025-12-05 09:13:48,0,41.85,14.72,PENDING,2025-06-04 16:45:04
656,57,2026-01-10 11:48:09,0,9.27,6.85,COMPLETED,2025-12-31 12:35:11
657,58,2025-02-26 07:30:38,0,18.88,12.34,COMPLETED,2025-09-06 03:32:50
658,59,2025-11-30 02:40:58,0,15.36,28.02,COMPLETED,2025-03-07 19:44:36
659,60,2025-06-13 23:28:38,0,24.27,29.51,COMPLETED,2025-02-08 21:14:45
660,61,2025-12-24 20:40:49,0,25.34,21.34,CANCELLED,2025-06-27 06:14:09
661,62,2025-02-07 23:14:43,0,9.22,14.61,COMPLETED,2025-04-18 09:49:43
662,63,2025-07-04 07:00:40,0,32.57,27.91,COMPLETED,2025-12-28 06:00:18
663,64,2025-08-16 05:27:54,0,45.66,15.81,COMPLETED,2025-12-17 05:06:21
664,65,2025-03-18 03:58:07,0,6.92,26.72,COMPLETED,2025-04-05 16:57:23
665,66,2025-11-04 23:49:03,0,7.67,22.64,PENDING,2025-08-27 16:58:01
666,67,2025-05-24 00:01:30,0,41.2,6.17,COMPLETED,2025-10-01 14:51:29
667,68,2025-04-14 17:30:01,0,43.2,4.15,COMPLETED,2025-03-08 18:57:17
668,69,2025-10-18 21:49:13,0,42.83,13.23,COMPLETED,2025-12-30 20:32:22
669,70,2025-02-14 06:47:20,0,47.4,11.11,COMPLETED,2025-07-02 06:52:40
670,71,2025-04-29 22:58:02,0,10.84,3.17,CANCELLED,2025-09-29 01:02:23
671,72,2025-10-27 09:08:51,0,45.59,13.32,COMPLETED,2025-02-02 18:42:55
672,73,2025-10-05 04:14:14,0,41.85,19.2,COMPLETED,2025-04-06 11:21:31
673,74,2025-07-19 01:06:19,0,37.82,9.88,COMPLETED,2025-05-05 08:46:10
674,75,2025-10-11 03:56:11,0,44.58,25.07,COMPLETED,2025-05-10 04:48:35
675,76,2025-02-03 08:31:39,0,31.01,18.11,PENDING,2025-04-09 16:53:43
676,77,2025-07-31 10:29:18,0,20.74,3.22,COMPLETED,2025-09-17 00:19:05
677,78,2025-03-10 15:00:22,0,43.67,18.57,COMPLETED,2025-07-02 14:59:59
678,79,2025-11-10 18:06:07,0,48.28,2.85,COMPLETED,2025-08-19 21:01:44
679,80,2025-01-27 14:22:40,0,12.7,10.36,COMPLETED,2025-02-13 16:19:35
680,81,2025-05-30 14:56:39,0,41.26,2.59,CANCELLED,2025-10-18 06:40:11
681,82,2025-06-15 23:44:58,0,23.67,16.76,COMPLETED,2025-07-17 13:49:15
682,83,2025-04-25 07:50:39,0,16.33,21.71,COMPLETED,2025-03-07 03:22:50
683,84,2025-07-07 01:59:33,0,47.24,9.6,COMPLETED,2025-11-14 21:31:11
684,85,2025-07-21 23:58:12,0,11.81,18.76,COMPLETED,2025-12-22 12:13:03
685,86,2025-04-10 09:10:28,0,6.38,14.83,PENDING,2025-08-03 10:24:12
686,87,2025-04-03 08:08:23,0,36.12,5.99,COMPLETED,2025-08-02 03:32:50
687,88,2025-02-18 18:12:25,0,33.3,18.6,COMPLETED,2025-02-26 06:56:42
688,89,2025-05-08 01:12:31,0,44.81,27.57,COMPLETED,2025-07-06 20:20:28
689,90,2025-01-16 02:20:17,0,11.01,8.39,COMPLETED,2025-11-10 06:23:48
690,91,2025-06-07 13:17:42,0,40.58,6.17,CANCELLED,2025-09-01 05:03:45
691,92,2025-03-28 00:05:07,0,45.61,21.11,COMPLETED,2025-05-20 06:08:10
692,93,2025-12-02 07:04:52,0,35.43,14.27,COMPLETED,2025-04-24 11:36:59
693,94,2025-10-31 02:42:54,0,40.99,11.43,COMPLETED,2025-08-18 11:08:53
694,95,2025-07-15 11:19:50,0,15.21,20.88,COMPLETED,2025-07-22 06:01:14
695,96,2025-12-27 14:25:53,0,11.77,11.77,PENDING,2025-08-17 21:07:01
696,97,2025-11-23 19:59:20,0,33.37,11.92,COMPLETED,2025-07-09 16:23:41
697,98,2025-12-17 04:19:11,0,29.81,10.71,COMPLETED,2025-12-14 01:19:44
698,99,2025-02-03 13:28:43,0,40.58,13.29,COMPLETED,2025-06-22 21:19:26
699,100,2025-02-06 20:50:32,0,12.67,3.81,COMPLETED,2025-02-21 03:17:06
700,101,2025-08-31 14:29:55,0,33.34,5.97,CANCELLED,2025-12-06 08:59:10
701,102,2025-08-09 11:44:31,0,48.5,9.23,COMPLETED,2025-11-07 00:36:12
702,103,2025-12-02 22:21:50,0,32.08,29.99,COMPLETED,2025-12-30 04:50:02
703,104,2025-10-01 01:46:35,0,33.17,17.8,COMPLETED,2025-04-18 21:20:53
704,105,2025-08-12 05:10:18,0,29.95,26.5,COMPLETED,2025-03-01 16:28:09
705,106,2025-07-31 06:41:42,0,6.27,22.25,PENDING,2025-12-23 08:37:26
706,107,2025-07-26 12:51:32,0,44.67,9.18,COMPLETED,2025-11-24 11:37:17
707,108,2025-01-24 08:04:54,0,25.55,9.64,COMPLETED,2025-03-03 13:53:36
708,109,2025-03-06 16:41:16,0,43.56,17.84,COMPLETED,2025-07-24 14:14:16
709,110,2025-11-30 21:05:40,0,34.47,18.06,COMPLETED,2025-10-14 06:25:01
710,111,2025-10-19 22:58:28,0,21.92,16.94,CANCELLED,2025-09-04 18:09:37
711,112,2025-11-08 22:25:14,0,46.13,24.75,COMPLETED,2025-09-02 06:42:51
712,113,2025-09-08 20:55:30,0,18.65,13.46,COMPLETED,2025-08-24 15:36:05
713,114,2025-11-01 03:07:13,0,42.33,28.53,COMPLETED,2025-03-14 15:25:19
714,115,2025-07-10 08:36:36,0,25.4,7.86,COMPLETED,2025-08-20 07:53:16
715,116,2025-08-11 11:32:36,0,31.16,2.39,PENDING,2025-01-25 03:06:57
716,117,2025-07-29 11:31:34,0,31.12,15.75,COMPLETED,2025-08-19 10:56:06
717,118,2025-10-02 06:47:24,0,12.53,29.59,COMPLETED,2025-05-19 16:12:37
718,119,2025-02-07 17:57:08,0,24.31,7.58,COMPLETED,2025-05-27 17:10:46
719,120,2025-02-03 12:18:55,0,29.82,13.14,COMPLETED,2025-03-22 21:50:54
720,121,2025-11-06 05:42:48,0,37.02,16.13,CANCELLED,2025-11-11 23:15:58
721,122,2025-09-30 07:43:20,0,16.11,21.3,COMPLETED,2025-08-31 13:21:43
722,123,2025-09-21 13:56:02,0,41.78,26.26,COMPLETED,2025-06-29 20:42:07
723,124,2025-10-18 11:50:03,0,33.62,7.26,COMPLETED,2025-05-05 22:33:53
724,125,2025-01-29 07:54:03,0,7.63,22.97,COMPLETED,2025-07-29 17:16:29
725,126,2025-12-13 21:06:47,0,41.21,1.48,PENDING,2025-10-04 02:56:30
726,127,2025-04-20 21:52:21,0,34.54,1.53,COMPLETED,2025-11-22 03:29:59
727,128,2025-08-26 18:35:42,0,21.55,19.76,COMPLETED,2025-05-04 02:23:16
728,129,2025-11-13 11:17:12,0,39.12,17.47,COMPLETED,2025-04-29 07:19:47
729,130,2025-03-16 23:19:02,0,38.65,10.74,COMPLETED,2025-04-07 13:31:27
730,131,2025-08-20 17:25:55,0,22.09,28.3,CANCELLED,2025-07-08 06:41:18
731,132,2025-03-26 01:53:59,0,14.08,10.99,COMPLETED,2025-02-23 13:55:02
732,133,2025-07-18 23:26:06,0,49.3,3.59,COMPLETED,2026-01-03 21:29:33
733,134,2025-09-04 21:01:58,0,24.58,3.55,COMPLETED,2025-02-12 15:39:00
734,135,2025-08-31 11:36:18,0,29.29,9.99,COMPLETED,2025-05-14 14:22:53
735,136,2025-06-02 18:02:17,0,20.6,2.86,PENDING,2025-07-23 13:17:05
736,137,2025-06-16 23:53:37,0,24.75,8.24,COMPLETED,2025-12-19 23:12:56
737,138,2025-08-25 20:28:39,0,29.84,14.34,COMPLETED,2025-09-05 13:23:49
738,139,2025-08-05 21:56:46,0,36.46,29.28,COMPLETED,2025-02-24 11:04:37
739,140,2026-01-10 04:11:20,0,21.25,5.72,COMPLETED,2025-10-24 09:22:18
740,141,2025-05-24 04:35:46,0,9.84,5.78,CANCELLED,2025-04-19 03:41:32
741,142,2025-03-26 05:57:31,0,38.06,18.79,COMPLETED,2025-07-02 10:57:21
742,143,2025-09-26 00:16:58,0,44.51,11.92,COMPLETED,2025-08-04 05:25:10
743,144,2025-12-09 02:50:45,0,23.01,8.08,COMPLETED,2025-01-23 05:23:23
744,145,2025-03-20 10:55:31,0,13.59,17.87,COMPLETED,2025-11-05 10:26:28
745,146,2025-04-13 03:45:29,0,41.21,8,PENDING,2025-02-09 09:26:43
746,147,2025-05-08 16:54:20,0,7.91,27.34,COMPLETED,2025-09-02 13:17:10
747,148,2025-03-28 16:24:40,0,16.28,4.98,COMPLETED,2026-01-09 04:15:55
748,149,2025-05-21 19:41:16,0,26.37,12.73,COMPLETED,2025-08-13 12:03:39
749,150,2025-12-13 21:05:39,0,35.48,1.24,COMPLETED,2025-02-28 12:14:25
750,151,2025-09-19 03:38:53,0,33.18,15.72,CANCELLED,2025-07-22 11:23:15
751,152,2025-01-30 22:41:15,0,36.69,10.5,COMPLETED,2025-10-10 20:56:08
1349,150,2025-08-29 23:40:58,0,35.66,1.49,COMPLETED,2025-06-11 22:24:16
1350,151,2025-01-23 00:00:55,0,23.83,4.34,CANCELLED,2025-05-17 21:56:55
1351,152,2025-10-31 05:47:23,0,16.66,10.54,COMPLETED,2025-05-10 22:48:21
1352,153,2025-08-06 10:53:54,0,7.57,6.06,COMPLETED,2025-05-23 03:23:49
1353,154,2025-08-03 00:28:33,0,44.25,21.99,COMPLETED,2025-11-17 17:34:08
1354,155,2025-02-13 05:00:28,0,37.28,14.97,COMPLETED,2025-02-15 21:09:42
1355,156,2025-09-11 09:33:09,0,28.75,29.45,PENDING,2025-04-21 18:05:05
1356,157,2025-09-30 18:14:03,0,20.21,20.47,COMPLETED,2025-02-21 07:39:06
1357,158,2025-09-09 11:16:57,0,12.18,22.67,COMPLETED,2025-03-07 18:42:00
1358,159,2025-07-01 11:48:46,0,33.56,22.02,COMPLETED,2025-11-09 21:32:42
1359,160,2025-09-24 14:44:28,0,17.59,3.53,COMPLETED,2025-12-18 11:31:39
1360,161,2025-07-19 14:51:44,0,48.04,4.47,CANCELLED,2025-02-11 20:35:08
1361,162,2025-09-10 00:26:12,0,36.89,1.6,COMPLETED,2025-07-04 17:33:25
1362,163,2025-04-30 06:59:56,0,36,28.02,COMPLETED,2025-04-28 21:17:59
1363,164,2025-10-28 10:25:39,0,49.91,10.27,COMPLETED,2025-10-10 06:18:50
1364,165,2025-04-12 04:54:43,0,40.4,16.99,COMPLETED,2025-06-28 05:08:11
1365,166,2025-08-13 03:39:47,0,8.43,16.4,PENDING,2025-01-23 10:46:31
1366,167,2025-05-05 16:19:50,0,45.46,24.74,COMPLETED,2025-04-15 03:16:52
1367,168,2025-11-18 03:26:27,0,41.51,7.44,COMPLETED,2025-08-19 07:56:03
1368,169,2025-05-12 05:04:42,0,32.07,25,COMPLETED,2025-05-09 22:03:13
1369,170,2025-10-18 10:54:34,0,5.08,8.45,COMPLETED,2025-01-16 13:17:50
1370,171,2026-01-02 18:34:05,0,32.15,18.51,CANCELLED,2025-06-25 09:46:27
1371,172,2025-11-16 04:02:49,0,8,4.26,COMPLETED,2025-09-28 04:47:20
1372,173,2025-08-12 03:21:18,0,17.43,21.86,COMPLETED,2025-04-25 06:28:06
1373,174,2025-09-04 21:11:37,0,32.83,2.2,COMPLETED,2025-11-08 19:15:25
1374,175,2025-03-07 00:30:01,0,47.22,20.36,COMPLETED,2025-07-16 15:56:31
1375,176,2025-07-07 05:26:03,0,15.92,27.92,PENDING,2025-08-27 00:08:29
1376,177,2025-09-28 19:36:14,0,39.17,12.33,COMPLETED,2025-08-03 09:24:04
1377,178,2025-01-13 12:54:18,0,30.94,8.26,COMPLETED,2025-04-02 11:32:39
1378,179,2025-08-23 13:03:21,0,11.99,3.82,COMPLETED,2025-06-16 19:46:27
1379,180,2025-11-21 10:29:45,0,33.96,8.68,COMPLETED,2025-12-02 07:44:58
1380,181,2025-11-09 14:56:49,0,29.21,14.59,CANCELLED,2025-07-11 12:41:56
1381,182,2025-08-09 02:26:00,0,16.85,17.8,COMPLETED,2025-07-03 17:38:34
1382,183,2025-06-29 23:47:43,0,27.28,6.05,COMPLETED,2025-04-12 04:24:27
1383,184,2025-10-15 12:20:10,0,13.34,11.79,COMPLETED,2025-09-19 02:14:10
1384,185,2025-09-02 11:13:48,0,49.75,29.94,COMPLETED,2025-11-16 05:00:58
1385,186,2025-05-23 09:00:30,0,21.33,3.18,PENDING,2025-03-23 04:28:30
1386,187,2025-08-08 09:14:13,0,41.75,9.6,COMPLETED,2025-07-14 19:45:13
1387,188,2025-10-09 04:52:21,0,18.77,9.43,COMPLETED,2026-01-01 03:30:42
1388,189,2025-07-23 02:38:22,0,11.13,1.06,COMPLETED,2025-01-31 19:55:54
1389,190,2025-07-12 08:14:12,0,27.85,27.39,COMPLETED,2025-03-16 07:27:48
1390,191,2025-10-11 19:24:25,0,30.42,6.85,CANCELLED,2025-10-15 13:18:19
1391,192,2025-04-10 05:42:48,0,33.02,3.9,COMPLETED,2025-04-13 12:21:00
1392,193,2025-11-18 23:18:19,0,9.27,22.27,COMPLETED,2025-04-01 07:34:06
1393,194,2026-01-10 03:35:38,0,20.29,27.81,COMPLETED,2025-06-05 12:14:54
1394,195,2025-09-05 09:39:55,0,39.43,1.21,COMPLETED,2025-05-05 19:22:12
1395,196,2025-06-19 05:42:55,0,44.16,17.26,PENDING,2026-01-06 14:29:56
1396,197,2025-05-27 15:40:47,0,12.94,21.47,COMPLETED,2025-04-14 08:38:13
1397,198,2025-05-05 06:15:53,0,17.69,5.27,COMPLETED,2025-06-01 18:42:04
1398,199,2025-06-22 22:06:07,0,13.98,12.65,COMPLETED,2025-08-18 02:47:09
1399,200,2025-01-18 18:07:26,0,12.88,17.36,COMPLETED,2025-06-14 20:36:23
1400,201,2025-02-14 16:07:39,0,6.34,9.27,CANCELLED,2025-10-06 20:31:50
1401,202,2025-05-22 10:12:47,0,14.69,19.51,COMPLETED,2025-03-16 00:22:08
1402,203,2025-02-18 10:03:26,0,5.43,19.59,COMPLETED,2025-12-16 02:00:59
1403,204,2025-08-27 23:19:45,0,26.19,25.54,COMPLETED,2025-02-23 23:09:03
1404,205,2025-04-17 16:26:00,0,45.85,29.85,COMPLETED,2025-07-31 00:02:32
1405,206,2025-02-17 04:43:18,0,16.13,11.73,PENDING,2025-04-29 09:28:17
1406,207,2025-09-27 07:31:09,0,11.08,6.54,COMPLETED,2025-01-16 09:46:55
1407,208,2025-07-09 02:27:32,0,26.98,6.47,COMPLETED,2025-10-07 13:51:25
1408,209,2025-03-29 03:28:24,0,18.17,28.83,COMPLETED,2025-10-26 03:59:34
1409,210,2025-12-12 09:52:40,0,13.96,25.57,COMPLETED,2025-07-02 13:48:04
1410,211,2025-11-05 20:10:41,0,20.62,24.94,CANCELLED,2025-12-17 17:39:29
1411,212,2025-04-13 10:36:38,0,49.71,15.6,COMPLETED,2025-09-25 02:35:59
1412,213,2025-12-04 11:34:51,0,22.84,25.93,COMPLETED,2025-02-22 10:54:35
1413,214,2025-08-11 18:02:28,0,47.03,9.42,COMPLETED,2025-10-29 11:42:40
1414,215,2025-11-13 10:35:34,0,26.44,8.55,COMPLETED,2025-11-15 00:44:11
1415,216,2025-05-01 08:43:48,0,42.21,3.82,PENDING,2025-05-04 01:35:41
1416,217,2025-09-24 13:18:59,0,32.04,9.42,COMPLETED,2025-07-27 21:16:16
1417,218,2025-05-13 16:18:07,0,36.21,13.15,COMPLETED,2025-02-09 00:40:32
1418,219,2025-10-11 18:14:16,0,41.92,16.24,COMPLETED,2025-05-18 03:23:47
1419,220,2025-10-16 19:35:23,0,44.31,1.28,COMPLETED,2025-08-19 07:09:52
1420,221,2025-07-02 23:49:27,0,7.28,26.58,CANCELLED,2025-02-05 08:33:52
1421,222,2025-08-11 17:22:31,0,26.56,14.7,COMPLETED,2025-01-28 02:07:50
1422,223,2025-04-07 13:53:57,0,14.9,11.9,COMPLETED,2025-03-31 06:40:19
1423,224,2026-01-03 01:58:40,0,47.5,7.64,COMPLETED,2025-07-18 21:33:31
1424,225,2025-02-01 11:17:32,0,10.23,16.49,COMPLETED,2025-08-11 14:58:35
1425,226,2025-05-07 08:56:24,0,46.5,7.6,PENDING,2025-09-02 17:52:58
1426,227,2025-10-25 13:18:31,0,22.32,16.89,COMPLETED,2025-05-16 01:41:42
1427,228,2025-03-24 13:13:45,0,18.5,18.62,COMPLETED,2025-05-03 22:28:53
1428,229,2025-07-04 15:18:26,0,11.41,3.84,COMPLETED,2025-11-27 14:10:10
1429,230,2025-09-23 03:59:45,0,30.63,20.03,COMPLETED,2025-12-17 15:16:47
1430,231,2025-03-19 17:51:53,0,34.98,8.32,CANCELLED,2025-05-04 06:20:37
1431,232,2025-05-25 06:22:20,0,34.15,13.04,COMPLETED,2025-10-30 17:35:38
1432,233,2025-02-05 13:42:26,0,7.67,3.33,COMPLETED,2025-02-08 16:35:38
1433,234,2025-03-28 20:09:25,0,15.68,23.14,COMPLETED,2025-04-15 01:11:49
1434,235,2025-08-06 22:09:34,0,24.35,18.41,COMPLETED,2025-10-20 18:40:07
1435,236,2025-04-03 21:31:49,0,8.6,20.04,PENDING,2025-09-26 17:16:14
1436,237,2025-09-02 13:40:01,0,26.31,27.54,COMPLETED,2025-09-13 18:02:16
1437,238,2025-07-09 09:20:11,0,44.83,17.21,COMPLETED,2025-04-07 17:13:16
1438,239,2025-04-02 15:50:59,0,40.38,4.43,COMPLETED,2025-09-16 03:22:35
1439,240,2025-06-18 23:36:06,0,33.92,17.37,COMPLETED,2025-11-17 15:04:48
1440,241,2025-08-03 17:36:24,0,33.26,18.15,CANCELLED,2025-06-06 21:27:01
1441,242,2025-06-30 21:56:39,0,21.71,13.91,COMPLETED,2025-01-27 01:31:51
1442,243,2025-06-18 02:27:06,0,36.42,11.33,COMPLETED,2025-12-12 13:35:26
1443,244,2025-05-21 00:41:11,0,19.07,11.65,COMPLETED,2025-11-06 19:35:45
1444,245,2025-11-22 13:13:01,0,12.54,1.8,COMPLETED,2025-11-18 03:46:21
1445,246,2025-07-02 11:55:07,0,48.83,29.17,PENDING,2025-04-25 17:37:16
1446,247,2025-03-10 15:57:02,0,13.94,8.34,COMPLETED,2025-09-01 07:49:22
1447,248,2025-02-26 05:18:17,0,19.77,27.16,COMPLETED,2025-02-26 03:49:50
1448,249,2025-12-22 08:07:34,0,13.63,25.17,COMPLETED,2025-09-19 07:32:19
1449,250,2025-08-01 04:48:54,0,9.57,8.51,COMPLETED,2025-02-06 04:10:58
1450,251,2025-11-10 22:02:21,0,17.21,13.08,CANCELLED,2025-11-13 22:05:13
1451,252,2025-11-01 11:54:26,0,46.67,28.6,COMPLETED,2025-02-10 17:07:51
1452,253,2025-01-30 08:06:20,0,11.56,14.84,COMPLETED,2025-12-05 23:35:03
1453,254,2025-06-02 01:01:52,0,29.11,26.31,COMPLETED,2025-09-28 21:37:18
1454,255,2025-03-17 12:49:17,0,43,29.11,COMPLETED,2025-08-13 15:18:48
1455,256,2025-05-02 20:53:43,0,20.62,25.44,PENDING,2025-05-27 22:38:31
1456,257,2025-02-22 12:33:28,0,13.52,12.64,COMPLETED,2025-12-06 17:33:56
1457,258,2025-08-14 17:04:33,0,33.17,4.43,COMPLETED,2025-09-20 23:19:13
1458,259,2025-08-05 18:54:46,0,24.98,10.16,COMPLETED,2025-04-21 11:53:24
1459,260,2025-02-18 20:54:37,0,46.54,19.61,COMPLETED,2025-03-27 12:07:13
1460,261,2025-09-09 01:50:39,0,37.87,14.6,CANCELLED,2025-07-15 18:24:00
1461,262,2025-03-03 23:15:53,0,39.86,5.93,COMPLETED,2025-02-24 09:00:42
1462,263,2025-12-30 07:15:24,0,41.11,22.28,COMPLETED,2025-11-18 13:46:28
1463,264,2025-08-02 04:41:38,0,9.57,17.4,COMPLETED,2025-12-20 22:39:40
1464,265,2025-07-28 19:05:07,0,41.81,8.68,COMPLETED,2025-06-03 17:02:51
1465,266,2025-06-25 13:11:22,0,8.15,7.8,PENDING,2025-08-22 15:04:56
1466,267,2025-06-11 18:09:38,0,40.68,25.18,COMPLETED,2025-07-08 10:00:20
1467,268,2025-07-29 10:22:23,0,28.14,3.6,COMPLETED,2025-11-11 02:43:46
1468,269,2025-06-17 05:49:39,0,24.71,27.5,COMPLETED,2025-06-21 08:13:27
1469,270,2025-11-29 05:22:55,0,5.58,15.95,COMPLETED,2025-02-09 07:52:44
1470,271,2025-01-16 10:47:51,0,11.08,8.3,CANCELLED,2025-03-04 09:50:02
1471,272,2025-04-22 15:57:48,0,35.77,11.84,COMPLETED,2025-02-19 02:03:43
1472,273,2025-10-09 01:12:59,0,31.12,10.94,COMPLETED,2025-07-31 22:09:50
1473,274,2025-01-16 00:40:37,0,44.42,6.57,COMPLETED,2025-02-06 08:04:08
1474,275,2025-07-06 00:34:36,0,18.62,1.38,COMPLETED,2025-09-16 21:42:06
1475,276,2025-09-29 08:52:47,0,16.69,2.63,PENDING,2025-06-04 01:08:54
1476,277,2025-10-16 22:31:14,0,34.13,21.72,COMPLETED,2025-06-18 22:08:24
1477,278,2025-12-01 19:25:30,0,8.65,29.66,COMPLETED,2025-07-31 17:56:49
1478,279,2025-01-30 13:11:16,0,28.25,14.77,COMPLETED,2025-10-02 17:13:02
1479,280,2025-04-13 03:38:55,0,32.37,9.47,COMPLETED,2025-03-08 07:26:28
1480,281,2025-08-29 14:58:10,0,12.95,29.1,CANCELLED,2025-07-31 23:06:51
1481,282,2025-08-23 11:06:17,0,17.67,4.07,COMPLETED,2025-12-07 18:28:05
1482,283,2025-04-17 20:00:36,0,46.71,26.71,COMPLETED,2025-08-16 02:19:33
1483,284,2025-10-05 06:27:22,0,30.74,16.58,COMPLETED,2025-10-19 21:22:55
1484,285,2025-04-02 16:59:44,0,48.49,13.56,COMPLETED,2025-03-11 23:27:09
1485,286,2025-04-09 01:31:53,0,21.29,11.21,PENDING,2025-10-26 02:28:06
1486,287,2025-12-08 04:57:12,0,41.8,22.22,COMPLETED,2025-04-15 16:23:23
1487,288,2025-07-20 06:05:03,0,26.78,23.81,COMPLETED,2025-02-20 03:36:36
1488,289,2025-07-21 23:44:31,0,49.19,23.48,COMPLETED,2025-05-10 08:02:55
1489,290,2025-06-29 12:35:14,0,12.3,21.57,COMPLETED,2025-01-20 06:35:41
1490,291,2025-06-17 11:08:01,0,32.05,29.44,CANCELLED,2025-08-24 13:56:43
1491,292,2025-05-19 18:19:23,0,28.65,20.87,COMPLETED,2025-04-19 18:14:51
1492,293,2025-07-20 16:46:48,0,45.86,4.53,COMPLETED,2025-07-07 17:14:39
1493,294,2025-01-24 07:24:10,0,33.98,2.96,COMPLETED,2025-07-25 07:59:12
1494,295,2025-01-15 12:40:47,0,36.53,6.76,COMPLETED,2025-02-28 05:15:12
1495,296,2025-04-08 21:44:25,0,45.17,29.85,PENDING,2025-10-24 07:48:58
1496,297,2025-02-15 15:08:37,0,34.78,3.59,COMPLETED,2025-03-22 07:06:27
1497,298,2025-04-20 06:23:03,0,16.1,7.2,COMPLETED,2025-09-04 16:11:36
1498,299,2025-06-19 21:42:45,0,23.62,7.65,COMPLETED,2025-08-13 07:55:07
1499,300,2025-02-23 08:32:15,0,6.67,28.58,COMPLETED,2025-06-15 09:47:51
1500,1,2025-04-23 07:07:25,0,43.41,8.7,CANCELLED,2025-07-31 01:33:04
1501,2,2025-11-26 21:56:57,0,43.44,11.64,COMPLETED,2025-07-24 00:29:09
1502,3,2025-05-09 00:34:31,0,48.82,17.05,COMPLETED,2025-09-22 22:23:30
1503,4,2025-12-23 13:17:51,0,36.68,6.85,COMPLETED,2025-07-20 14:20:28
1504,5,2025-10-08 19:06:57,0,8.16,6.83,COMPLETED,2025-08-24 12:46:16
1505,6,2025-04-06 08:39:36,0,45.45,3.67,PENDING,2025-12-25 02:33:24
1506,7,2025-09-17 07:44:42,0,20.79,28.16,COMPLETED,2025-03-06 04:00:16
1507,8,2025-05-09 12:56:24,0,5.83,2.45,COMPLETED,2025-04-25 07:52:02
1508,9,2025-06-24 20:03:02,0,25.89,10.54,COMPLETED,2025-02-21 07:45:13
1509,10,2025-04-15 16:10:38,0,21.27,21.13,COMPLETED,2025-06-11 03:46:58
1510,11,2025-05-26 03:30:39,0,33.93,4.49,CANCELLED,2025-03-31 07:44:45
1511,12,2025-01-31 10:47:15,0,23.7,25.36,COMPLETED,2025-03-16 04:53:33
1512,13,2025-07-20 07:43:48,0,24.35,24.35,COMPLETED,2025-05-17 05:15:41
1513,14,2025-02-05 19:05:33,0,6.94,19.28,COMPLETED,2025-12-26 02:55:57
1514,15,2025-10-30 02:34:02,0,14.09,10.06,COMPLETED,2025-03-23 22:57:12
1515,16,2025-02-28 20:29:39,0,23.76,6.63,PENDING,2025-10-18 08:41:24
1516,17,2025-08-06 01:54:26,0,44.7,6.8,COMPLETED,2025-03-26 17:32:21
1517,18,2025-12-19 15:49:09,0,45.31,3.17,COMPLETED,2025-02-19 10:41:27
1518,19,2025-04-27 22:57:59,0,19.45,6.11,COMPLETED,2025-04-24 07:30:42
1519,20,2025-09-20 02:08:31,0,46.94,26.55,COMPLETED,2025-03-25 03:32:21
1520,21,2025-04-03 04:58:01,0,38.39,16.03,CANCELLED,2025-06-01 20:05:48
1521,22,2025-12-21 02:13:53,0,35.63,23.27,COMPLETED,2025-04-11 10:40:55
1522,23,2025-05-15 00:23:03,0,33.86,21.37,COMPLETED,2025-06-01 00:44:08
1523,24,2025-04-04 03:30:20,0,44.97,25.02,COMPLETED,2025-12-16 17:28:56
1524,25,2025-07-05 08:13:55,0,19.4,18.12,COMPLETED,2026-01-06 14:40:15
1525,26,2025-09-21 05:32:57,0,46.16,22.14,PENDING,2025-11-01 18:45:38
1526,27,2025-04-14 01:27:04,0,49.17,12.11,COMPLETED,2025-10-13 09:17:55
1527,28,2025-01-22 12:34:53,0,28.01,25.76,COMPLETED,2025-01-18 19:35:54
1528,29,2025-02-02 21:05:56,0,42.38,13.36,COMPLETED,2025-02-06 10:47:23
1529,30,2025-12-07 23:58:08,0,48.29,29.86,COMPLETED,2025-12-05 14:21:20
1530,31,2025-07-05 20:54:56,0,45.61,13.21,CANCELLED,2025-03-11 07:23:20
1531,32,2025-04-02 03:49:00,0,45.64,29.19,COMPLETED,2025-10-17 19:15:45
1532,33,2025-05-24 02:38:42,0,39.5,22.44,COMPLETED,2025-05-29 19:45:19
1533,34,2025-03-10 06:04:59,0,32.45,1.08,COMPLETED,2025-07-02 18:28:56
1534,35,2025-04-24 03:30:31,0,45.56,26.16,COMPLETED,2025-12-30 02:52:37
1535,36,2025-11-03 14:23:29,0,32.97,22.57,PENDING,2025-06-04 09:32:50
1536,37,2025-07-24 15:37:51,0,10.8,17.05,COMPLETED,2025-02-27 15:32:19
1537,38,2025-03-09 00:15:25,0,42.05,6.15,COMPLETED,2025-12-25 17:12:42
1538,39,2025-10-23 12:56:44,0,5.52,25.94,COMPLETED,2025-12-08 21:25:48
1539,40,2025-03-20 19:42:16,0,36.55,13.62,COMPLETED,2025-08-22 16:09:37
1540,41,2025-04-15 03:27:28,0,10.51,26.4,CANCELLED,2025-03-19 06:43:43
1541,42,2025-11-29 07:17:07,0,43.55,16.01,COMPLETED,2025-05-14 12:40:18
1542,43,2025-04-21 01:18:36,0,18.22,29.16,COMPLETED,2025-09-29 02:25:28
1543,44,2025-06-14 00:52:25,0,38.25,21.71,COMPLETED,2025-01-15 00:36:38
1544,45,2026-01-01 03:03:31,0,48.86,21.88,COMPLETED,2025-05-26 16:08:16
1545,46,2025-04-23 02:53:26,0,11.74,9.32,PENDING,2025-03-04 03:39:17
1546,47,2025-04-04 05:48:38,0,31.97,21.9,COMPLETED,2025-05-15 13:51:06
1547,48,2025-09-21 07:14:16,0,24.72,27.81,COMPLETED,2025-07-24 19:01:51
1548,49,2026-01-03 21:26:39,0,38.45,25.9,COMPLETED,2025-09-20 09:44:27
1549,50,2025-07-22 10:29:31,0,16.76,9.05,COMPLETED,2025-10-30 05:00:17
1550,51,2025-08-11 14:39:06,0,28.61,5.8,CANCELLED,2025-08-07 13:11:41
1551,52,2025-06-21 21:56:46,0,45.14,2.29,COMPLETED,2025-10-12 04:04:06
1552,53,2025-01-18 13:48:31,0,31.1,22.15,COMPLETED,2025-06-28 10:39:33
1553,54,2025-03-08 20:12:58,0,37.5,8.42,COMPLETED,2025-07-04 21:19:57
1554,55,2025-04-24 19:38:51,0,31.83,15.11,COMPLETED,2025-08-08 02:35:14
1555,56,2025-09-27 05:32:35,0,24.9,5.04,PENDING,2025-04-12 10:49:05
1556,57,2025-12-29 23:20:39,0,42.34,18.49,COMPLETED,2025-12-20 23:25:47
1557,58,2026-01-12 10:27:43,0,49.64,6.8,COMPLETED,2025-07-31 05:46:28
1558,59,2025-07-14 19:26:27,0,44.84,2.97,COMPLETED,2025-09-29 12:54:03
1559,60,2025-12-28 08:12:02,0,19.93,4.4,COMPLETED,2025-04-09 07:41:00
1560,61,2025-11-08 05:40:45,0,25.24,7.05,CANCELLED,2025-11-14 15:31:06
1561,62,2025-11-15 03:16:10,0,13.12,29.95,COMPLETED,2025-04-16 05:09:21
1562,63,2025-09-10 21:08:17,0,20.54,22.63,COMPLETED,2025-04-06 04:05:57
1563,64,2025-05-01 09:31:58,0,23.76,28.83,COMPLETED,2025-07-29 02:03:36
1564,65,2025-09-05 12:54:47,0,39.58,15.38,COMPLETED,2025-06-21 20:28:20
1565,66,2025-02-24 18:18:42,0,16,21.52,PENDING,2025-07-19 21:18:49
1566,67,2025-07-27 02:19:39,0,40.88,25.14,COMPLETED,2025-02-21 16:28:51
1567,68,2025-12-23 21:14:35,0,21.79,9.43,COMPLETED,2025-02-18 13:23:26
1568,69,2025-12-26 17:26:30,0,36.29,18.23,COMPLETED,2025-07-30 20:52:36
1569,70,2025-05-30 19:37:47,0,11.18,15.53,COMPLETED,2025-08-28 08:32:46
1570,71,2025-11-09 17:54:26,0,20.7,25.21,CANCELLED,2025-05-01 08:03:33
1571,72,2025-08-16 16:29:34,0,12.18,27.5,COMPLETED,2025-03-07 20:25:05
1572,73,2025-05-19 11:28:07,0,30.37,25.67,COMPLETED,2025-02-09 14:34:35
1573,74,2025-06-16 18:11:00,0,42.12,8.23,COMPLETED,2025-05-22 20:04:15
1574,75,2025-10-14 14:06:08,0,6.85,2.57,COMPLETED,2025-10-26 12:34:36
1575,76,2025-06-24 22:26:41,0,17.99,19.74,PENDING,2025-08-25 02:38:37
1576,77,2025-12-28 15:43:35,0,20.3,7.61,COMPLETED,2025-09-15 17:13:36
1577,78,2025-06-24 18:26:13,0,25.73,25.26,COMPLETED,2025-07-03 18:53:04
1578,79,2025-11-30 19:04:16,0,19.87,8.71,COMPLETED,2025-09-27 22:52:07
1579,80,2025-08-18 09:19:31,0,32.97,10.82,COMPLETED,2025-11-30 01:51:37
1580,81,2025-09-03 01:18:22,0,35.74,24.72,CANCELLED,2025-05-28 03:29:26
1581,82,2025-11-01 09:33:11,0,29.3,16.82,COMPLETED,2025-09-27 19:36:29
1582,83,2025-04-19 09:36:41,0,34.16,20.41,COMPLETED,2025-11-09 06:08:19
1583,84,2025-08-10 09:53:40,0,11.62,23.11,COMPLETED,2025-10-25 21:41:52
1584,85,2025-05-06 19:22:33,0,7.82,1.87,COMPLETED,2025-01-26 22:59:38
1585,86,2025-05-31 17:41:04,0,38.78,12.1,PENDING,2025-04-06 18:36:14
1586,87,2025-02-20 22:33:33,0,10.24,7.33,COMPLETED,2025-01-20 15:34:22
1587,88,2025-08-02 23:41:32,0,31.46,23.15,COMPLETED,2025-06-05 03:28:21
1588,89,2025-04-23 21:27:12,0,44.23,25.48,COMPLETED,2025-04-13 20:03:43
1589,90,2025-03-16 19:50:27,0,13.63,20.68,COMPLETED,2025-04-04 13:24:08
1590,91,2025-01-17 20:59:14,0,45.37,15.58,CANCELLED,2025-01-20 16:23:43
1591,92,2025-06-05 06:46:00,0,31.96,22.61,COMPLETED,2025-03-25 02:30:40
1592,93,2025-08-22 09:06:26,0,18.32,8.42,COMPLETED,2026-01-03 15:04:26
1593,94,2025-08-30 00:34:02,0,37.47,26.82,COMPLETED,2025-10-11 11:55:45
1594,95,2025-03-27 11:17:12,0,6.62,18.7,COMPLETED,2025-05-22 21:18:33
1595,96,2025-11-26 21:11:23,0,18.93,27.13,PENDING,2025-07-28 19:07:44
1596,97,2025-07-07 05:36:36,0,28.11,27.92,COMPLETED,2025-10-11 17:47:57
1597,98,2025-09-11 02:58:39,0,24.85,29.8,COMPLETED,2025-05-11 04:25:38
1598,99,2025-01-28 03:23:00,0,28.98,28.36,COMPLETED,2025-10-21 12:30:55
1599,100,2025-09-07 04:41:10,0,10.77,17.74,COMPLETED,2025-09-29 19:43:49
1600,101,2025-08-15 08:10:14,0,26.33,1.14,CANCELLED,2025-03-20 12:19:25
1601,102,2025-09-21 20:12:40,0,34.45,26.04,COMPLETED,2025-07-05 20:48:15
1602,103,2025-02-16 00:00:29,0,25.46,12.49,COMPLETED,2025-01-29 05:05:41
1603,104,2025-07-13 23:50:58,0,31.1,7.9,COMPLETED,2025-07-11 14:39:41
1604,105,2025-08-16 00:23:56,0,24.4,7.82,COMPLETED,2025-02-01 21:48:29
1605,106,2025-12-28 19:41:13,0,38.24,15,PENDING,2025-09-06 00:33:16
1606,107,2025-03-16 18:55:04,0,13.96,8.32,COMPLETED,2025-04-24 17:19:03
1607,108,2025-03-09 05:22:03,0,26.05,16.75,COMPLETED,2025-10-27 07:31:17
1608,109,2025-07-10 20:15:34,0,32.68,14.43,COMPLETED,2025-08-06 05:27:54
1609,110,2025-01-26 14:14:13,0,39.42,29.55,COMPLETED,2025-08-09 17:40:56
1610,111,2025-01-25 01:06:01,0,19.61,7.14,CANCELLED,2025-03-12 14:53:28
1611,112,2026-01-04 19:13:24,0,15.41,6.35,COMPLETED,2025-08-30 15:50:47
1612,113,2025-01-26 14:40:00,0,13.03,6.06,COMPLETED,2025-08-23 12:26:14
1613,114,2025-03-03 00:00:57,0,7.7,19.58,COMPLETED,2025-10-16 15:09:09
1614,115,2025-05-12 13:00:32,0,16.57,16.68,COMPLETED,2025-11-15 13:38:34
1615,116,2025-11-29 00:25:27,0,23.3,22.34,PENDING,2025-08-13 08:19:53
1616,117,2025-12-18 01:17:24,0,43.68,12.44,COMPLETED,2025-07-27 02:09:03
1617,118,2025-09-09 00:15:49,0,15.01,28.14,COMPLETED,2025-08-27 13:33:49
1618,119,2025-04-12 09:35:14,0,25.1,23.82,COMPLETED,2025-12-21 02:58:28
1619,120,2025-01-24 11:45:44,0,35.03,21.98,COMPLETED,2025-03-29 21:38:55
1620,121,2025-08-28 03:17:06,0,24.21,4.25,CANCELLED,2025-04-26 17:26:50
1621,122,2025-07-04 10:04:57,0,13.26,14.15,COMPLETED,2025-11-06 21:19:57
1622,123,2025-03-01 00:23:42,0,5.17,18.3,COMPLETED,2025-12-12 02:43:31
1623,124,2025-11-11 01:59:33,0,37.41,25.53,COMPLETED,2025-12-29 14:27:16
1624,125,2025-11-06 11:01:30,0,32.27,9.87,COMPLETED,2025-09-01 07:33:04
1625,126,2025-07-31 08:32:40,0,10.42,22.73,PENDING,2025-04-25 12:19:05
1626,127,2025-05-29 23:07:18,0,48.27,14.09,COMPLETED,2025-03-13 23:50:32
1627,128,2025-04-22 18:31:49,0,21.38,1.99,COMPLETED,2025-12-25 04:21:29
1628,129,2025-05-08 12:35:51,0,34.36,26.39,COMPLETED,2025-05-20 22:34:14
1629,130,2025-06-11 15:27:17,0,13.51,18.43,COMPLETED,2025-02-03 13:44:57
1630,131,2025-03-04 06:43:36,0,49.6,17,CANCELLED,2025-07-08 14:19:13
1631,132,2025-02-03 09:10:20,0,40.18,13.1,COMPLETED,2025-02-04 08:40:34
1632,133,2025-12-24 06:59:31,0,9.17,13.39,COMPLETED,2025-08-11 08:22:16
1633,134,2025-03-31 17:54:32,0,26.27,15.86,COMPLETED,2026-01-11 14:28:15
1634,135,2025-08-24 01:23:04,0,30.36,17.04,COMPLETED,2025-10-11 16:40:37
1635,136,2025-06-27 05:04:45,0,26.95,7.77,PENDING,2025-06-24 01:03:24
1636,137,2025-05-18 15:07:07,0,26.25,22.35,COMPLETED,2025-04-10 05:30:41
1637,138,2025-02-15 11:42:26,0,25.11,29.43,COMPLETED,2025-12-26 05:48:57
1638,139,2025-06-09 03:34:15,0,43.58,26.58,COMPLETED,2025-08-21 05:46:51
1639,140,2025-02-18 02:14:20,0,12.49,20.13,COMPLETED,2025-05-10 18:10:40
1640,141,2025-12-23 17:12:47,0,44.55,8.54,CANCELLED,2025-07-09 00:30:12
1641,142,2025-03-13 22:56:44,0,29.61,2.53,COMPLETED,2025-12-17 02:02:47
1642,143,2025-10-25 21:00:41,0,24.28,27.24,COMPLETED,2025-11-23 08:35:54
1643,144,2025-05-11 02:55:23,0,42.54,15.45,COMPLETED,2025-07-07 09:54:34
1644,145,2025-07-27 20:18:54,0,17.95,9.06,COMPLETED,2025-03-08 08:56:36
1645,146,2025-10-21 06:29:02,0,22.88,29.63,PENDING,2025-05-20 22:37:37
1646,147,2025-01-31 16:06:30,0,18.93,24.77,COMPLETED,2025-05-06 08:12:42
1647,148,2025-05-24 19:41:15,0,12.75,20.73,COMPLETED,2025-08-04 06:39:43
1648,149,2025-08-04 11:33:10,0,41.58,23.33,COMPLETED,2025-08-25 16:05:20
1649,150,2025-12-30 22:41:29,0,17.87,19.23,COMPLETED,2025-03-01 00:11:38
1650,151,2025-02-18 15:01:37,0,33.84,27.08,CANCELLED,2025-06-13 02:41:40
1651,152,2025-10-02 03:28:52,0,26.54,17.44,COMPLETED,2025-12-21 11:57:00
1652,153,2025-11-20 16:32:21,0,12.2,8.2,COMPLETED,2025-11-25 20:47:13
1653,154,2025-06-21 06:05:54,0,34.12,10.5,COMPLETED,2026-01-10 21:23:09
1654,155,2025-11-04 22:46:59,0,8.59,6.95,COMPLETED,2025-07-23 06:41:50
1655,156,2025-04-25 18:10:38,0,37.99,15.95,PENDING,2025-05-17 20:37:42
1656,157,2025-10-16 14:19:54,0,35.37,16.13,COMPLETED,2025-04-28 13:40:43
1657,158,2025-11-29 16:19:21,0,10.72,12.36,COMPLETED,2025-09-01 23:24:22
1658,159,2025-02-08 11:09:52,0,12.98,13.71,COMPLETED,2025-07-10 22:01:45
1659,160,2025-02-27 15:40:48,0,29.94,21.6,COMPLETED,2025-12-08 20:42:42
1660,161,2025-07-25 14:32:56,0,8.06,24.8,CANCELLED,2025-10-30 13:51:00
1661,162,2025-03-20 06:53:46,0,5.36,13.97,COMPLETED,2025-05-27 22:24:00
1662,163,2025-02-21 12:19:02,0,48.88,25.94,COMPLETED,2025-04-13 04:55:58
1663,164,2026-01-05 12:26:45,0,11.49,16.39,COMPLETED,2025-11-21 17:25:22
1664,165,2025-09-19 13:25:13,0,23.96,9.63,COMPLETED,2025-08-19 07:52:04
1665,166,2025-06-06 01:22:03,0,48.13,13.31,PENDING,2025-12-16 15:46:04
1666,167,2025-09-11 16:05:37,0,35.89,19.58,COMPLETED,2025-08-05 09:50:33
1667,168,2025-10-31 06:09:10,0,6.71,3.89,COMPLETED,2025-05-18 01:23:47
1668,169,2025-11-19 15:41:26,0,6.16,20.69,COMPLETED,2025-06-30 13:08:16
1669,170,2025-04-17 17:22:49,0,48.33,9.38,COMPLETED,2025-11-24 14:42:47
1670,171,2025-05-20 22:46:19,0,22.19,14.48,CANCELLED,2025-11-22 16:49:58
1671,172,2025-10-05 18:10:10,0,46.5,15.68,COMPLETED,2025-10-15 12:38:56
1672,173,2025-06-08 13:11:14,0,38.11,27.43,COMPLETED,2025-07-21 05:06:42
1673,174,2025-07-09 20:29:42,0,11.07,5.9,COMPLETED,2025-03-24 18:42:24
1674,175,2025-04-12 19:41:15,0,25.77,19.64,COMPLETED,2026-01-05 01:06:47
1675,176,2025-12-26 17:17:05,0,29.61,9.37,PENDING,2025-12-28 16:04:19
1676,177,2026-01-12 04:03:29,0,29.25,9.46,COMPLETED,2025-04-10 17:53:25
1677,178,2025-12-04 13:00:59,0,41.88,9.02,COMPLETED,2025-01-26 00:15:23
1678,179,2025-03-26 02:43:09,0,39.31,16.69,COMPLETED,2025-02-27 07:36:04
1679,180,2025-02-25 21:12:12,0,46.89,10.23,COMPLETED,2025-02-05 17:20:42
1680,181,2025-08-11 18:49:21,0,29.84,27.72,CANCELLED,2025-04-27 14:42:43
1681,182,2025-11-10 13:45:52,0,17.08,14.48,COMPLETED,2025-02-17 23:26:32
1682,183,2025-07-19 01:58:41,0,19.48,17.21,COMPLETED,2025-03-31 22:43:44
1683,184,2025-07-10 23:20:59,0,30.99,6.08,COMPLETED,2025-05-20 14:53:40
1684,185,2025-02-11 07:15:21,0,39.05,27.1,COMPLETED,2025-08-27 19:14:59
1685,186,2025-04-17 11:13:30,0,40.23,7.09,PENDING,2025-08-19 03:58:14
1686,187,2025-07-15 03:26:41,0,25.36,11.39,COMPLETED,2025-08-22 05:45:45
1687,188,2025-12-19 14:34:03,0,26.92,22.55,COMPLETED,2025-11-09 02:34:26
1688,189,2026-01-07 12:58:38,0,30.39,22.3,COMPLETED,2025-10-24 19:06:47
1689,190,2025-03-21 17:10:14,0,38.89,28.35,COMPLETED,2025-07-18 18:06:01
1690,191,2025-03-05 04:01:20,0,43.28,16.88,CANCELLED,2025-06-02 00:25:49
1691,192,2025-08-20 23:07:27,0,25.32,18.88,COMPLETED,2025-04-23 22:02:21
1692,193,2025-07-07 12:06:57,0,24.84,8.4,COMPLETED,2025-05-30 20:29:33
1693,194,2025-04-27 17:35:56,0,28.77,10.81,COMPLETED,2025-02-11 10:19:53
1694,195,2026-01-10 19:45:36,0,17.59,4.12,COMPLETED,2025-10-17 16:23:45
1695,196,2025-04-12 11:55:18,0,14.35,3.3,PENDING,2025-07-14 03:01:10
1696,197,2025-02-23 23:20:07,0,18.2,1.18,COMPLETED,2025-09-16 04:35:04
1697,198,2025-09-14 03:10:23,0,10.32,5.03,COMPLETED,2025-04-02 23:20:31
1698,199,2025-06-05 09:27:09,0,25.13,29.85,COMPLETED,2025-11-22 22:24:49
1699,200,2025-10-19 04:20:06,0,42.19,4.66,COMPLETED,2026-01-06 03:37:29
1700,201,2025-02-21 06:28:12,0,32.61,1.47,CANCELLED,2025-04-03 20:13:50
1701,202,2026-01-06 22:40:02,0,8.66,3.82,COMPLETED,2026-01-05 20:48:05
1702,203,2025-03-11 06:45:45,0,42.89,14.27,COMPLETED,2025-06-18 17:09:23
1703,204,2025-01-27 16:30:12,0,6.02,29.69,COMPLETED,2025-04-15 15:25:18
1704,205,2025-11-21 02:50:46,0,29.92,28.31,COMPLETED,2025-04-22 14:21:41
1705,206,2025-06-19 01:40:10,0,39,15.67,PENDING,2025-11-27 09:37:56
1706,207,2025-02-23 03:12:53,0,16.26,23.09,COMPLETED,2025-02-01 09:59:53
1707,208,2025-09-05 09:49:39,0,25.9,28.2,COMPLETED,2025-02-19 14:17:39
1708,209,2025-02-21 07:40:47,0,10.57,1.52,COMPLETED,2025-04-06 22:39:11
1709,210,2025-09-29 05:58:18,0,12.96,16.06,COMPLETED,2025-04-21 18:09:44
1710,211,2025-11-24 06:49:27,0,25.86,26.98,CANCELLED,2025-09-28 07:44:27
1711,212,2025-11-22 04:16:43,0,10.78,16.33,COMPLETED,2025-04-14 00:21:46
1712,213,2026-01-12 02:15:10,0,47.15,26.13,COMPLETED,2025-03-25 18:04:06
1713,214,2025-06-14 16:39:03,0,33.44,5.18,COMPLETED,2025-04-02 21:44:57
1714,215,2025-03-04 02:32:38,0,40,22.09,COMPLETED,2025-08-30 20:33:32
1715,216,2025-06-27 21:08:32,0,6.59,27.57,PENDING,2025-04-19 02:30:23
1716,217,2025-01-25 23:28:40,0,26.39,10.91,COMPLETED,2025-10-13 10:32:22
1717,218,2025-10-31 20:54:04,0,27.89,14.83,COMPLETED,2025-10-02 21:44:04
1718,219,2026-01-06 04:15:42,0,42.69,1.56,COMPLETED,2025-04-28 18:00:44
1719,220,2025-02-24 18:42:33,0,6.54,26.46,COMPLETED,2025-02-22 17:31:54
1720,221,2025-11-05 11:40:30,0,33.27,22.82,CANCELLED,2025-02-05 14:32:33
1721,222,2025-12-08 11:09:55,0,8.69,20.72,COMPLETED,2025-04-11 22:17:16
1722,223,2025-02-18 08:20:22,0,38.53,5.08,COMPLETED,2025-03-14 15:10:41
1723,224,2025-10-27 06:13:55,0,24.6,14.55,COMPLETED,2025-12-06 18:21:58
1724,225,2025-02-04 17:56:08,0,15.68,16.71,COMPLETED,2025-09-10 13:14:38
1725,226,2025-05-25 15:30:15,0,5.24,1.88,PENDING,2026-01-05 18:34:43
1726,227,2025-04-05 15:53:59,0,44.87,15.94,COMPLETED,2025-07-26 23:25:26
1727,228,2025-05-14 23:59:04,0,5.99,20.47,COMPLETED,2025-12-25 02:16:59
1728,229,2025-08-17 17:17:28,0,26.58,9.89,COMPLETED,2025-05-23 20:22:18
1729,230,2025-11-30 18:31:25,0,31.83,15.34,COMPLETED,2025-03-02 19:52:52
1730,231,2025-10-24 07:26:22,0,26.7,3.46,CANCELLED,2025-08-15 15:11:50
1731,232,2025-02-02 20:18:22,0,47.49,12.02,COMPLETED,2025-01-29 10:15:41
1732,233,2025-12-16 04:45:20,0,30.26,2.49,COMPLETED,2025-07-06 22:16:38
1733,234,2025-12-29 00:56:28,0,45.88,27.33,COMPLETED,2025-01-27 15:38:20
1734,235,2025-07-09 07:00:26,0,17.03,12.66,COMPLETED,2025-04-09 23:12:51
1735,236,2025-12-05 14:54:52,0,20.81,24.42,PENDING,2025-09-22 13:41:41
1736,237,2025-10-22 17:35:56,0,25.12,14.82,COMPLETED,2025-09-14 12:49:11
1737,238,2025-12-31 22:30:16,0,48.28,29.08,COMPLETED,2025-11-15 13:26:21
1738,239,2025-04-25 13:01:16,0,33.21,22.81,COMPLETED,2025-06-14 23:52:28
1739,240,2025-01-31 19:02:56,0,23.47,29.27,COMPLETED,2025-03-09 08:43:10
1740,241,2025-08-02 15:42:31,0,30.49,29.61,CANCELLED,2025-04-30 12:59:24
1741,242,2025-02-07 19:47:37,0,31.07,1.34,COMPLETED,2025-02-11 12:21:45
1742,243,2025-04-15 14:53:28,0,36.89,12.73,COMPLETED,2025-10-23 21:30:07
1743,244,2025-02-01 14:54:43,0,18.59,6.07,COMPLETED,2025-08-03 13:06:09
1744,245,2025-02-08 05:47:02,0,30.27,22.5,COMPLETED,2025-01-22 06:52:29
1745,246,2025-02-16 16:09:50,0,20.67,4.35,PENDING,2025-03-29 05:50:27
1746,247,2025-11-05 00:49:45,0,41.16,3.95,COMPLETED,2025-01-17 08:03:15
1747,248,2025-09-18 10:44:22,0,44.72,24.5,COMPLETED,2025-01-27 10:46:49
1748,249,2025-03-14 23:55:58,0,22.49,14.58,COMPLETED,2025-12-30 22:46:20
1749,250,2025-02-07 19:09:50,0,41.87,7.61,COMPLETED,2025-01-23 20:33:15
1750,251,2025-11-16 19:49:47,0,44.65,16.98,CANCELLED,2025-01-21 01:28:50
1751,252,2025-10-08 11:16:36,0,11.43,18.52,COMPLETED,2025-05-21 06:52:09
1752,253,2025-11-04 21:42:51,0,27.21,17.15,COMPLETED,2025-03-06 23:16:37
1753,254,2025-04-11 08:59:41,0,9.05,19.67,COMPLETED,2025-05-26 04:36:07
1754,255,2025-08-30 19:28:57,0,8.98,21.17,COMPLETED,2025-10-13 18:35:50
1755,256,2025-07-28 08:47:24,0,41.99,26.58,PENDING,2025-06-15 02:53:17
1756,257,2025-12-08 01:11:04,0,44.27,8.42,COMPLETED,2025-02-26 22:08:24
1757,258,2025-11-29 08:18:25,0,23.11,13.08,COMPLETED,2025-12-12 13:40:40
1758,259,2025-08-04 08:51:08,0,18.15,28.7,COMPLETED,2025-11-11 15:30:17
1759,260,2025-07-17 18:37:12,0,37.38,13.86,COMPLETED,2025-08-28 10:36:26
1760,261,2025-09-26 08:36:14,0,34.64,25.51,CANCELLED,2025-12-15 07:47:54
1761,262,2025-01-23 09:56:24,0,25.44,18.32,COMPLETED,2025-10-30 07:28:46
1762,263,2025-07-22 19:58:12,0,12.37,9.23,COMPLETED,2025-08-22 16:01:05
1763,264,2025-05-24 01:13:22,0,9.94,17.02,COMPLETED,2025-10-12 09:04:42
1764,265,2025-04-13 03:22:28,0,41.31,25.86,COMPLETED,2025-08-25 07:38:52
1765,266,2025-06-27 23:54:19,0,5.92,22.28,PENDING,2025-05-27 18:37:50
1766,267,2025-04-01 11:14:45,0,28.04,1.75,COMPLETED,2025-10-13 15:40:45
1767,268,2025-03-23 19:13:56,0,8.94,1.35,COMPLETED,2025-05-14 16:09:02
1768,269,2025-04-15 13:12:12,0,29.33,10.47,COMPLETED,2025-08-07 06:47:39
1769,270,2025-10-03 21:38:55,0,26.56,23.75,COMPLETED,2025-06-17 09:13:07
1770,271,2025-12-30 05:29:13,0,29.28,8.84,CANCELLED,2025-04-09 21:35:38
1771,272,2025-07-10 01:16:56,0,48.59,10.8,COMPLETED,2025-11-02 00:17:27
1772,273,2025-12-07 09:23:02,0,41.55,17.1,COMPLETED,2025-12-30 06:35:22
1773,274,2025-04-18 02:53:23,0,12.99,1.22,COMPLETED,2025-12-13 07:54:51
1774,275,2025-11-11 08:27:17,0,44.2,10.48,COMPLETED,2025-04-02 17:14:11
1775,276,2025-06-29 06:38:18,0,32.41,26.26,PENDING,2025-10-22 21:14:14
1776,277,2025-05-01 02:04:20,0,32.47,24.98,COMPLETED,2025-02-12 10:56:07
1777,278,2025-06-12 04:10:26,0,20.15,25,COMPLETED,2025-03-30 20:55:32
1778,279,2025-09-08 08:41:20,0,10.74,5.28,COMPLETED,2025-12-22 13:15:06
1779,280,2025-01-17 09:44:47,0,8.24,25,COMPLETED,2025-02-24 08:41:39
1780,281,2025-09-16 11:31:47,0,31.14,9.29,CANCELLED,2025-06-26 10:11:10
1781,282,2025-10-08 00:58:36,0,5.88,22.75,COMPLETED,2025-02-12 09:43:20
1782,283,2025-08-15 14:56:12,0,34.41,7.29,COMPLETED,2025-03-20 16:21:04
1783,284,2025-12-11 09:33:55,0,34.49,24.16,COMPLETED,2025-04-17 19:37:23
1784,285,2025-11-18 21:51:29,0,9.38,20.73,COMPLETED,2025-12-06 17:31:14
1785,286,2025-09-23 07:21:28,0,12.45,29.61,PENDING,2025-08-03 06:08:14
1786,287,2025-02-04 10:12:14,0,36.62,3.72,COMPLETED,2025-04-22 00:42:01
1787,288,2025-10-13 17:00:33,0,42.58,29.07,COMPLETED,2025-07-16 08:02:55
1788,289,2025-08-01 00:29:44,0,32.58,10.63,COMPLETED,2025-03-24 19:40:45
1789,290,2025-05-28 15:29:15,0,32.94,5.12,COMPLETED,2025-12-01 05:04:22
1790,291,2025-10-08 10:05:16,0,6.98,22.34,CANCELLED,2025-05-11 01:48:12
1791,292,2025-01-16 08:15:22,0,33.18,16.4,COMPLETED,2025-07-15 18:36:40
1792,293,2025-10-22 15:11:54,0,42.26,5.6,COMPLETED,2025-09-27 05:10:06
1793,294,2025-10-18 00:48:19,0,41.63,10.59,COMPLETED,2025-10-08 09:47:52
1794,295,2025-10-01 06:46:37,0,22.09,9.09,COMPLETED,2025-07-09 06:03:00
1795,296,2025-03-07 09:03:20,0,37.3,12.97,PENDING,2025-03-04 03:29:47
1796,297,2025-10-07 12:04:07,0,29.71,19.12,COMPLETED,2025-04-26 13:07:01
1797,298,2025-10-03 22:08:29,0,47.33,25.85,COMPLETED,2025-08-14 20:00:36
1798,299,2025-11-22 00:15:45,0,23.73,23.56,COMPLETED,2025-09-26 03:40:41
1799,300,2025-03-30 06:15:19,0,28.29,28.32,COMPLETED,2025-11-13 13:27:59
1800,1,2025-07-03 06:36:49,0,16.36,1.7,CANCELLED,2025-07-19 05:52:43
1801,2,2025-05-21 04:44:47,0,18.44,23.01,COMPLETED,2025-04-19 19:20:11
1802,3,2025-01-16 04:18:18,0,32.49,10.32,COMPLETED,2025-07-20 12:36:26
1803,4,2025-09-11 04:49:02,0,29.97,29.41,COMPLETED,2025-07-03 10:13:13
1804,5,2025-06-10 14:44:43,0,21.24,12.42,COMPLETED,2025-10-06 18:27:42
1805,6,2025-06-20 02:37:03,0,22.46,27.4,PENDING,2025-09-01 03:31:29
1806,7,2025-10-15 14:02:08,0,47.14,18.18,COMPLETED,2026-01-01 19:07:29
1807,8,2025-09-13 18:21:09,0,17.28,13.43,COMPLETED,2025-03-22 01:27:16
1808,9,2025-05-27 09:10:21,0,18.63,1.04,COMPLETED,2025-07-13 01:51:58
1809,10,2026-01-06 12:33:43,0,12.73,18.37,COMPLETED,2025-10-10 04:26:16
1810,11,2025-11-15 06:12:42,0,47.58,6.81,CANCELLED,2025-06-02 15:01:22
1811,12,2025-07-16 02:35:42,0,42.66,28.39,COMPLETED,2025-04-20 03:04:19
1812,13,2025-04-04 15:34:54,0,12.73,17.42,COMPLETED,2025-09-03 20:56:13
1813,14,2025-02-16 19:27:33,0,43.37,16.4,COMPLETED,2025-04-05 08:42:48
1814,15,2025-11-04 17:09:31,0,32.74,15.97,COMPLETED,2025-01-20 11:09:46
1815,16,2025-06-18 11:28:06,0,13.44,16.94,PENDING,2025-05-30 01:32:30
1816,17,2025-02-13 19:30:49,0,19.52,29.63,COMPLETED,2025-09-05 05:26:36
1817,18,2025-04-23 00:47:49,0,31.05,23.9,COMPLETED,2025-04-13 09:01:16
1818,19,2025-09-22 17:31:31,0,31.74,26.62,COMPLETED,2025-12-20 17:16:36
1819,20,2025-10-22 14:57:33,0,43.46,3.93,COMPLETED,2026-01-04 17:40:53
1820,21,2025-12-04 00:47:22,0,12.13,12.26,CANCELLED,2025-10-18 01:52:33
1821,22,2025-11-27 19:23:53,0,48.18,18.09,COMPLETED,2025-03-19 14:23:42
1822,23,2025-02-11 19:55:09,0,28.3,15.06,COMPLETED,2025-06-12 12:05:39
1823,24,2025-09-03 17:10:38,0,11.7,26.63,COMPLETED,2025-12-16 13:47:22
1824,25,2025-10-06 15:51:58,0,13.45,29.13,COMPLETED,2025-10-23 15:27:22
1825,26,2025-08-14 05:06:59,0,38.02,15.14,PENDING,2025-12-12 21:10:16
1826,27,2025-04-08 15:20:16,0,25.23,13.22,COMPLETED,2025-11-25 22:28:57
1827,28,2025-04-30 00:40:13,0,33.43,24.1,COMPLETED,2025-09-26 06:00:44
1828,29,2025-04-05 10:09:00,0,45.71,7.33,COMPLETED,2025-05-03 18:55:50
1829,30,2025-11-19 21:48:54,0,11.27,13.93,COMPLETED,2025-03-15 03:29:50
1830,31,2025-03-12 15:02:20,0,26.24,28.35,CANCELLED,2025-12-12 06:02:19
1831,32,2025-04-22 15:28:30,0,35.3,24.98,COMPLETED,2025-06-16 21:27:19
1832,33,2025-04-02 21:17:27,0,43.42,9.26,COMPLETED,2025-05-24 08:08:23
1833,34,2025-06-12 06:11:21,0,31.48,4.06,COMPLETED,2025-02-28 04:11:29
1834,35,2025-06-05 03:03:34,0,41.44,11.67,COMPLETED,2025-03-15 08:07:57
1835,36,2025-06-11 04:17:32,0,22.37,4.44,PENDING,2025-05-04 18:08:00
1836,37,2025-08-11 18:26:47,0,36.64,9.26,COMPLETED,2025-07-12 03:03:24
1837,38,2025-09-29 15:01:55,0,19.84,27.31,COMPLETED,2025-12-03 18:58:09
1838,39,2025-05-17 08:08:54,0,46.09,9.93,COMPLETED,2025-11-21 08:39:20
1839,40,2025-08-17 05:58:31,0,19.16,20.14,COMPLETED,2025-06-27 00:41:34
1840,41,2025-09-24 02:01:27,0,36.78,23.36,CANCELLED,2025-09-26 18:55:25
1841,42,2025-10-24 06:43:36,0,45.58,5.98,COMPLETED,2025-08-26 01:16:25
1842,43,2025-04-27 11:47:22,0,31.39,16.37,COMPLETED,2025-04-18 14:10:17
1843,44,2025-07-05 07:58:14,0,30.4,16.3,COMPLETED,2025-10-08 21:32:58
1844,45,2025-11-09 18:01:07,0,15.26,18.18,COMPLETED,2026-01-06 18:34:15
1845,46,2026-01-11 07:00:11,0,38.05,20.86,PENDING,2025-08-04 17:30:12
1846,47,2025-04-08 08:24:13,0,31.67,23.73,COMPLETED,2025-01-15 00:13:44
1847,48,2025-02-17 18:02:33,0,39.44,13.25,COMPLETED,2025-02-14 17:08:52
1848,49,2025-07-08 17:40:14,0,11.27,4.73,COMPLETED,2025-03-22 23:04:58
1849,50,2025-09-29 18:15:31,0,18.07,3.25,COMPLETED,2025-11-23 18:18:01
1850,51,2025-09-29 03:54:49,0,41.66,8.11,CANCELLED,2025-03-22 11:04:00
1851,52,2025-02-20 22:42:34,0,24.58,11.78,COMPLETED,2025-03-14 14:13:52
1852,53,2025-11-22 03:00:55,0,45.51,5.61,COMPLETED,2025-08-16 01:02:33
1853,54,2025-12-25 15:27:01,0,20.52,29.7,COMPLETED,2025-12-17 22:29:31
1854,55,2025-09-25 17:37:23,0,29.97,9.46,COMPLETED,2025-11-28 12:50:00
1855,56,2025-05-14 15:10:31,0,31.75,9.54,PENDING,2025-10-20 17:31:28
1856,57,2025-04-23 08:49:36,0,34.64,16.97,COMPLETED,2025-03-22 14:17:36
1857,58,2025-03-07 07:24:15,0,32.23,12.58,COMPLETED,2025-07-27 09:59:47
1858,59,2025-12-27 23:05:58,0,42.69,25.04,COMPLETED,2025-02-19 17:46:36
1859,60,2025-11-11 19:27:50,0,7.55,9.02,COMPLETED,2025-02-15 23:28:58
1860,61,2025-07-17 01:15:59,0,47.42,12.79,CANCELLED,2025-01-30 21:33:25
1861,62,2025-12-03 08:58:44,0,23.55,29.47,COMPLETED,2025-03-21 23:21:28
1862,63,2025-05-04 18:50:49,0,23.92,28.13,COMPLETED,2025-01-29 21:29:53
1863,64,2025-02-24 10:08:53,0,21.74,11.64,COMPLETED,2026-01-07 00:48:16
1864,65,2025-07-24 04:39:22,0,40.82,19.16,COMPLETED,2025-04-14 18:10:40
1865,66,2025-12-28 20:24:15,0,39.69,9.68,PENDING,2025-11-06 14:10:44
1866,67,2025-04-18 21:21:43,0,49.46,9.94,COMPLETED,2025-10-24 22:58:42
1867,68,2025-08-19 08:26:35,0,16.98,29.37,COMPLETED,2025-03-30 06:57:13
1868,69,2025-07-15 07:53:17,0,36.42,3.2,COMPLETED,2025-04-04 12:13:06
1869,70,2026-01-10 02:37:03,0,17.43,2.3,COMPLETED,2025-08-12 15:44:15
1870,71,2025-12-14 16:46:36,0,26.87,23.27,CANCELLED,2025-04-18 05:37:00
1871,72,2025-01-21 19:18:55,0,39.47,14.91,COMPLETED,2025-07-08 15:49:11
1872,73,2025-05-26 21:15:16,0,25.48,19.76,COMPLETED,2025-10-28 03:55:56
1873,74,2025-03-17 05:45:37,0,30.92,3.66,COMPLETED,2025-10-20 10:41:33
1874,75,2025-02-07 17:20:04,0,37.16,5.95,COMPLETED,2025-07-10 05:29:10
1875,76,2025-05-10 13:27:35,0,48.2,18.59,PENDING,2025-11-03 14:47:57
1876,77,2025-11-30 07:04:53,0,5.5,22.24,COMPLETED,2025-02-22 00:49:47
1877,78,2025-05-21 12:20:19,0,23.52,13.61,COMPLETED,2025-06-25 09:29:49
1878,79,2025-10-01 20:06:07,0,22.73,15.18,COMPLETED,2026-01-06 03:47:01
1879,80,2025-07-01 00:29:30,0,40.05,21.3,COMPLETED,2025-08-30 06:40:50
1880,81,2025-08-04 04:18:38,0,47.99,13.42,CANCELLED,2025-10-21 02:16:03
1881,82,2025-03-11 22:20:30,0,8.15,1.66,COMPLETED,2025-08-09 13:17:12
1882,83,2025-08-15 04:57:48,0,16.09,9.39,COMPLETED,2025-05-08 04:08:29
1883,84,2025-10-18 12:07:29,0,34.3,18.74,COMPLETED,2025-11-01 11:55:20
1884,85,2025-07-15 11:55:33,0,27.51,19.3,COMPLETED,2025-05-29 19:43:06
1885,86,2025-11-08 20:49:48,0,46.15,2.99,PENDING,2025-02-13 05:25:14
1886,87,2025-03-09 08:35:53,0,11.12,7.59,COMPLETED,2025-09-01 18:18:58
1887,88,2025-09-05 07:26:23,0,40.63,18.47,COMPLETED,2025-08-29 09:42:33
1888,89,2025-05-13 15:18:46,0,31.95,22.48,COMPLETED,2025-07-06 23:51:56
1889,90,2026-01-01 13:42:00,0,33.31,18.99,COMPLETED,2025-07-03 00:06:32
1890,91,2025-10-10 17:40:50,0,5.97,17.71,CANCELLED,2025-02-24 12:31:39
1891,92,2025-12-20 16:20:58,0,7.11,22.76,COMPLETED,2025-04-03 20:05:30
1892,93,2025-02-20 23:06:31,0,10.41,19.64,COMPLETED,2025-04-27 09:23:09
1893,94,2025-05-05 02:49:14,0,39.58,9.32,COMPLETED,2025-09-28 00:58:22
1894,95,2025-12-10 06:58:16,0,34.49,18.22,COMPLETED,2025-11-01 17:50:44
1895,96,2025-03-04 19:44:45,0,33.13,24.27,PENDING,2025-12-13 08:20:25
1896,97,2025-03-10 18:49:12,0,6.35,6.96,COMPLETED,2025-10-07 13:53:20
1897,98,2025-10-02 11:36:00,0,15.45,22.15,COMPLETED,2025-04-12 17:40:14
1898,99,2025-07-06 13:22:40,0,14.34,15.79,COMPLETED,2025-10-17 01:14:37
1899,100,2025-01-27 14:52:15,0,41.85,21.15,COMPLETED,2025-04-16 19:46:15
1900,101,2025-10-11 06:26:19,0,44.15,3.3,CANCELLED,2025-12-25 22:19:28
1901,102,2025-06-22 15:25:28,0,45.03,20.32,COMPLETED,2025-04-10 10:20:54
1902,103,2025-10-11 22:31:16,0,20.06,21.81,COMPLETED,2025-02-21 21:30:36
1903,104,2025-10-11 23:25:31,0,24.02,18.82,COMPLETED,2025-12-06 00:33:54
1904,105,2025-12-24 17:19:42,0,40.19,5.37,COMPLETED,2025-09-09 16:00:49
1905,106,2025-10-02 22:09:01,0,26.58,16.49,PENDING,2025-08-14 00:33:02
1906,107,2025-09-15 06:06:28,0,11.88,28.69,COMPLETED,2025-05-19 05:45:20
1907,108,2025-06-12 18:30:01,0,49.19,2.05,COMPLETED,2025-09-08 01:28:26
1908,109,2025-07-05 06:17:36,0,35.29,8.12,COMPLETED,2025-08-11 23:14:04
1909,110,2025-07-09 04:56:31,0,26.09,25.48,COMPLETED,2025-12-07 05:24:19
1910,111,2025-09-01 18:14:42,0,46.55,5.58,CANCELLED,2025-07-01 23:05:22
1911,112,2025-05-19 02:09:12,0,20.47,25.88,COMPLETED,2025-06-17 18:46:13
1912,113,2025-01-17 08:50:43,0,34.74,17.91,COMPLETED,2025-10-17 01:05:06
1913,114,2025-09-25 20:38:08,0,15.3,5.63,COMPLETED,2025-06-14 00:36:38
1914,115,2026-01-04 03:24:53,0,6.53,21.38,COMPLETED,2025-11-19 21:59:21
1915,116,2025-03-01 07:32:11,0,36.61,4.15,PENDING,2025-04-03 16:52:43
1916,117,2026-01-09 17:04:22,0,48.34,10.09,COMPLETED,2025-04-07 16:25:53
1917,118,2025-02-22 01:12:32,0,25.63,6.88,COMPLETED,2025-08-13 23:38:15
1918,119,2025-04-30 19:08:45,0,18.9,26.44,COMPLETED,2025-02-06 12:22:03
1919,120,2025-03-18 18:22:47,0,22.64,29.7,COMPLETED,2025-09-19 03:01:02
1920,121,2025-03-22 06:51:32,0,29.21,26.95,CANCELLED,2025-02-24 03:12:01
1921,122,2025-10-27 17:20:13,0,13.81,28,COMPLETED,2025-06-26 21:46:20
1922,123,2025-04-30 03:04:01,0,47.67,17.5,COMPLETED,2025-08-25 00:32:33
1923,124,2025-11-11 05:33:10,0,47.86,26.5,COMPLETED,2025-08-29 23:22:55
1924,125,2025-02-23 20:02:54,0,26.22,9.79,COMPLETED,2025-06-27 15:25:34
1925,126,2025-03-26 12:04:01,0,7.72,29.7,PENDING,2025-05-04 16:03:19
1926,127,2025-01-24 12:55:34,0,25.72,6.05,COMPLETED,2025-11-29 03:04:47
1927,128,2025-05-31 11:43:19,0,11.72,27.12,COMPLETED,2025-03-13 22:20:16
1928,129,2025-06-18 06:40:04,0,31.89,1.95,COMPLETED,2025-12-13 12:56:15
1929,130,2025-02-19 12:56:24,0,6.78,10.51,COMPLETED,2025-04-27 08:12:15
1930,131,2025-02-14 18:34:50,0,44.71,5.48,CANCELLED,2025-12-20 18:49:33
1931,132,2025-08-15 22:05:51,0,8.69,23.87,COMPLETED,2025-06-11 03:15:30
1932,133,2025-04-03 10:24:26,0,13.12,14.93,COMPLETED,2025-05-29 18:30:39
1933,134,2025-07-31 20:39:11,0,49.06,1.33,COMPLETED,2025-04-02 07:50:57
1934,135,2025-01-14 00:41:46,0,8.11,1.22,COMPLETED,2025-03-15 17:07:23
1935,136,2025-09-08 21:09:24,0,42.43,12.17,PENDING,2025-10-02 21:47:56
1936,137,2025-06-27 19:37:12,0,32.08,14.58,COMPLETED,2025-12-18 06:33:25
1937,138,2025-01-16 08:52:00,0,14.33,3.52,COMPLETED,2025-03-28 02:41:35
1938,139,2025-09-05 14:33:37,0,25.6,18.65,COMPLETED,2025-10-26 22:13:43
1939,140,2025-11-21 16:54:32,0,40.02,9.3,COMPLETED,2025-04-14 11:23:52
1940,141,2025-05-24 03:25:59,0,34.46,22.68,CANCELLED,2025-12-16 20:26:20
1941,142,2025-11-26 17:49:13,0,46.05,18.98,COMPLETED,2025-06-18 19:25:41
1942,143,2025-05-14 19:39:48,0,6.81,27.51,COMPLETED,2025-10-15 22:09:38
1943,144,2025-03-01 08:04:06,0,37.09,29.82,COMPLETED,2025-07-30 02:15:53
1944,145,2025-07-20 04:49:48,0,33.03,4.82,COMPLETED,2025-08-18 19:01:43
1945,146,2025-09-29 05:38:15,0,44.4,12.29,PENDING,2025-11-24 13:01:55
752,153,2025-02-22 12:50:58,0,30.06,3.08,COMPLETED,2025-04-10 20:00:40
753,154,2025-11-13 05:00:43,0,23.19,5.24,COMPLETED,2025-09-16 09:33:56
754,155,2025-11-10 18:06:06,0,8.29,3.89,COMPLETED,2025-06-08 10:26:02
755,156,2025-01-18 20:09:28,0,38.77,16.72,PENDING,2025-02-02 08:02:04
756,157,2025-09-06 02:07:37,0,40.15,25.96,COMPLETED,2025-11-09 12:00:15
757,158,2025-12-15 06:27:52,0,16.36,25.56,COMPLETED,2025-11-24 02:38:15
758,159,2025-03-21 01:51:37,0,9.02,20.29,COMPLETED,2025-04-30 14:30:35
759,160,2025-07-11 06:12:36,0,30.6,6.32,COMPLETED,2025-06-17 17:49:09
760,161,2025-05-31 04:44:01,0,49.1,4.55,CANCELLED,2025-01-27 09:29:13
761,162,2025-05-19 02:16:16,0,17.75,10.67,COMPLETED,2025-03-20 01:51:12
762,163,2025-06-27 01:46:09,0,27.69,1.48,COMPLETED,2025-12-19 05:18:58
763,164,2025-08-09 17:17:47,0,29.77,24.75,COMPLETED,2025-05-13 17:50:21
764,165,2025-08-17 05:58:36,0,21.57,19.96,COMPLETED,2026-01-01 17:12:58
765,166,2025-01-29 06:23:45,0,12.85,12.39,PENDING,2025-04-30 02:46:27
766,167,2025-05-22 04:51:20,0,38.15,14.51,COMPLETED,2025-05-11 23:17:10
767,168,2025-01-23 06:43:24,0,19.83,27.04,COMPLETED,2025-03-29 10:53:58
768,169,2025-12-24 04:05:54,0,15,17.27,COMPLETED,2025-05-24 10:29:35
769,170,2025-12-31 03:20:52,0,44.41,23.19,COMPLETED,2025-02-18 15:57:37
770,171,2025-09-30 15:17:08,0,44.48,8.03,CANCELLED,2025-07-12 11:49:30
771,172,2025-03-26 06:57:37,0,34.97,24.35,COMPLETED,2025-10-22 19:54:05
772,173,2025-07-29 21:06:15,0,19.35,22.33,COMPLETED,2025-07-27 00:40:12
773,174,2025-04-16 22:58:01,0,30.93,9.14,COMPLETED,2025-10-06 21:39:12
774,175,2025-04-26 13:52:59,0,31.48,19.45,COMPLETED,2025-05-28 21:03:30
775,176,2025-06-03 09:29:09,0,15.42,18.8,PENDING,2025-06-07 17:55:54
776,177,2025-04-23 01:46:34,0,30.99,21.5,COMPLETED,2025-07-28 08:42:31
777,178,2025-08-10 08:57:47,0,31.3,17.54,COMPLETED,2025-05-05 09:19:36
778,179,2025-10-15 02:32:24,0,45.34,16.52,COMPLETED,2025-04-11 01:25:13
779,180,2025-03-12 14:46:15,0,13.92,28.01,COMPLETED,2025-12-05 14:01:25
780,181,2025-12-23 05:00:57,0,14.05,5.06,CANCELLED,2025-04-26 17:45:15
781,182,2025-02-16 19:36:03,0,13.03,2.8,COMPLETED,2025-04-07 06:02:44
782,183,2025-03-23 10:32:32,0,13.88,8.78,COMPLETED,2025-05-22 00:53:52
783,184,2025-12-04 10:43:01,0,22.07,15.55,COMPLETED,2026-01-08 05:07:33
784,185,2025-07-30 22:50:24,0,47.73,29.06,COMPLETED,2025-10-21 03:59:15
785,186,2025-10-13 08:31:01,0,21.9,27.59,PENDING,2025-05-01 11:42:30
786,187,2025-10-26 02:22:53,0,17.17,7.53,COMPLETED,2025-06-14 01:48:07
787,188,2025-04-05 14:27:08,0,14.54,11.8,COMPLETED,2025-04-06 06:57:48
788,189,2025-03-31 02:30:49,0,39.94,10.99,COMPLETED,2025-07-07 17:09:03
789,190,2025-08-16 05:38:35,0,35.42,11.76,COMPLETED,2025-07-01 00:22:57
790,191,2025-04-05 11:33:31,0,48.89,4.15,CANCELLED,2025-07-02 07:44:39
791,192,2025-01-26 17:15:10,0,8.24,21.43,COMPLETED,2025-05-02 13:26:39
792,193,2025-03-10 14:17:27,0,27.61,29.66,COMPLETED,2025-12-10 11:21:07
793,194,2025-06-17 14:46:28,0,43.18,24.42,COMPLETED,2025-10-05 19:27:42
794,195,2025-07-24 19:27:47,0,21.43,9.7,COMPLETED,2025-05-09 22:07:02
795,196,2025-08-23 07:41:45,0,24.55,16.73,PENDING,2025-06-08 01:07:12
796,197,2025-01-23 01:52:21,0,32.58,5.8,COMPLETED,2025-07-08 04:25:27
797,198,2025-12-23 08:23:43,0,44.26,16.92,COMPLETED,2025-10-20 22:27:46
798,199,2025-02-09 20:56:22,0,8.43,23.11,COMPLETED,2025-10-26 13:50:02
799,200,2025-08-02 14:24:59,0,32.96,12.71,COMPLETED,2025-12-21 04:44:12
800,201,2025-04-06 02:47:28,0,14.6,20.55,CANCELLED,2025-09-07 17:17:27
801,202,2025-12-21 11:37:16,0,13.09,2.27,COMPLETED,2025-10-09 10:02:27
802,203,2025-11-21 23:13:31,0,34,6.76,COMPLETED,2025-03-27 01:24:11
803,204,2025-12-03 05:59:03,0,46.1,4.98,COMPLETED,2025-04-15 01:29:43
804,205,2025-06-12 10:10:26,0,17.34,2.47,COMPLETED,2026-01-05 13:42:44
805,206,2025-02-02 18:00:36,0,16.39,27.97,PENDING,2025-04-06 23:17:40
806,207,2025-06-15 20:09:50,0,38.78,9.84,COMPLETED,2026-01-04 17:15:18
807,208,2025-07-25 12:01:58,0,14.5,10.64,COMPLETED,2025-10-15 10:19:05
808,209,2025-06-15 21:59:39,0,48.84,1.82,COMPLETED,2025-08-01 07:22:52
809,210,2025-06-02 22:05:16,0,31.38,25.98,COMPLETED,2025-12-01 13:09:42
810,211,2025-10-10 21:10:55,0,21.39,10.22,CANCELLED,2025-11-13 02:26:38
811,212,2025-04-01 11:18:17,0,35.87,29.36,COMPLETED,2025-07-09 19:10:39
812,213,2025-09-06 22:14:40,0,41.59,7.76,COMPLETED,2025-08-22 20:29:26
813,214,2025-02-28 04:05:24,0,20.01,25.13,COMPLETED,2025-09-06 11:01:09
814,215,2025-01-26 13:05:13,0,49.06,11.72,COMPLETED,2025-07-03 11:43:05
815,216,2025-08-23 04:44:33,0,21.92,15.67,PENDING,2025-04-25 09:17:01
816,217,2025-06-01 07:31:40,0,15.23,8.3,COMPLETED,2025-04-23 16:08:11
817,218,2025-07-14 16:52:09,0,49.93,26.05,COMPLETED,2025-03-10 19:25:12
818,219,2025-05-25 01:25:17,0,21.6,6.36,COMPLETED,2025-04-21 17:22:44
819,220,2025-02-04 15:25:14,0,45.86,9.22,COMPLETED,2025-02-08 06:28:21
820,221,2025-06-21 05:29:19,0,29.21,12.98,CANCELLED,2025-09-09 04:11:13
821,222,2025-06-28 04:23:34,0,12.39,18.3,COMPLETED,2025-06-28 23:08:44
822,223,2025-01-30 11:29:55,0,22.91,29.46,COMPLETED,2026-01-10 14:53:40
823,224,2025-01-27 06:30:22,0,21.53,25.22,COMPLETED,2025-02-27 16:46:26
824,225,2025-06-11 04:26:33,0,30.64,26.83,COMPLETED,2025-09-30 16:14:18
825,226,2025-05-08 08:07:24,0,42.88,11.39,PENDING,2025-01-17 11:43:47
826,227,2025-11-07 06:20:41,0,23.81,4.54,COMPLETED,2025-03-22 07:34:29
827,228,2025-10-16 13:22:24,0,10.2,9.15,COMPLETED,2025-07-04 06:38:23
828,229,2025-07-08 07:31:14,0,40.23,26.36,COMPLETED,2025-02-05 21:11:58
829,230,2025-06-29 19:18:06,0,9.61,8.62,COMPLETED,2025-06-18 07:05:27
830,231,2025-05-29 21:04:46,0,15.49,22.17,CANCELLED,2025-07-28 11:26:22
831,232,2025-09-01 08:37:57,0,36.46,21.91,COMPLETED,2025-10-20 17:55:41
832,233,2025-02-04 21:03:23,0,8.4,1.45,COMPLETED,2025-05-30 11:36:29
833,234,2025-04-14 14:55:45,0,33.88,27.63,COMPLETED,2025-04-15 23:53:51
834,235,2025-01-29 12:52:59,0,29.09,5.58,COMPLETED,2025-04-01 05:49:49
835,236,2025-10-02 15:10:54,0,44.48,3.05,PENDING,2025-07-25 07:05:01
836,237,2025-11-07 14:41:39,0,43.51,28.29,COMPLETED,2025-07-13 13:52:19
837,238,2025-07-25 13:39:56,0,9.41,13.99,COMPLETED,2025-10-25 13:35:10
838,239,2025-03-26 06:56:40,0,32.93,22.66,COMPLETED,2025-12-25 04:49:12
839,240,2025-06-29 16:10:00,0,8.57,7.35,COMPLETED,2025-11-29 15:27:55
840,241,2025-07-16 18:53:14,0,11.18,13.68,CANCELLED,2025-01-16 16:22:01
841,242,2025-04-11 20:01:18,0,13.96,8.94,COMPLETED,2025-07-24 08:28:05
842,243,2025-09-18 16:21:18,0,6.46,21.94,COMPLETED,2025-03-19 22:32:51
843,244,2025-01-20 20:58:27,0,20.01,2.23,COMPLETED,2025-03-24 23:50:16
844,245,2025-12-11 03:20:13,0,35.19,28.96,COMPLETED,2025-03-14 10:21:44
845,246,2025-03-28 08:25:34,0,12.6,13.96,PENDING,2025-04-17 16:03:54
846,247,2025-05-04 00:47:46,0,39.3,20.54,COMPLETED,2025-09-28 19:09:36
847,248,2025-04-25 00:18:36,0,11.18,26.12,COMPLETED,2025-08-01 19:50:04
848,249,2025-05-12 15:33:02,0,31.79,23.55,COMPLETED,2025-12-29 23:16:04
849,250,2025-12-15 14:58:18,0,20.51,28.35,COMPLETED,2025-07-14 19:06:48
850,251,2025-02-23 03:07:12,0,34.84,10.36,CANCELLED,2025-08-01 22:42:14
851,252,2025-08-08 09:32:16,0,27.06,1.67,COMPLETED,2025-02-21 22:20:44
852,253,2025-09-28 09:11:06,0,36.99,26.68,COMPLETED,2025-09-11 12:39:25
853,254,2025-10-14 03:17:58,0,34.97,25.99,COMPLETED,2025-11-04 07:44:51
854,255,2025-02-19 01:13:49,0,10.01,9.17,COMPLETED,2025-07-22 08:23:46
855,256,2025-09-12 00:00:11,0,11.31,27.75,PENDING,2025-01-16 19:58:11
856,257,2025-05-28 23:03:37,0,27.49,25.86,COMPLETED,2025-12-23 00:00:37
857,258,2025-05-10 14:59:08,0,49.35,9.86,COMPLETED,2025-01-21 18:31:17
858,259,2025-09-12 22:41:51,0,17.91,9.26,COMPLETED,2025-10-21 06:01:41
859,260,2025-05-17 14:32:49,0,26.15,19.36,COMPLETED,2025-01-17 22:02:43
860,261,2025-07-24 06:43:58,0,30.18,19.22,CANCELLED,2025-01-24 15:40:25
861,262,2025-03-26 01:28:52,0,37.77,19.55,COMPLETED,2025-06-18 04:50:42
862,263,2025-04-30 07:00:16,0,7.67,15.95,COMPLETED,2025-08-15 03:02:20
863,264,2025-07-19 22:40:16,0,43.96,15.21,COMPLETED,2025-07-08 14:14:41
864,265,2025-11-14 04:47:58,0,13.11,15.66,COMPLETED,2025-12-03 12:35:15
865,266,2025-07-23 08:12:50,0,19.79,26.2,PENDING,2025-05-29 19:56:47
866,267,2025-01-14 07:10:07,0,12.66,17.43,COMPLETED,2025-02-16 05:54:38
867,268,2025-11-23 22:33:33,0,27.26,6.16,COMPLETED,2025-08-29 20:01:38
868,269,2025-05-13 07:40:14,0,45.94,13.99,COMPLETED,2025-11-22 13:32:54
869,270,2025-03-02 09:14:31,0,30.3,17.33,COMPLETED,2025-09-12 18:07:44
870,271,2025-06-22 23:23:59,0,21.78,14.61,CANCELLED,2025-11-14 01:43:15
871,272,2025-03-08 14:01:44,0,40.8,15.31,COMPLETED,2025-07-15 15:33:40
872,273,2025-07-26 12:24:52,0,40.56,10.82,COMPLETED,2025-11-24 10:49:30
873,274,2025-03-27 17:45:44,0,27.58,18.79,COMPLETED,2025-07-25 01:57:55
874,275,2025-04-21 20:18:29,0,13.76,26.42,COMPLETED,2025-02-04 12:06:16
875,276,2025-10-23 09:17:00,0,41.79,28.4,PENDING,2025-08-28 02:44:21
876,277,2025-01-24 17:31:01,0,48.35,17.04,COMPLETED,2025-09-05 19:58:38
877,278,2025-08-09 16:11:15,0,7.39,25.67,COMPLETED,2025-04-24 16:15:48
878,279,2025-06-25 04:09:46,0,48.88,8.92,COMPLETED,2025-09-15 10:18:25
879,280,2025-11-28 06:51:31,0,21.31,4.55,COMPLETED,2025-07-27 07:38:50
880,281,2025-01-27 20:28:40,0,45.73,2.22,CANCELLED,2025-02-06 04:23:08
881,282,2025-01-14 17:40:05,0,40.6,25.47,COMPLETED,2025-08-19 16:02:34
882,283,2025-12-05 10:17:41,0,19.6,3.3,COMPLETED,2025-12-10 06:35:22
883,284,2025-08-27 05:42:31,0,27.86,21.64,COMPLETED,2025-07-04 04:58:52
884,285,2025-09-12 01:39:42,0,6.01,15.99,COMPLETED,2025-10-02 18:16:50
885,286,2025-03-09 14:22:52,0,20.49,7.35,PENDING,2026-01-05 04:38:29
886,287,2025-04-08 21:59:33,0,32.52,14.39,COMPLETED,2025-02-10 12:41:07
887,288,2025-03-03 21:21:35,0,38.1,28.14,COMPLETED,2025-05-06 04:51:00
888,289,2025-12-07 04:15:04,0,46.34,26.36,COMPLETED,2025-10-24 15:00:56
889,290,2025-06-04 21:36:32,0,40.49,23.56,COMPLETED,2025-12-16 15:52:34
890,291,2025-09-29 17:50:12,0,33.46,13.9,CANCELLED,2025-03-24 09:57:38
891,292,2025-06-22 06:02:01,0,30.32,8.26,COMPLETED,2025-02-22 17:53:19
892,293,2025-01-14 09:50:55,0,40.54,18.59,COMPLETED,2025-01-23 09:18:15
893,294,2025-04-30 07:13:18,0,20.35,15.06,COMPLETED,2025-04-23 06:32:05
894,295,2025-07-08 10:40:22,0,27.67,25.88,COMPLETED,2025-03-05 03:05:31
895,296,2025-07-04 17:43:59,0,40.07,3.64,PENDING,2025-10-30 02:36:36
896,297,2025-10-16 00:25:23,0,47.93,10.01,COMPLETED,2025-01-17 15:22:54
897,298,2025-09-26 13:00:03,0,27.05,18.46,COMPLETED,2025-05-30 07:33:45
898,299,2025-05-19 02:19:31,0,48.27,3.53,COMPLETED,2025-08-16 08:28:44
899,300,2025-02-16 10:49:49,0,26.11,27.38,COMPLETED,2025-04-09 19:54:20
900,1,2025-08-19 09:22:45,0,8.08,26.98,CANCELLED,2025-06-18 16:38:44
901,2,2025-12-15 13:16:49,0,23.92,13.07,COMPLETED,2025-06-02 02:59:17
902,3,2025-08-11 16:38:13,0,37.96,3.33,COMPLETED,2025-11-24 03:24:22
903,4,2025-06-19 18:55:09,0,44.11,9.06,COMPLETED,2025-07-03 06:19:27
904,5,2025-06-13 00:49:53,0,39,24.1,COMPLETED,2025-03-06 07:05:55
905,6,2025-12-24 09:20:27,0,43.35,15.89,PENDING,2025-05-20 00:14:17
906,7,2025-04-14 00:43:14,0,36.23,12.09,COMPLETED,2025-06-03 06:06:58
907,8,2025-03-23 12:51:00,0,22.75,15.17,COMPLETED,2025-02-12 08:06:58
908,9,2025-06-18 04:02:12,0,38.92,13.52,COMPLETED,2025-06-06 19:04:40
909,10,2025-10-31 17:57:19,0,27.83,24.8,COMPLETED,2025-05-15 05:07:27
910,11,2025-05-07 16:09:08,0,22.6,4.6,CANCELLED,2025-03-03 19:59:02
911,12,2025-09-03 19:46:27,0,44.6,5.49,COMPLETED,2025-10-16 15:13:15
912,13,2025-04-26 12:53:10,0,44.78,8.76,COMPLETED,2025-01-28 08:14:07
913,14,2025-09-17 11:37:11,0,24.04,13.04,COMPLETED,2025-11-17 22:09:50
914,15,2025-04-09 22:59:52,0,17.53,6.34,COMPLETED,2025-02-23 14:11:40
915,16,2025-03-21 21:10:06,0,45.72,16.5,PENDING,2025-01-15 08:44:16
916,17,2025-07-19 13:04:12,0,28.05,22.44,COMPLETED,2025-04-08 00:56:19
917,18,2025-08-28 12:24:06,0,9.45,6.7,COMPLETED,2025-10-05 05:02:52
918,19,2025-11-20 04:20:01,0,46.43,21.94,COMPLETED,2025-08-15 17:10:45
919,20,2025-04-20 21:53:39,0,35.08,26.92,COMPLETED,2025-07-26 01:40:15
920,21,2025-06-16 02:51:39,0,34.25,17.6,CANCELLED,2025-11-25 12:32:02
921,22,2025-03-20 23:14:54,0,45.68,3.05,COMPLETED,2025-09-12 15:05:55
922,23,2025-12-31 19:16:53,0,32.72,15.23,COMPLETED,2026-01-07 03:11:16
923,24,2025-08-15 10:33:05,0,20.98,20.15,COMPLETED,2025-11-10 17:17:11
924,25,2025-02-17 18:00:23,0,43.85,19.33,COMPLETED,2025-04-19 20:14:24
925,26,2025-01-21 03:52:37,0,20.82,15.91,PENDING,2025-03-04 05:17:02
926,27,2025-03-25 14:09:43,0,49.53,11.75,COMPLETED,2025-12-23 21:34:41
927,28,2025-12-10 03:46:03,0,18.91,19.01,COMPLETED,2025-09-10 13:55:22
928,29,2025-02-08 13:34:55,0,39.05,1.55,COMPLETED,2025-05-27 08:28:51
929,30,2025-03-24 00:51:27,0,32.23,10.56,COMPLETED,2025-07-07 20:24:56
930,31,2025-11-26 20:47:34,0,15.34,23.69,CANCELLED,2025-03-31 11:01:02
931,32,2025-07-31 05:14:11,0,43.56,13.91,COMPLETED,2025-12-25 10:24:15
932,33,2025-04-02 01:51:01,0,20.95,5.26,COMPLETED,2025-04-28 13:50:07
933,34,2026-01-05 05:07:18,0,23.36,10.62,COMPLETED,2025-08-26 05:05:13
934,35,2025-05-24 16:28:11,0,47.44,6.38,COMPLETED,2025-02-15 15:04:48
935,36,2025-10-26 22:38:06,0,36.12,20.58,PENDING,2025-01-27 20:55:39
936,37,2025-08-29 20:03:39,0,27.93,19.76,COMPLETED,2025-10-23 23:28:23
937,38,2025-01-27 22:32:10,0,49.56,21.03,COMPLETED,2026-01-01 02:51:48
938,39,2025-12-09 13:28:36,0,23.66,16.19,COMPLETED,2025-08-07 21:10:39
939,40,2025-10-28 15:05:41,0,48.17,27.48,COMPLETED,2025-06-12 04:04:35
940,41,2025-09-09 07:06:52,0,28.29,23.19,CANCELLED,2025-12-02 20:57:12
941,42,2025-04-26 11:46:43,0,47.86,21.97,COMPLETED,2025-06-19 18:06:57
942,43,2025-05-02 17:19:40,0,14.2,16.7,COMPLETED,2026-01-04 11:33:23
943,44,2025-09-26 11:56:54,0,5.22,14.88,COMPLETED,2025-07-14 04:55:04
944,45,2025-04-18 08:12:21,0,24.33,1.28,COMPLETED,2025-08-14 15:50:12
945,46,2025-03-10 03:27:30,0,11.12,3.35,PENDING,2025-02-27 03:23:28
946,47,2025-04-07 13:30:11,0,35.18,5.19,COMPLETED,2025-10-21 08:16:50
947,48,2025-08-31 18:46:45,0,16.01,29.17,COMPLETED,2025-01-19 11:38:54
948,49,2025-07-28 19:02:56,0,47.79,1.6,COMPLETED,2025-02-07 22:28:40
949,50,2025-05-23 01:21:12,0,22.92,16.33,COMPLETED,2025-12-17 01:27:10
950,51,2025-04-27 13:17:25,0,13.47,8.05,CANCELLED,2025-10-10 22:32:55
951,52,2025-01-15 07:00:20,0,12.63,16.43,COMPLETED,2025-03-15 09:44:48
952,53,2025-03-11 05:17:33,0,29.01,25.57,COMPLETED,2025-12-23 06:37:01
953,54,2025-12-08 19:05:17,0,49.73,14.52,COMPLETED,2025-12-02 08:40:53
954,55,2025-11-04 23:57:33,0,45.93,10.86,COMPLETED,2025-12-12 18:37:19
955,56,2025-11-01 17:52:53,0,36.25,16.99,PENDING,2025-11-15 00:26:27
956,57,2025-11-16 22:48:55,0,30.28,28.61,COMPLETED,2025-02-04 01:21:57
957,58,2025-08-18 17:20:18,0,5.33,17.63,COMPLETED,2025-07-31 09:33:37
958,59,2025-06-01 15:28:22,0,16.39,20.47,COMPLETED,2025-03-11 22:31:41
959,60,2025-09-23 07:31:49,0,32.58,21.59,COMPLETED,2025-06-03 06:51:35
960,61,2025-10-30 02:52:23,0,49.63,9.24,CANCELLED,2025-07-28 01:55:53
961,62,2025-10-17 16:02:52,0,24.69,3.8,COMPLETED,2025-05-21 07:04:20
962,63,2025-03-05 08:24:04,0,21.23,1.42,COMPLETED,2025-03-12 07:17:57
963,64,2025-12-09 16:39:14,0,8.6,7.77,COMPLETED,2025-03-02 00:10:11
964,65,2025-04-14 11:16:20,0,13.79,6.74,COMPLETED,2025-08-20 12:24:29
965,66,2025-11-09 03:52:50,0,9.75,9.3,PENDING,2025-07-28 08:49:47
966,67,2025-04-01 03:43:00,0,28.35,27.03,COMPLETED,2025-08-19 14:40:57
967,68,2025-06-05 14:27:14,0,12.93,22.06,COMPLETED,2025-08-22 14:53:48
968,69,2025-02-18 10:54:09,0,33.08,16.87,COMPLETED,2025-08-06 21:59:37
969,70,2025-11-25 09:15:13,0,34.16,24.48,COMPLETED,2026-01-06 19:16:50
970,71,2025-02-10 17:18:37,0,48.5,23.68,CANCELLED,2025-07-15 22:03:22
971,72,2025-12-11 17:38:34,0,41.3,10.37,COMPLETED,2025-08-31 14:48:33
972,73,2025-08-02 07:01:59,0,44.11,7.97,COMPLETED,2025-07-20 23:28:30
973,74,2025-04-25 23:39:00,0,49.83,3.18,COMPLETED,2025-01-16 18:39:14
974,75,2025-07-10 15:52:32,0,13.18,26.04,COMPLETED,2025-03-10 18:33:57
975,76,2025-06-03 01:41:07,0,42.03,2.2,PENDING,2025-04-10 07:22:04
976,77,2025-01-19 01:50:51,0,30.27,9.03,COMPLETED,2025-10-22 13:58:17
977,78,2025-04-22 11:21:01,0,6.93,26.67,COMPLETED,2025-05-12 16:38:47
978,79,2025-11-14 12:38:50,0,49.09,26.94,COMPLETED,2025-10-08 09:35:16
979,80,2025-02-14 10:51:55,0,32.42,25.06,COMPLETED,2025-10-18 22:48:49
980,81,2025-08-24 06:08:54,0,11.22,26.61,CANCELLED,2025-09-16 02:10:04
981,82,2025-11-10 17:29:55,0,41.06,12.12,COMPLETED,2025-08-15 14:50:32
982,83,2025-03-25 04:37:23,0,23.47,9.15,COMPLETED,2025-04-15 23:00:10
983,84,2025-07-25 02:24:49,0,43.29,23.54,COMPLETED,2025-02-16 07:13:19
984,85,2025-07-04 05:14:12,0,7.65,21.91,COMPLETED,2025-03-21 17:03:26
985,86,2025-03-09 06:07:13,0,14.37,2.17,PENDING,2025-06-04 07:44:39
986,87,2025-03-09 11:19:41,0,11.07,22.64,COMPLETED,2025-05-27 22:34:46
987,88,2025-06-06 01:55:49,0,45.72,7.55,COMPLETED,2025-02-19 10:05:17
988,89,2025-09-18 00:34:22,0,38.59,5.95,COMPLETED,2025-04-01 07:14:52
989,90,2025-05-30 07:33:02,0,24.12,6.02,COMPLETED,2025-03-30 18:32:05
990,91,2025-01-23 15:16:12,0,30.11,29.16,CANCELLED,2025-11-01 01:49:41
991,92,2025-02-21 03:20:16,0,34.8,17.81,COMPLETED,2025-05-06 05:56:52
992,93,2025-12-29 10:59:09,0,32.7,3.3,COMPLETED,2025-04-10 05:02:59
993,94,2025-03-20 22:39:57,0,44.15,25.52,COMPLETED,2025-10-18 05:32:26
994,95,2025-10-05 01:55:50,0,33.31,28.72,COMPLETED,2025-04-04 07:29:35
995,96,2025-04-30 11:00:28,0,32.43,10,PENDING,2025-11-27 17:15:35
996,97,2025-11-16 08:23:19,0,25.33,16.43,COMPLETED,2025-12-08 22:01:42
997,98,2025-10-04 01:27:01,0,47.77,21.23,COMPLETED,2025-07-14 08:34:15
998,99,2025-06-02 00:15:30,0,36.15,1.41,COMPLETED,2025-04-16 21:31:20
999,100,2025-03-01 15:43:39,0,32.9,9.72,COMPLETED,2025-02-23 10:22:41
1000,101,2025-04-14 08:20:28,0,42.15,12.38,CANCELLED,2025-08-11 12:39:37
1001,102,2025-04-05 10:52:19,0,8.21,4.93,COMPLETED,2025-06-10 14:34:02
1002,103,2025-08-28 18:26:29,0,10.7,17.36,COMPLETED,2025-09-14 06:37:21
1003,104,2025-12-30 22:59:11,0,26.76,27.57,COMPLETED,2025-11-26 11:43:22
1004,105,2026-01-08 23:35:37,0,27.65,9.52,COMPLETED,2025-11-11 16:51:09
1005,106,2025-06-03 11:24:22,0,17.48,6.53,PENDING,2025-05-18 23:18:30
1006,107,2025-09-22 11:56:35,0,9.21,15.65,COMPLETED,2025-05-07 02:27:27
1007,108,2025-07-18 02:52:04,0,11.57,4.61,COMPLETED,2026-01-03 22:20:09
1008,109,2025-07-30 23:22:38,0,20.68,6.83,COMPLETED,2025-07-21 09:56:38
1009,110,2025-05-09 15:29:33,0,25.06,21.85,COMPLETED,2025-07-02 14:53:38
1010,111,2025-06-15 23:13:22,0,9.34,13.33,CANCELLED,2025-09-21 12:30:03
1011,112,2025-08-07 12:26:53,0,32.62,19.26,COMPLETED,2025-05-29 11:54:58
1012,113,2025-11-02 08:40:34,0,18.87,27.48,COMPLETED,2025-07-20 15:11:52
1013,114,2025-02-19 21:23:53,0,27.11,16.74,COMPLETED,2025-12-22 08:20:54
1014,115,2025-02-11 21:41:13,0,45.39,4.22,COMPLETED,2025-10-08 01:48:14
1015,116,2025-10-25 08:43:28,0,16.7,18.88,PENDING,2025-03-16 05:52:58
1016,117,2025-07-23 14:18:22,0,39.43,24.53,COMPLETED,2025-04-27 02:32:35
1017,118,2025-02-08 04:08:53,0,33.58,20.19,COMPLETED,2025-06-12 10:52:50
1018,119,2025-06-08 04:39:57,0,37.37,14.92,COMPLETED,2025-12-26 11:55:06
1019,120,2025-02-22 03:37:29,0,41.91,9.17,COMPLETED,2025-07-13 08:40:59
1020,121,2025-08-19 04:43:16,0,23.83,5.96,CANCELLED,2025-08-24 12:19:48
1021,122,2025-05-25 12:54:36,0,35.03,3.37,COMPLETED,2025-08-29 09:07:43
1022,123,2025-10-14 23:01:36,0,19.03,22.63,COMPLETED,2025-02-19 12:16:53
1023,124,2025-04-30 12:33:17,0,20.1,11.53,COMPLETED,2025-12-24 01:35:35
1024,125,2025-03-04 20:20:06,0,15.64,1.75,COMPLETED,2025-09-02 04:39:37
1025,126,2025-10-13 21:37:18,0,18.11,7.22,PENDING,2025-03-29 01:24:21
1026,127,2026-01-02 11:41:53,0,22.7,16.37,COMPLETED,2025-03-31 13:05:13
1027,128,2025-09-21 03:28:20,0,42.1,17.28,COMPLETED,2025-09-17 14:28:20
1028,129,2025-09-19 11:35:50,0,17.69,19.91,COMPLETED,2025-03-07 09:41:55
1029,130,2025-02-08 21:36:05,0,36.42,6.93,COMPLETED,2025-04-25 01:23:49
1030,131,2025-12-15 10:36:53,0,30.07,18.8,CANCELLED,2025-05-26 04:46:02
1031,132,2025-01-24 04:48:04,0,6.11,19.6,COMPLETED,2025-07-28 13:03:54
1032,133,2025-01-29 14:10:25,0,27.76,12.9,COMPLETED,2025-11-22 13:18:38
1033,134,2025-12-02 22:10:18,0,27.32,9.65,COMPLETED,2025-08-09 04:29:00
1034,135,2025-03-23 01:07:26,0,36.54,6.09,COMPLETED,2025-02-01 04:26:46
1035,136,2025-07-17 10:57:54,0,33.93,21.16,PENDING,2025-06-21 22:41:17
1036,137,2025-06-10 08:29:38,0,22.91,22.84,COMPLETED,2025-05-26 22:13:13
1037,138,2025-12-31 04:46:01,0,30.53,23.46,COMPLETED,2025-02-04 19:00:50
1038,139,2025-03-29 13:58:50,0,33.77,29.97,COMPLETED,2025-10-24 14:29:12
1039,140,2025-09-19 10:45:11,0,43.51,8.44,COMPLETED,2025-01-19 13:56:09
1040,141,2025-02-19 04:34:27,0,47.3,27.92,CANCELLED,2025-08-11 13:42:29
1041,142,2025-09-17 19:22:52,0,43.68,22.77,COMPLETED,2025-11-27 00:47:07
1042,143,2025-01-19 17:59:39,0,42.25,24.3,COMPLETED,2025-08-12 20:37:50
1043,144,2025-09-10 07:45:08,0,45.47,9.21,COMPLETED,2025-05-13 07:10:22
1044,145,2025-01-29 18:38:43,0,21.5,8.8,COMPLETED,2026-01-10 21:37:55
1045,146,2025-06-10 23:37:52,0,23.71,12.6,PENDING,2025-04-14 16:13:07
1046,147,2025-11-20 14:42:51,0,23.41,11.42,COMPLETED,2025-08-09 20:59:21
1047,148,2025-09-06 09:44:26,0,29.97,12.97,COMPLETED,2025-04-28 17:45:44
1048,149,2025-05-24 04:54:56,0,9.68,11.77,COMPLETED,2025-03-22 18:24:37
1049,150,2025-07-13 15:17:08,0,25.05,21,COMPLETED,2025-06-16 14:33:08
1050,151,2025-10-22 05:52:55,0,30.03,2.53,CANCELLED,2025-08-29 00:35:00
1051,152,2025-07-26 14:50:58,0,7.58,18.68,COMPLETED,2025-04-14 20:41:24
1052,153,2026-01-10 07:07:17,0,17.05,7.49,COMPLETED,2025-02-15 22:26:54
1053,154,2025-10-05 15:10:58,0,34.55,22.25,COMPLETED,2025-12-27 07:21:09
1054,155,2025-09-07 10:09:01,0,17.95,25.66,COMPLETED,2025-05-12 17:11:09
1055,156,2025-08-14 16:07:47,0,12.35,25.32,PENDING,2025-05-30 10:58:26
1056,157,2025-02-07 07:48:54,0,12.87,7.72,COMPLETED,2025-03-11 11:06:07
1057,158,2025-09-08 21:37:04,0,48.76,8.18,COMPLETED,2025-11-07 12:35:29
1058,159,2025-02-10 13:22:41,0,19.47,12,COMPLETED,2025-12-22 02:32:41
1059,160,2025-07-24 06:59:15,0,5.44,15.46,COMPLETED,2025-11-18 09:54:00
1060,161,2025-05-11 02:52:14,0,31.25,10.73,CANCELLED,2025-05-30 12:59:15
1061,162,2025-10-27 11:33:32,0,11.55,22.91,COMPLETED,2025-01-17 03:07:48
1062,163,2025-08-22 22:27:32,0,14.99,15.06,COMPLETED,2025-02-12 19:28:47
1063,164,2025-06-04 20:22:49,0,28.77,6.81,COMPLETED,2025-11-16 01:45:40
1064,165,2025-04-21 08:52:23,0,17.8,7.33,COMPLETED,2025-03-23 00:31:53
1065,166,2026-01-01 15:04:56,0,43.57,27.98,PENDING,2025-02-08 08:33:49
1066,167,2025-06-11 22:42:09,0,32.14,29.04,COMPLETED,2025-04-16 10:14:04
1067,168,2025-05-14 21:15:52,0,15.41,6.68,COMPLETED,2026-01-03 01:05:05
1068,169,2025-03-01 10:33:37,0,13.37,9.58,COMPLETED,2025-05-29 15:45:11
1069,170,2025-09-22 02:23:51,0,31.72,18.8,COMPLETED,2025-09-16 18:20:16
1070,171,2025-08-21 01:36:00,0,37.25,23.05,CANCELLED,2025-01-30 06:03:43
1071,172,2025-07-14 06:01:42,0,25.15,10.83,COMPLETED,2025-05-19 10:18:55
1072,173,2025-06-05 20:10:44,0,31.9,26.24,COMPLETED,2025-07-13 10:08:02
1073,174,2025-03-02 22:37:35,0,24.29,3.33,COMPLETED,2025-10-07 13:38:13
1074,175,2025-11-05 14:41:58,0,18.62,11.68,COMPLETED,2025-02-26 20:53:15
1075,176,2025-08-28 08:05:08,0,47.8,1.46,PENDING,2025-10-08 21:05:00
1076,177,2025-08-16 23:26:07,0,40.14,16.74,COMPLETED,2025-02-12 10:50:31
1077,178,2025-11-29 02:07:56,0,41.64,14.95,COMPLETED,2025-11-26 22:32:14
1078,179,2026-01-12 00:58:39,0,49.04,23.21,COMPLETED,2025-07-03 09:10:29
1079,180,2025-09-23 11:36:42,0,17.12,17.91,COMPLETED,2025-11-02 06:56:44
1080,181,2025-10-31 08:41:02,0,42.68,8.18,CANCELLED,2025-07-02 07:57:18
1081,182,2025-05-17 05:42:07,0,17.42,9.48,COMPLETED,2025-12-22 13:19:26
1082,183,2025-07-18 15:00:50,0,34.89,15.62,COMPLETED,2025-05-07 22:32:50
1083,184,2025-06-28 02:28:43,0,33.34,18,COMPLETED,2025-03-25 13:05:58
1084,185,2025-07-15 08:51:18,0,18.63,26.28,COMPLETED,2025-05-30 20:13:29
1085,186,2025-10-09 03:19:47,0,41.91,23.68,PENDING,2025-06-05 09:13:14
1086,187,2025-06-16 16:37:01,0,33.63,1.97,COMPLETED,2025-11-10 22:18:08
1087,188,2025-05-03 10:16:21,0,34.85,14.4,COMPLETED,2025-08-24 11:26:51
1088,189,2025-11-22 12:56:55,0,32.71,12.93,COMPLETED,2025-12-30 01:51:06
1089,190,2025-10-21 18:31:57,0,18.87,10.29,COMPLETED,2025-02-20 02:30:48
1090,191,2025-08-03 11:36:48,0,7.1,18.5,CANCELLED,2025-05-14 16:40:30
1091,192,2025-08-03 22:23:50,0,8.03,28.05,COMPLETED,2025-07-14 21:53:48
1092,193,2025-10-02 00:31:50,0,33.68,5.44,COMPLETED,2025-06-20 03:00:20
1093,194,2025-12-10 22:32:02,0,21.42,24.29,COMPLETED,2025-04-04 13:21:54
1094,195,2025-07-24 02:11:16,0,17.65,21.45,COMPLETED,2025-09-04 04:02:19
1095,196,2025-02-04 13:30:28,0,38.94,13.9,PENDING,2025-05-28 16:01:36
1096,197,2025-10-02 13:26:04,0,46.2,21.95,COMPLETED,2025-04-06 09:04:31
1097,198,2025-02-05 01:42:15,0,45.79,21.34,COMPLETED,2025-02-03 08:31:57
1098,199,2025-09-07 06:08:11,0,26.37,9.4,COMPLETED,2025-04-30 13:47:27
1099,200,2025-02-23 10:25:14,0,37.16,4.08,COMPLETED,2025-03-06 05:12:42
1100,201,2025-10-04 21:36:58,0,13.4,22.43,CANCELLED,2025-03-31 20:52:14
1101,202,2026-01-02 05:31:24,0,16.92,5.78,COMPLETED,2025-06-03 03:12:02
1102,203,2025-02-19 23:43:00,0,10.26,12.45,COMPLETED,2025-11-12 20:06:16
1103,204,2025-12-20 18:41:25,0,39.43,16.23,COMPLETED,2025-04-23 13:06:43
1104,205,2025-01-27 05:48:20,0,19.66,13.74,COMPLETED,2025-08-26 12:09:56
1105,206,2025-01-23 01:47:52,0,33.54,13.81,PENDING,2025-05-27 18:43:52
1106,207,2025-12-02 14:14:22,0,24.93,8.91,COMPLETED,2025-01-21 21:01:07
1107,208,2025-12-14 12:40:10,0,45.92,19.42,COMPLETED,2025-04-15 11:52:05
1108,209,2025-07-26 04:50:04,0,24.99,5.22,COMPLETED,2025-01-25 07:05:43
1109,210,2026-01-05 12:30:08,0,32.44,8.03,COMPLETED,2025-11-09 01:12:55
1110,211,2025-12-31 17:01:56,0,10.28,28.23,CANCELLED,2026-01-12 08:27:31
1111,212,2025-05-13 01:27:24,0,15.21,20.37,COMPLETED,2025-09-21 00:00:22
1112,213,2025-03-27 00:31:48,0,37.81,3.54,COMPLETED,2025-03-05 00:16:57
1113,214,2025-09-07 12:11:14,0,29.65,15.18,COMPLETED,2025-08-24 23:55:11
1114,215,2025-05-28 07:27:23,0,5.52,23.17,COMPLETED,2025-12-04 06:15:24
1115,216,2025-11-10 00:28:51,0,41,11.47,PENDING,2025-09-01 16:36:55
1116,217,2025-06-22 07:06:50,0,29.32,4.89,COMPLETED,2025-12-13 19:15:24
1117,218,2025-08-29 01:12:45,0,39.54,27.16,COMPLETED,2025-01-15 10:54:07
1118,219,2025-08-04 04:31:34,0,22.02,12.08,COMPLETED,2025-05-22 15:19:08
1119,220,2025-03-05 01:51:04,0,9.92,28.34,COMPLETED,2025-02-14 02:50:01
1120,221,2025-11-10 21:23:55,0,21.22,25.31,CANCELLED,2025-08-09 12:55:15
1121,222,2025-07-30 01:16:44,0,10.59,4.86,COMPLETED,2025-12-08 00:21:18
1122,223,2025-07-30 14:07:05,0,45.95,3.19,COMPLETED,2025-11-03 01:02:50
1123,224,2025-08-16 09:25:21,0,32.14,16.72,COMPLETED,2025-06-10 12:12:37
1124,225,2025-05-18 01:32:16,0,8.29,3.38,COMPLETED,2025-12-26 14:44:00
1125,226,2025-01-15 12:22:10,0,30.65,9.89,PENDING,2025-10-15 17:07:13
1126,227,2025-12-04 10:01:46,0,26.15,15.69,COMPLETED,2025-10-28 02:06:09
1127,228,2025-05-18 06:04:11,0,24.44,9.67,COMPLETED,2025-03-26 16:55:09
1128,229,2025-08-30 01:18:21,0,32.12,16.55,COMPLETED,2025-05-27 13:49:27
1129,230,2025-02-10 02:21:27,0,27.24,14.41,COMPLETED,2026-01-06 09:17:46
1130,231,2025-08-01 14:02:50,0,14.43,8.98,CANCELLED,2025-04-01 22:41:57
1131,232,2025-08-30 12:30:45,0,24.98,18.05,COMPLETED,2025-12-06 18:07:42
1132,233,2025-08-01 03:45:31,0,25.89,21.06,COMPLETED,2025-03-07 02:17:05
1133,234,2025-05-10 04:29:43,0,16.22,5.55,COMPLETED,2025-10-02 19:29:32
1134,235,2025-03-16 05:46:56,0,20.51,19.51,COMPLETED,2025-12-01 19:24:46
1135,236,2025-06-24 01:38:54,0,24.46,27.07,PENDING,2025-03-17 03:29:17
1136,237,2025-07-09 22:26:16,0,32.52,24.93,COMPLETED,2025-09-12 23:50:39
1137,238,2025-12-08 01:36:05,0,5.19,18.69,COMPLETED,2025-12-04 03:38:57
1138,239,2025-10-01 13:22:48,0,21.07,25.1,COMPLETED,2025-09-01 12:56:45
1139,240,2026-01-07 08:34:44,0,45.25,11,COMPLETED,2025-06-23 01:51:07
1140,241,2025-02-06 11:22:07,0,13.91,2.9,CANCELLED,2025-09-11 22:37:45
1141,242,2025-05-09 12:46:28,0,25.53,3.35,COMPLETED,2025-10-30 19:09:08
1142,243,2025-02-01 16:32:30,0,12.86,22.64,COMPLETED,2025-07-21 16:04:12
1143,244,2025-02-09 05:50:48,0,21.26,25.5,COMPLETED,2025-01-27 00:32:57
1144,245,2025-03-19 13:31:49,0,9.52,4.43,COMPLETED,2025-07-26 02:10:41
1145,246,2025-08-02 07:24:27,0,13.92,7.06,PENDING,2025-04-20 05:12:10
1146,247,2025-03-19 12:48:27,0,28.51,7.4,COMPLETED,2025-05-05 01:08:18
1147,248,2025-11-21 04:06:53,0,27.59,25.31,COMPLETED,2025-04-09 05:12:54
1148,249,2025-06-28 23:00:18,0,36.67,14.09,COMPLETED,2025-10-18 02:29:13
1149,250,2025-02-23 01:41:52,0,49.1,1.88,COMPLETED,2025-07-29 03:02:37
1150,251,2025-04-01 07:10:47,0,30.71,24.61,CANCELLED,2026-01-03 19:30:45
1151,252,2025-09-01 09:29:38,0,25.47,3.06,COMPLETED,2025-12-05 14:58:28
1152,253,2025-07-29 23:38:38,0,47.71,25.17,COMPLETED,2025-07-28 04:03:03
1153,254,2025-12-09 19:05:17,0,29.92,9.5,COMPLETED,2025-04-12 12:14:25
1154,255,2025-04-25 05:35:15,0,17.88,1.88,COMPLETED,2025-03-18 04:57:11
1155,256,2025-01-28 18:21:33,0,46.36,29.04,PENDING,2025-07-18 03:36:38
1156,257,2025-02-26 18:03:38,0,13.88,21.81,COMPLETED,2025-03-21 19:36:31
1157,258,2025-09-10 04:22:42,0,44.38,13.26,COMPLETED,2025-06-05 08:46:27
1158,259,2025-05-12 23:43:59,0,46.96,15.27,COMPLETED,2025-03-22 04:57:56
1159,260,2025-05-19 19:21:30,0,17.6,25.31,COMPLETED,2025-10-03 00:30:56
1160,261,2025-07-24 19:54:36,0,7.44,5.52,CANCELLED,2025-10-18 11:16:00
1161,262,2025-12-23 04:40:40,0,10.91,16.08,COMPLETED,2025-10-08 16:39:23
1162,263,2025-01-17 03:28:39,0,26.67,2.81,COMPLETED,2025-03-10 08:07:16
1163,264,2025-02-19 03:53:23,0,49.88,28.54,COMPLETED,2025-05-15 13:18:15
1164,265,2025-04-07 15:50:12,0,28.93,25.33,COMPLETED,2025-04-30 01:56:11
1165,266,2025-09-14 10:09:50,0,27.21,21.64,PENDING,2025-11-26 11:26:28
1166,267,2025-02-25 14:52:59,0,19.64,9.02,COMPLETED,2025-04-16 02:30:38
1167,268,2025-03-14 23:27:04,0,10.92,1.99,COMPLETED,2025-11-03 13:33:41
1168,269,2025-09-10 14:25:17,0,13.38,2.78,COMPLETED,2026-01-07 11:06:04
1169,270,2025-12-25 02:36:12,0,26.91,22.84,COMPLETED,2025-03-02 09:36:07
1170,271,2025-05-10 09:32:16,0,40.1,20.19,CANCELLED,2025-10-16 20:19:56
1171,272,2025-02-28 22:52:51,0,21.76,8.89,COMPLETED,2025-08-05 03:38:02
1172,273,2025-07-27 13:22:42,0,19.89,16.11,COMPLETED,2025-01-19 17:35:11
1173,274,2025-04-05 22:12:59,0,29.74,12.83,COMPLETED,2025-09-05 22:51:26
1174,275,2025-08-27 07:37:05,0,24.46,29.48,COMPLETED,2025-02-22 16:11:35
1175,276,2025-10-08 20:04:48,0,29.94,14.2,PENDING,2025-09-14 05:57:47
1176,277,2025-05-14 11:12:55,0,10.56,25.95,COMPLETED,2025-01-31 18:33:26
1177,278,2025-07-20 05:16:45,0,36.63,16.46,COMPLETED,2025-08-02 13:26:19
1178,279,2025-09-21 00:55:04,0,27.53,28.49,COMPLETED,2025-10-30 21:06:33
1179,280,2025-03-03 06:29:15,0,49.27,17.52,COMPLETED,2025-09-08 16:19:32
1180,281,2025-05-18 14:04:30,0,40.89,22.13,CANCELLED,2025-06-05 09:43:54
1181,282,2025-05-09 11:36:25,0,24.9,16.81,COMPLETED,2025-04-25 10:06:12
1182,283,2025-06-01 07:36:40,0,6.95,27.2,COMPLETED,2025-09-20 10:44:52
1183,284,2025-12-28 12:28:59,0,14.38,6.76,COMPLETED,2025-09-08 08:49:02
1184,285,2025-02-17 14:06:23,0,28.49,6.53,COMPLETED,2025-09-04 16:13:28
1185,286,2025-12-16 01:37:04,0,41.24,26.76,PENDING,2025-04-05 02:21:37
1186,287,2025-03-15 20:06:42,0,26.11,6.37,COMPLETED,2025-05-24 16:46:05
1187,288,2025-07-02 06:12:07,0,48.99,21.27,COMPLETED,2025-12-30 09:45:26
1188,289,2025-10-20 18:34:21,0,36.97,15.41,COMPLETED,2025-02-02 19:45:04
1189,290,2025-01-14 19:22:22,0,5.03,2.46,COMPLETED,2025-09-30 06:53:26
1190,291,2025-11-12 18:06:22,0,39.37,8.63,CANCELLED,2025-07-05 05:49:35
1191,292,2025-02-14 17:51:20,0,37.93,24.03,COMPLETED,2025-10-26 03:05:17
1192,293,2026-01-04 06:15:08,0,11.24,17.21,COMPLETED,2025-02-03 20:10:10
1193,294,2025-03-31 07:15:39,0,25.6,4.52,COMPLETED,2025-07-18 22:15:04
1194,295,2025-10-07 09:32:16,0,46.11,8.16,COMPLETED,2025-10-26 05:52:24
1195,296,2025-08-12 16:11:34,0,15.98,22.92,PENDING,2025-03-09 14:14:52
1196,297,2025-04-13 04:19:13,0,23.02,8.47,COMPLETED,2025-12-29 19:55:12
1197,298,2025-10-28 09:34:15,0,16.21,19.35,COMPLETED,2025-12-17 20:16:36
1198,299,2025-09-30 09:55:03,0,25.42,26.58,COMPLETED,2025-01-18 07:32:15
1199,300,2025-06-30 23:54:19,0,35.7,29.74,COMPLETED,2025-03-07 14:25:41
1200,1,2025-06-05 06:46:41,0,38.48,17.85,CANCELLED,2025-09-17 01:31:38
1201,2,2025-08-06 23:37:41,0,41.91,16.19,COMPLETED,2025-07-15 16:10:29
1202,3,2025-05-30 09:06:57,0,38.48,5.62,COMPLETED,2025-08-13 23:37:47
1203,4,2025-10-15 10:41:15,0,41.28,4.91,COMPLETED,2025-02-11 10:29:26
1204,5,2025-11-13 16:11:03,0,28.43,17.33,COMPLETED,2025-11-29 15:29:26
1205,6,2025-01-20 10:33:07,0,24.21,9.29,PENDING,2025-09-22 04:14:02
1206,7,2025-06-10 21:48:08,0,24.84,27.92,COMPLETED,2025-09-15 19:13:50
1207,8,2025-11-22 11:55:29,0,10.07,10.92,COMPLETED,2025-02-28 04:22:49
1208,9,2025-05-18 03:16:15,0,42.25,16.59,COMPLETED,2025-03-07 03:53:06
1209,10,2025-12-20 01:55:10,0,17.59,11.02,COMPLETED,2025-08-28 01:30:01
1210,11,2025-11-20 22:05:32,0,23.75,14.16,CANCELLED,2025-07-31 08:19:21
1211,12,2025-12-23 08:00:27,0,39.55,29.74,COMPLETED,2025-08-01 14:09:57
1212,13,2025-01-22 20:26:52,0,25.03,4.11,COMPLETED,2025-07-07 22:31:17
1213,14,2025-12-03 17:44:26,0,17.46,5.72,COMPLETED,2025-10-31 16:38:40
1214,15,2025-11-06 03:51:46,0,27.91,19.81,COMPLETED,2025-06-16 23:37:00
1215,16,2025-02-06 22:27:09,0,43.96,11.77,PENDING,2025-10-02 00:27:02
1216,17,2025-06-18 08:18:38,0,36.35,8.88,COMPLETED,2025-09-22 00:40:16
1217,18,2025-12-12 04:14:42,0,26.61,9.64,COMPLETED,2025-09-22 02:20:26
1218,19,2025-02-05 08:22:35,0,5.75,17.65,COMPLETED,2025-12-30 06:37:25
1219,20,2025-11-02 15:15:29,0,17.45,23.01,COMPLETED,2025-06-20 06:18:51
1220,21,2025-02-23 23:37:51,0,6.59,25.48,CANCELLED,2025-10-13 17:43:46
1221,22,2025-08-23 17:23:49,0,27.71,3.16,COMPLETED,2025-03-11 19:11:51
1222,23,2025-09-11 20:31:51,0,13.38,13.5,COMPLETED,2025-01-14 12:26:10
1223,24,2025-11-20 13:00:19,0,37.25,20.11,COMPLETED,2025-04-26 18:28:01
1224,25,2025-12-02 05:35:51,0,37.64,23.12,COMPLETED,2025-11-22 00:19:01
1225,26,2025-10-14 04:51:20,0,18.01,23.01,PENDING,2025-02-14 16:53:18
1226,27,2025-07-28 09:32:34,0,35.66,17.08,COMPLETED,2025-09-23 21:03:46
1227,28,2025-06-24 23:23:40,0,46.47,23.23,COMPLETED,2025-12-17 15:33:28
1228,29,2025-06-28 07:49:43,0,27.18,24.92,COMPLETED,2025-09-17 03:54:48
1229,30,2025-08-30 16:28:39,0,25.06,4.6,COMPLETED,2025-02-15 16:54:20
1230,31,2025-02-25 01:37:56,0,36.61,9.88,CANCELLED,2025-10-20 05:18:53
1231,32,2025-11-01 18:59:13,0,48.07,1.73,COMPLETED,2025-12-25 02:02:17
1232,33,2025-04-17 08:48:35,0,20.16,6.16,COMPLETED,2025-08-04 08:10:41
1233,34,2025-06-20 13:20:22,0,28.31,14.86,COMPLETED,2025-09-07 21:14:16
1234,35,2025-04-26 14:01:31,0,22.93,17.04,COMPLETED,2025-02-03 04:51:20
1235,36,2025-08-10 08:51:08,0,42.85,27.49,PENDING,2025-02-25 16:25:25
1236,37,2025-05-10 07:07:00,0,16.51,10.27,COMPLETED,2025-07-08 17:32:50
1237,38,2025-11-14 09:00:21,0,40.24,19.13,COMPLETED,2025-01-14 19:17:37
1238,39,2025-08-09 18:31:48,0,8.1,11.82,COMPLETED,2025-08-03 11:54:25
1239,40,2025-10-14 21:08:56,0,40.29,28.9,COMPLETED,2025-10-30 06:24:59
1240,41,2026-01-05 20:05:49,0,37.94,22.65,CANCELLED,2025-11-30 00:47:53
1241,42,2025-08-05 12:25:03,0,16.01,13.15,COMPLETED,2025-10-09 09:55:05
1242,43,2025-02-22 01:51:20,0,22.02,8.7,COMPLETED,2025-03-28 13:23:38
1243,44,2025-09-30 02:00:42,0,6.7,23.91,COMPLETED,2025-06-21 20:48:47
1244,45,2025-01-28 16:18:49,0,33.16,22.67,COMPLETED,2025-09-03 16:03:25
1245,46,2025-04-17 23:59:24,0,34.26,2.36,PENDING,2025-11-11 15:24:13
1246,47,2025-08-17 19:21:22,0,29.78,26.75,COMPLETED,2025-03-22 22:33:08
1247,48,2025-09-24 12:40:10,0,24.81,17,COMPLETED,2025-04-19 22:11:11
1248,49,2025-11-25 23:25:55,0,18.49,2.81,COMPLETED,2025-03-03 09:20:02
1249,50,2025-12-12 06:35:36,0,19.96,5.13,COMPLETED,2025-06-18 21:02:12
1250,51,2025-05-26 17:26:08,0,31.33,10.06,CANCELLED,2025-08-01 23:04:54
1251,52,2025-03-19 16:27:07,0,23.68,17.2,COMPLETED,2025-08-24 22:54:27
1252,53,2025-05-04 16:00:22,0,10.42,24.33,COMPLETED,2025-01-18 09:12:10
1253,54,2025-08-07 09:56:35,0,5.41,11.84,COMPLETED,2025-08-11 03:31:02
1254,55,2025-10-01 13:06:25,0,33.55,28.01,COMPLETED,2025-04-17 13:09:04
1255,56,2025-05-08 04:44:22,0,48.68,29.89,PENDING,2026-01-04 13:21:07
1256,57,2025-05-10 16:37:14,0,19.76,20.2,COMPLETED,2025-08-29 20:40:10
1257,58,2025-08-30 18:24:14,0,46.97,4.84,COMPLETED,2025-06-10 21:48:47
1258,59,2025-10-27 19:01:27,0,7.69,24.45,COMPLETED,2025-06-22 04:30:22
1259,60,2025-12-19 17:19:52,0,32.25,17.13,COMPLETED,2025-12-06 23:25:36
1260,61,2025-05-13 05:30:52,0,36.15,24.16,CANCELLED,2025-04-19 10:40:36
1261,62,2025-08-01 22:50:12,0,46.65,5.61,COMPLETED,2025-08-15 00:36:11
1262,63,2025-02-06 09:48:27,0,49.73,18.61,COMPLETED,2025-04-06 23:23:49
1263,64,2025-09-24 04:27:00,0,11.25,18.17,COMPLETED,2025-09-20 22:07:12
1264,65,2025-02-14 03:59:25,0,48.86,24.84,COMPLETED,2025-11-03 22:55:13
1265,66,2025-09-07 20:49:19,0,36.1,29.37,PENDING,2025-02-16 23:05:40
1266,67,2025-11-07 22:44:43,0,32.59,16.89,COMPLETED,2025-07-14 15:20:18
1267,68,2025-06-02 18:08:46,0,46.85,16.21,COMPLETED,2025-01-30 06:41:08
1268,69,2025-09-15 13:49:24,0,37.85,14.86,COMPLETED,2025-11-24 15:38:24
1269,70,2025-02-20 06:22:24,0,11.99,13.62,COMPLETED,2025-06-03 14:29:32
1270,71,2025-09-17 07:52:32,0,17.13,5.16,CANCELLED,2025-05-12 10:55:05
1271,72,2025-12-17 10:33:57,0,37.61,27.22,COMPLETED,2025-11-28 11:04:42
1272,73,2025-12-30 23:55:16,0,33.38,22.82,COMPLETED,2025-08-15 02:13:02
1273,74,2025-09-26 11:50:39,0,29.05,1.16,COMPLETED,2025-03-08 16:19:25
1274,75,2025-09-23 07:36:02,0,20.59,7.84,COMPLETED,2025-12-20 05:02:49
1275,76,2025-03-07 02:03:17,0,35.76,11.65,PENDING,2025-10-09 11:41:43
1276,77,2025-04-24 00:33:31,0,8.84,27.24,COMPLETED,2025-10-31 22:53:15
1277,78,2025-09-27 08:42:11,0,6.23,27.81,COMPLETED,2025-10-18 23:55:48
1278,79,2025-10-15 15:19:52,0,48.43,26.06,COMPLETED,2025-08-12 19:27:07
1279,80,2025-08-14 02:38:37,0,44.72,1.84,COMPLETED,2025-10-26 10:43:49
1280,81,2025-10-15 18:26:30,0,18.51,27.47,CANCELLED,2025-02-14 18:03:16
1281,82,2025-07-27 11:36:44,0,28.85,24.35,COMPLETED,2025-05-27 09:29:17
1282,83,2025-12-15 17:01:08,0,37.13,6.75,COMPLETED,2025-04-13 20:29:32
1283,84,2025-03-13 02:54:16,0,41.11,26.33,COMPLETED,2025-12-26 20:29:54
1284,85,2025-09-05 07:58:30,0,7.17,26.3,COMPLETED,2025-09-01 07:19:59
1285,86,2025-04-13 17:01:50,0,42.29,11.4,PENDING,2025-10-03 03:18:59
1286,87,2025-06-09 15:09:23,0,32.75,25.15,COMPLETED,2025-04-28 02:33:06
1287,88,2025-08-13 16:08:06,0,6.56,2.9,COMPLETED,2025-06-26 14:06:23
1288,89,2025-05-22 03:02:56,0,11.7,29.29,COMPLETED,2025-09-18 01:43:52
1289,90,2025-10-26 18:33:41,0,12.75,26.9,COMPLETED,2025-03-27 05:38:30
1290,91,2025-03-27 12:36:19,0,9.64,28.58,CANCELLED,2025-11-24 23:40:18
1291,92,2025-03-16 10:02:10,0,40.9,9.14,COMPLETED,2025-06-08 11:22:14
1292,93,2026-01-07 15:22:12,0,38.15,23.78,COMPLETED,2025-11-12 07:44:17
1293,94,2025-04-28 13:38:55,0,22.44,15.29,COMPLETED,2025-03-12 21:39:44
1294,95,2025-02-12 18:50:57,0,38.55,19.1,COMPLETED,2025-02-25 15:48:41
1295,96,2025-06-20 22:36:28,0,44.18,6.26,PENDING,2025-04-24 08:07:55
1296,97,2025-03-04 09:51:47,0,12.81,3.08,COMPLETED,2025-12-24 09:31:48
1297,98,2025-01-22 15:59:27,0,39.49,25.53,COMPLETED,2025-11-17 08:38:40
1298,99,2025-11-18 11:16:36,0,42.06,15.48,COMPLETED,2025-06-14 15:07:51
1299,100,2025-05-29 11:47:41,0,33.77,26.45,COMPLETED,2025-06-04 18:35:26
1300,101,2025-09-05 21:21:27,0,32.81,26.54,CANCELLED,2025-11-26 17:50:52
1301,102,2025-08-11 18:19:27,0,30.13,12.27,COMPLETED,2025-06-21 09:57:43
1302,103,2025-02-20 23:14:40,0,31.97,6.84,COMPLETED,2025-04-04 05:13:59
1303,104,2025-12-27 20:48:39,0,8.35,16.17,COMPLETED,2025-05-16 10:31:56
1304,105,2025-10-03 19:57:43,0,6.02,6.39,COMPLETED,2025-03-25 14:05:29
1305,106,2025-06-21 02:37:11,0,10.69,22.84,PENDING,2025-11-13 14:42:39
1306,107,2025-06-22 13:16:42,0,17.81,22.75,COMPLETED,2025-09-11 13:30:27
1307,108,2026-01-02 17:04:01,0,21.66,14.01,COMPLETED,2025-10-06 04:16:15
1308,109,2025-09-02 04:07:40,0,27.71,1.29,COMPLETED,2025-01-18 04:59:45
1309,110,2025-08-09 07:36:49,0,30.65,9.3,COMPLETED,2025-04-11 21:10:18
1310,111,2025-04-06 03:56:44,0,17.28,25.09,CANCELLED,2026-01-06 00:51:57
1311,112,2025-03-12 08:35:49,0,21.61,24.68,COMPLETED,2025-08-09 19:18:10
1312,113,2025-03-10 11:14:17,0,35.82,12.22,COMPLETED,2025-11-04 02:28:42
1313,114,2025-04-08 18:27:15,0,33.38,23.44,COMPLETED,2025-02-13 22:42:01
1314,115,2025-02-17 22:41:36,0,33.39,14.52,COMPLETED,2025-08-01 23:27:18
1315,116,2025-02-08 10:17:02,0,42.68,25.17,PENDING,2025-10-10 15:26:11
1316,117,2025-12-05 15:03:11,0,14.5,23.19,COMPLETED,2025-07-24 16:29:19
1317,118,2025-05-22 20:35:21,0,41.43,13.16,COMPLETED,2025-12-25 11:58:17
1318,119,2025-09-26 21:49:07,0,5.74,24.85,COMPLETED,2025-08-17 23:16:51
1319,120,2025-07-16 02:55:53,0,30.63,18.18,COMPLETED,2025-08-17 12:34:50
1320,121,2025-01-24 14:26:45,0,11.16,16.32,CANCELLED,2025-03-29 23:35:07
1321,122,2026-01-12 03:53:05,0,15,6.33,COMPLETED,2025-10-07 14:53:07
1322,123,2025-11-24 04:30:16,0,26.42,13.65,COMPLETED,2025-09-04 05:57:42
1323,124,2025-08-17 03:49:59,0,10.4,1.44,COMPLETED,2025-02-27 07:03:45
1324,125,2025-07-20 07:25:01,0,31.82,15.2,COMPLETED,2025-07-19 17:15:02
1325,126,2025-11-08 12:13:50,0,15.62,14.84,PENDING,2025-11-21 21:07:14
1326,127,2025-05-02 04:37:14,0,14.41,18.28,COMPLETED,2025-10-09 09:26:58
1327,128,2025-10-31 14:20:33,0,21.47,10.28,COMPLETED,2025-03-01 01:12:12
1328,129,2025-04-08 01:41:58,0,49.75,8.01,COMPLETED,2025-02-08 02:13:58
1329,130,2025-12-21 18:01:28,0,5.78,16.2,COMPLETED,2025-10-17 07:37:18
1330,131,2025-05-07 08:39:54,0,14.07,25.07,CANCELLED,2025-12-24 12:29:11
1331,132,2025-02-08 04:38:37,0,24.55,27.86,COMPLETED,2025-04-03 17:17:59
1332,133,2025-06-03 13:24:22,0,19.05,26.84,COMPLETED,2025-05-12 03:13:33
1333,134,2025-03-25 06:31:17,0,8.12,16.9,COMPLETED,2025-05-13 07:07:50
1334,135,2025-09-08 12:43:10,0,10.59,2.56,COMPLETED,2025-10-31 06:17:29
1335,136,2025-06-12 09:19:05,0,27.67,5.01,PENDING,2025-02-17 18:16:04
1336,137,2025-07-25 04:48:17,0,35.52,9.34,COMPLETED,2025-07-26 09:55:18
1337,138,2025-11-23 13:58:47,0,29.26,4.38,COMPLETED,2025-11-11 04:08:46
1338,139,2025-03-28 04:07:17,0,19.38,16.6,COMPLETED,2025-12-04 04:56:17
1339,140,2025-05-13 11:38:30,0,23.16,27.72,COMPLETED,2025-09-20 06:05:28
1340,141,2025-07-06 16:56:23,0,26.91,28.13,CANCELLED,2026-01-10 08:55:41
1341,142,2025-08-07 01:03:07,0,44.08,16.75,COMPLETED,2025-12-02 02:28:59
1342,143,2025-11-30 05:32:08,0,18.31,4.8,COMPLETED,2025-05-21 15:24:24
1343,144,2025-07-06 19:54:17,0,34.8,5.14,COMPLETED,2025-11-16 01:32:02
1344,145,2025-02-26 06:37:14,0,10.28,16.06,COMPLETED,2025-12-19 06:41:15
1345,146,2025-01-23 03:41:28,0,6.93,28.57,PENDING,2025-08-16 05:35:30
1346,147,2025-05-27 12:33:54,0,24.29,23.68,COMPLETED,2025-07-23 06:13:38
1347,148,2025-07-24 08:02:44,0,26.14,29.56,COMPLETED,2025-03-02 17:43:24
1348,149,2025-06-04 00:29:06,0,49.52,7,COMPLETED,2026-01-03 22:26:04
1946,147,2025-05-25 03:34:04,0,9.01,25.32,COMPLETED,2025-06-10 01:37:34
1947,148,2025-04-11 19:36:19,0,18.4,16.47,COMPLETED,2025-05-24 16:11:36
1948,149,2025-04-24 01:59:20,0,38.98,27.25,COMPLETED,2025-07-24 03:02:27
1949,150,2025-04-16 16:51:42,0,5.23,25.64,COMPLETED,2025-10-27 03:20:51
1950,151,2025-05-23 18:19:53,0,22.21,10.07,CANCELLED,2025-03-04 04:59:57
1951,152,2025-02-11 12:08:39,0,8.64,8.39,COMPLETED,2025-03-13 07:27:16
1952,153,2025-12-14 03:23:53,0,38.32,18.87,COMPLETED,2025-08-08 10:36:38
1953,154,2025-05-19 12:28:55,0,35.4,26.65,COMPLETED,2025-10-02 19:03:54
1954,155,2025-04-16 19:44:29,0,31.38,20.37,COMPLETED,2025-02-24 01:29:22
1955,156,2025-10-28 01:32:08,0,11.91,7.1,PENDING,2025-08-23 09:42:59
1956,157,2025-03-28 23:47:19,0,41.86,21.79,COMPLETED,2025-06-02 12:59:39
1957,158,2025-04-26 01:30:23,0,42.96,20.42,COMPLETED,2025-11-27 11:13:32
1958,159,2026-01-10 14:26:38,0,24.99,8.73,COMPLETED,2025-10-28 05:50:45
1959,160,2025-01-29 08:38:38,0,33.99,29.21,COMPLETED,2025-04-25 19:01:49
1960,161,2025-03-16 14:07:47,0,25.47,1.76,CANCELLED,2025-08-15 20:09:05
1961,162,2025-01-23 04:06:01,0,23.81,27.65,COMPLETED,2025-07-26 09:47:40
1962,163,2025-09-10 06:38:56,0,30.78,11.42,COMPLETED,2025-01-30 06:27:41
1963,164,2025-11-15 16:10:47,0,7.69,18.48,COMPLETED,2025-08-06 06:11:02
1964,165,2025-10-31 03:36:46,0,6.33,14.88,COMPLETED,2025-05-25 01:42:53
1965,166,2025-02-10 01:16:06,0,46.61,28.98,PENDING,2025-12-12 05:54:22
1966,167,2025-11-06 06:11:04,0,44.72,19.59,COMPLETED,2025-06-04 09:11:24
1967,168,2025-09-18 00:37:24,0,43.59,29.95,COMPLETED,2025-06-17 21:56:06
1968,169,2025-12-28 12:46:30,0,36.22,9.61,COMPLETED,2025-11-06 17:42:00
1969,170,2025-06-18 09:33:34,0,10.81,25.87,COMPLETED,2025-11-23 18:30:06
1970,171,2025-08-22 19:41:57,0,8.43,17.51,CANCELLED,2025-02-27 05:45:01
1971,172,2025-02-17 16:31:38,0,17.27,17.35,COMPLETED,2025-10-29 06:07:14
1972,173,2025-07-24 00:28:08,0,38.53,25.59,COMPLETED,2025-02-25 21:58:34
1973,174,2025-06-19 09:55:42,0,47.2,24.34,COMPLETED,2026-01-07 08:22:41
1974,175,2025-09-11 15:43:49,0,35.02,1.62,COMPLETED,2025-09-27 16:47:16
1975,176,2025-10-04 05:02:30,0,46.28,2.17,PENDING,2025-08-26 07:29:17
1976,177,2025-10-07 10:22:41,0,34.53,4.98,COMPLETED,2025-04-21 13:48:13
1977,178,2025-11-04 16:10:37,0,25.72,17.65,COMPLETED,2025-06-10 11:22:34
1978,179,2025-12-05 00:06:02,0,7.15,15.95,COMPLETED,2025-03-17 05:51:35
1979,180,2025-11-01 17:41:44,0,28.8,9.48,COMPLETED,2025-05-17 18:43:02
1980,181,2025-05-28 23:45:18,0,27,15.24,CANCELLED,2025-02-22 22:36:57
1981,182,2025-03-29 00:31:54,0,41.14,18.03,COMPLETED,2025-08-27 16:34:10
1982,183,2025-09-03 03:26:38,0,19.32,14.83,COMPLETED,2025-03-10 02:39:55
1983,184,2025-12-26 12:40:56,0,45.41,16.05,COMPLETED,2025-05-17 18:08:29
1984,185,2025-04-20 20:21:10,0,36.79,18.62,COMPLETED,2025-12-09 20:46:06
1985,186,2025-04-20 15:42:02,0,11.21,24.21,PENDING,2025-06-15 12:38:01
1986,187,2025-03-29 19:55:09,0,21.36,21.54,COMPLETED,2025-04-08 15:41:17
1987,188,2025-07-26 15:42:19,0,9.38,20.51,COMPLETED,2025-01-26 03:32:57
1988,189,2025-11-16 17:09:33,0,28.05,6.29,COMPLETED,2025-12-17 17:38:14
1989,190,2025-04-25 04:50:03,0,33.24,23.07,COMPLETED,2025-05-29 01:53:10
1990,191,2025-01-22 17:36:11,0,32.64,17.76,CANCELLED,2025-10-18 16:55:24
1991,192,2025-09-04 00:15:53,0,9.19,8.31,COMPLETED,2025-03-13 08:31:03
1992,193,2025-04-12 21:30:55,0,10.55,27.68,COMPLETED,2025-02-07 21:27:37
1993,194,2025-05-14 18:38:02,0,9.17,7.91,COMPLETED,2025-08-12 07:44:18
1994,195,2025-03-08 03:29:30,0,13.97,19.99,COMPLETED,2025-10-09 04:18:04
1995,196,2025-02-18 16:26:36,0,16.69,10.97,PENDING,2025-07-08 08:40:03
1996,197,2025-03-16 03:56:22,0,34.66,27.62,COMPLETED,2025-04-08 05:34:50
1997,198,2025-07-05 05:43:57,0,17.6,9.3,COMPLETED,2025-04-30 02:01:12
1998,199,2025-09-17 18:42:57,0,13.34,10.51,COMPLETED,2025-12-10 04:01:46
1999,200,2025-10-20 09:13:11,0,7.35,13.12,COMPLETED,2025-06-27 05:29:55
2000,201,2025-07-19 06:29:37,0,33.28,21.19,CANCELLED,2025-11-24 22:24:12
