ORDER_ITEM_ID,ORDER_ID,PRODUCT_ID,QUANTITY,UNIT_PRICE
1,2,2,2,103.17
2,3,3,3,456.32
3,4,4,4,199.17
4,5,5,5,14.22
5,6,6,1,358.65
6,7,7,2,420.24
7,8,8,3,172.99
8,9,9,4,314.38
9,10,10,5,444.81
10,11,11,1,61.35
11,12,12,2,80.75
12,13,13,3,404.55
13,14,14,4,143.88
14,15,15,5,252.92
15,16,16,1,11.42
16,17,17,2,443.12
17,18,18,3,192.78
18,19,19,4,273.75
19,20,20,5,277.29
20,21,21,1,46.77
21,22,22,2,161.24
22,23,23,3,131.57
23,24,24,4,20.68
24,25,25,5,449.97
25,26,26,1,81.06
26,27,27,2,331.46
27,28,28,3,484.44
28,29,29,4,176.36
29,30,30,5,415.53
30,31,31,1,182.10
31,32,32,2,203.69
32,33,33,3,54.45
33,34,34,4,93.67
34,35,35,5,367.65
35,36,36,1,267.48
36,37,37,2,275.64
37,38,38,3,253.20
38,39,39,4,132.81
39,40,40,5,200.31
40,41,41,1,212.27
41,42,42,2,198.53
42,43,43,3,220.96
43,44,44,4,261.07
44,45,45,5,301.00
45,46,46,1,343.77
46,47,47,2,172.19
47,48,48,3,487.98
48,49,49,4,306.01
49,50,50,5,299.36
50,51,51,1,482.05
51,52,52,2,315.02
52,53,53,3,399.82
53,54,54,4,439.46
54,55,55,5,361.86
55,56,56,1,25.34
56,57,57,2,174.23
57,58,58,3,287.79
58,59,59,4,183.61
59,60,60,5,180.57
60,61,61,1,274.18
61,62,62,2,102.34
62,63,63,3,366.68
63,64,64,4,358.83
64,65,65,5,38.47
65,66,66,1,419.00
66,67,67,2,338.23
67,68,68,3,180.19
68,69,69,4,387.08
69,70,70,5,375.73
70,71,71,1,201.73
71,72,72,2,155.39
72,73,73,3,381.32
73,74,74,4,484.71
74,75,75,5,38.36
75,76,76,1,337.78
76,77,77,2,495.02
77,78,78,3,293.76
78,79,79,4,498.66
79,80,80,5,255.98
80,81,81,1,370.43
81,82,82,2,313.52
82,83,83,3,299.46
83,84,84,4,76.17
84,85,85,5,354.99
85,86,86,1,43.96
86,87,87,2,219.03
87,88,88,3,218.68
88,89,89,4,371.45
89,90,90,5,51.26
90,91,91,1,438.05
91,92,92,2,49.82
92,93,93,3,345.54
93,94,94,4,489.49
94,95,95,5,59.14
95,96,96,1,240.75
96,97,97,2,117.53
97,98,98,3,59.19
98,99,99,4,431.26
99,100,100,5,188.08
100,101,101,1,219.50
101,102,102,2,363.92
102,103,103,3,143.38
103,104,104,4,187.33
104,105,105,5,284.07
105,106,106,1,20.41
106,107,107,2,152.80
107,108,108,3,394.83
108,109,109,4,233.22
109,110,110,5,360.52
110,111,111,1,271.32
111,112,112,2,44.65
112,113,113,3,101.30
113,114,114,4,473.07
114,115,115,5,246.75
115,116,116,1,129.18
116,117,117,2,136.30
117,118,118,3,85.71
118,119,119,4,77.51
119,120,120,5,399.93
120,121,121,1,460.26
121,122,122,2,276.28
122,123,123,3,220.02
123,124,124,4,232.62
124,125,125,5,365.22
125,126,126,1,250.87
126,127,127,2,386.14
127,128,128,3,488.85
128,129,129,4,43.90
129,130,130,5,459.62
130,131,131,1,25.86
131,132,132,2,214.52
132,133,133,3,157.68
133,134,134,4,142.04
134,135,135,5,433.31
135,136,136,1,154.50
136,137,137,2,323.93
137,138,138,3,442.26
138,139,139,4,461.01
139,140,140,5,88.21
140,141,141,1,394.48
141,142,142,2,480.36
142,143,143,3,253.33
143,144,144,4,462.76
144,145,145,5,24.33
145,146,146,1,184.80
146,147,147,2,169.00
147,148,148,3,471.84
148,149,149,4,75.20
149,150,150,5,126.64
150,151,151,1,140.67
151,152,152,2,77.79
152,153,153,3,325.47
153,154,154,4,151.28
154,155,155,5,410.71
155,156,156,1,84.73
156,157,157,2,114.79
157,158,158,3,29.51
158,159,159,4,176.18
159,160,160,5,317.97
160,161,161,1,470.03
161,162,162,2,168.66
162,163,163,3,109.35
163,164,164,4,380.89
164,165,165,5,492.56
165,166,166,1,204.63
166,167,167,2,189.15
167,168,168,3,415.24
168,169,169,4,415.33
169,170,170,5,207.75
170,171,171,1,207.39
171,172,172,2,30.78
172,173,173,3,66.07
173,174,174,4,320.84
174,175,175,5,362.68
175,176,176,1,474.59
176,177,177,2,451.08
177,178,178,3,379.01
178,179,179,4,204.46
179,180,180,5,430.42
180,181,181,1,367.51
181,182,182,2,26.81
182,183,183,3,66.64
183,184,184,4,359.37
184,185,185,5,110.90
185,186,186,1,426.57
186,187,187,2,289.25
187,188,188,3,262.46
188,189,189,4,161.55
189,190,190,5,109.49
190,191,191,1,462.46
191,192,192,2,293.97
192,193,193,3,110.92
193,194,194,4,70.36
194,195,195,5,459.11
195,196,196,1,387.03
196,197,197,2,184.99
197,198,198,3,432.48
198,199,199,4,377.99
199,200,200,5,429.66
200,201,1,1,382.56
201,202,2,2,366.38
202,203,3,3,492.61
203,204,4,4,131.27
204,205,5,5,437.48
205,206,6,1,493.36
206,207,7,2,52.38
207,208,8,3,276.55
208,209,9,4,30.29
209,210,10,5,115.17
210,211,11,1,15.15
211,212,12,2,472.30
212,213,13,3,46.33
213,214,14,4,232.82
214,215,15,5,177.33
215,216,16,1,80.94
216,217,17,2,95.23
217,218,18,3,388.60
218,219,19,4,143.36
219,220,20,5,154.11
220,221,21,1,304.12
221,222,22,2,151.61
222,223,23,3,209.20
223,224,24,4,26.26
224,225,25,5,268.11
225,226,26,1,166.49
226,227,27,2,407.81
227,228,28,3,241.06
228,229,29,4,253.32
229,230,30,5,240.68
230,231,31,1,404.25
231,232,32,2,333.64
232,233,33,3,245.40
233,234,34,4,197.08
234,235,35,5,61.69
235,236,36,1,304.99
236,237,37,2,20.17
237,238,38,3,109.02
238,239,39,4,135.92
239,240,40,5,131.19
240,241,41,1,41.74
241,242,42,2,294.39
242,243,43,3,234.76
243,244,44,4,197.88
244,245,45,5,332.30
245,246,46,1,139.80
246,247,47,2,364.90
247,248,48,3,196.15
248,249,49,4,448.96
249,250,50,5,102.46
250,251,51,1,41.15
251,252,52,2,479.11
252,253,53,3,84.10
253,254,54,4,87.19
254,255,55,5,445.92
255,256,56,1,150.67
256,257,57,2,32.88
257,258,58,3,400.42
258,259,59,4,362.32
259,260,60,5,190.80
260,261,61,1,234.03
261,262,62,2,446.63
262,263,63,3,110.19
263,264,64,4,265.69
264,265,65,5,302.25
265,266,66,1,66.83
266,267,67,2,277.29
267,268,68,3,56.50
268,269,69,4,331.84
269,270,70,5,303.25
270,271,71,1,202.13
271,272,72,2,126.97
272,273,73,3,182.99
273,274,74,4,368.12
274,275,75,5,341.99
275,276,76,1,136.43
276,277,77,2,281.41
277,278,78,3,74.10
278,279,79,4,212.41
279,280,80,5,217.07
280,281,81,1,258.95
281,282,82,2,438.96
282,283,83,3,220.17
283,284,84,4,327.42
284,285,85,5,317.87
285,286,86,1,350.17
286,287,87,2,474.31
287,288,88,3,268.27
288,289,89,4,97.50
289,290,90,5,414.01
290,291,91,1,485.79
291,292,92,2,244.20
292,293,93,3,55.65
293,294,94,4,236.11
294,295,95,5,386.88
295,296,96,1,333.99
296,297,97,2,351.22
297,298,98,3,12.05
298,299,99,4,244.38
299,300,100,5,164.14
300,301,101,1,433.05
301,302,102,2,67.03
302,303,103,3,313.12
303,304,104,4,131.95
304,305,105,5,460.58
305,306,106,1,373.14
306,307,107,2,115.54
307,308,108,3,355.51
308,309,109,4,151.29
309,310,110,5,158.33
310,311,111,1,357.74
311,312,112,2,281.83
312,313,113,3,339.38
313,314,114,4,82.49
314,315,115,5,18.22
315,316,116,1,51.90
316,317,117,2,296.81
317,318,118,3,84.50
318,319,119,4,33.96
319,320,120,5,389.75
320,321,121,1,470.84
321,322,122,2,263.08
322,323,123,3,290.70
323,324,124,4,377.49
324,325,125,5,39.36
325,326,126,1,89.01
326,327,127,2,450.96
327,328,128,3,34.21
328,329,129,4,370.17
329,330,130,5,86.37
330,331,131,1,290.57
331,332,132,2,214.46
332,333,133,3,131.14
333,334,134,4,25.53
334,335,135,5,339.02
335,336,136,1,219.54
336,337,137,2,312.09
337,338,138,3,325.71
338,339,139,4,182.92
339,340,140,5,459.16
340,341,141,1,498.50
341,342,142,2,332.05
342,343,143,3,50.10
343,344,144,4,426.88
344,345,145,5,486.50
345,346,146,1,494.01
346,347,147,2,286.10
347,348,148,3,342.46
348,349,149,4,310.61
349,350,150,5,410.84
350,351,151,1,223.74
351,352,152,2,322.07
352,353,153,3,265.14
353,354,154,4,35.08
354,355,155,5,41.64
355,356,156,1,462.41
356,357,157,2,146.05
357,358,158,3,264.08
358,359,159,4,156.16
359,360,160,5,330.75
360,361,161,1,449.51
361,362,162,2,396.11
362,363,163,3,69.97
363,364,164,4,272.43
364,365,165,5,173.86
365,366,166,1,196.76
366,367,167,2,491.37
367,368,168,3,151.47
368,369,169,4,398.20
369,370,170,5,191.14
370,371,171,1,11.06
371,372,172,2,295.31
372,373,173,3,406.55
373,374,174,4,74.06
374,375,175,5,316.63
375,376,176,1,457.34
376,377,177,2,257.09
377,378,178,3,76.81
378,379,179,4,219.95
379,380,180,5,339.98
380,381,181,1,489.86
381,382,182,2,174.70
382,383,183,3,346.28
383,384,184,4,135.31
384,385,185,5,111.45
385,386,186,1,322.21
386,387,187,2,176.87
387,388,188,3,267.18
388,389,189,4,279.62
389,390,190,5,485.18
390,391,191,1,50.29
391,392,192,2,261.60
392,393,193,3,221.81
393,394,194,4,242.89
394,395,195,5,231.59
395,396,196,1,172.36
396,397,197,2,28.81
397,398,198,3,41.47
398,399,199,4,78.35
399,400,200,5,384.70
400,401,1,1,185.15
401,402,2,2,287.17
402,403,3,3,137.77
403,404,4,4,217.17
404,405,5,5,474.90
405,406,6,1,40.36
406,407,7,2,279.41
407,408,8,3,22.23
408,409,9,4,101.89
409,410,10,5,251.59
410,411,11,1,302.39
411,412,12,2,135.91
412,413,13,3,428.78
413,414,14,4,492.44
414,415,15,5,456.06
415,416,16,1,60.96
416,417,17,2,218.32
417,418,18,3,236.84
418,419,19,4,39.62
419,420,20,5,443.48
420,421,21,1,181.94
421,422,22,2,41.65
422,423,23,3,403.07
423,424,24,4,120.01
424,425,25,5,424.03
425,426,26,1,232.65
426,427,27,2,457.67
427,428,28,3,425.37
428,429,29,4,105.53
429,430,30,5,384.98
430,431,31,1,342.04
431,432,32,2,432.24
432,433,33,3,353.98
433,434,34,4,347.72
434,435,35,5,57.14
435,436,36,1,464.76
436,437,37,2,205.06
437,438,38,3,125.69
438,439,39,4,147.54
439,440,40,5,203.35
440,441,41,1,73.80
441,442,42,2,469.26
442,443,43,3,393.09
443,444,44,4,208.39
444,445,45,5,477.63
445,446,46,1,496.35
446,447,47,2,312.56
447,448,48,3,430.13
448,449,49,4,469.73
449,450,50,5,261.21
450,451,51,1,115.84
451,452,52,2,200.76
452,453,53,3,73.12
453,454,54,4,471.42
454,455,55,5,494.71
455,456,56,1,109.18
456,457,57,2,19.82
457,458,58,3,95.44
458,459,59,4,142.54
459,460,60,5,80.43
460,461,61,1,415.35
461,462,62,2,121.46
462,463,63,3,444.47
463,464,64,4,445.87
464,465,65,5,99.31
465,466,66,1,349.53
466,467,67,2,100.67
467,468,68,3,133.84
468,469,69,4,118.14
469,470,70,5,103.60
470,471,71,1,254.31
471,472,72,2,282.11
472,473,73,3,206.10
473,474,74,4,422.71
474,475,75,5,151.87
475,476,76,1,159.57
476,477,77,2,38.00
477,478,78,3,215.63
478,479,79,4,50.14
479,480,80,5,393.76
480,481,81,1,483.86
481,482,82,2,73.51
482,483,83,3,126.13
483,484,84,4,168.65
484,485,85,5,356.40
485,486,86,1,336.75
486,487,87,2,41.42
487,488,88,3,363.80
488,489,89,4,433.16
489,490,90,5,189.68
490,491,91,1,45.19
491,492,92,2,120.41
492,493,93,3,237.15
493,494,94,4,92.01
494,495,95,5,149.21
495,496,96,1,163.11
496,497,97,2,318.80
497,498,98,3,483.76
498,499,99,4,332.23
499,500,100,5,95.76
500,501,101,1,99.95
501,502,102,2,66.87
502,503,103,3,212.24
503,504,104,4,175.83
504,505,105,5,183.91
505,506,106,1,257.71
506,507,107,2,350.33
507,508,108,3,101.12
508,509,109,4,187.06
509,510,110,5,44.85
510,511,111,1,492.94
511,512,112,2,493.68
512,513,113,3,158.95
513,514,114,4,258.66
514,515,115,5,239.08
515,516,116,1,271.75
516,517,117,2,448.21
517,518,118,3,475.90
518,519,119,4,309.66
519,520,120,5,32.47
520,521,121,1,39.21
521,522,122,2,135.86
522,523,123,3,244.25
523,524,124,4,345.29
524,525,125,5,185.61
525,526,126,1,393.52
526,527,127,2,435.22
527,528,128,3,24.90
528,529,129,4,406.46
529,530,130,5,474.11
530,531,131,1,245.33
531,532,132,2,127.95
532,533,133,3,272.50
533,534,134,4,252.38
534,535,135,5,69.60
535,536,136,1,167.77
536,537,137,2,321.22
537,538,138,3,466.45
538,539,139,4,259.77
539,540,140,5,43.46
540,541,141,1,371.60
541,542,142,2,34.37
542,543,143,3,357.48
543,544,144,4,92.10
544,545,145,5,438.34
545,546,146,1,274.26
546,547,147,2,382.16
547,548,148,3,185.36
548,549,149,4,67.91
549,550,150,5,448.88
550,551,151,1,185.58
551,552,152,2,348.01
552,553,153,3,119.61
553,554,154,4,76.48
554,555,155,5,431.05
555,556,156,1,275.56
556,557,157,2,450.39
557,558,158,3,147.46
558,559,159,4,190.73
559,560,160,5,90.38
560,561,161,1,231.82
561,562,162,2,95.66
562,563,163,3,219.08
563,564,164,4,449.56
564,565,165,5,287.23
565,566,166,1,62.54
566,567,167,2,161.46
567,568,168,3,470.16
568,569,169,4,225.12
569,570,170,5,488.84
570,571,171,1,305.21
571,572,172,2,319.81
572,573,173,3,10.26
573,574,174,4,167.14
574,575,175,5,114.57
575,576,176,1,467.56
576,577,177,2,400.12
577,578,178,3,126.40
578,579,179,4,30.65
579,580,180,5,243.51
580,581,181,1,342.40
581,582,182,2,120.79
582,583,183,3,362.91
583,584,184,4,26.08
584,585,185,5,50.59
585,586,186,1,176.38
586,587,187,2,393.51
587,588,188,3,222.89
588,589,189,4,389.84
589,590,190,5,250.33
590,591,191,1,248.15
591,592,192,2,53.03
592,593,193,3,62.11
593,594,194,4,468.85
594,595,195,5,483.01
595,596,196,1,158.84
596,597,197,2,86.91
597,598,198,3,18.93
598,599,199,4,62.27
599,600,200,5,163.46
600,601,1,1,263.11
601,602,2,2,187.36
602,603,3,3,495.17
603,604,4,4,68.17
604,605,5,5,116.02
605,606,6,1,290.15
606,607,7,2,315.57
607,608,8,3,19.73
608,609,9,4,192.88
609,610,10,5,451.70
610,611,11,1,19.07
611,612,12,2,292.79
612,613,13,3,258.26
613,614,14,4,53.64
614,615,15,5,106.45
615,616,16,1,272.40
616,617,17,2,262.04
617,618,18,3,112.59
618,619,19,4,172.45
619,620,20,5,177.07
620,621,21,1,302.87
621,622,22,2,399.61
622,623,23,3,23.20
623,624,24,4,277.23
624,625,25,5,457.69
625,626,26,1,288.22
626,627,27,2,468.65
627,628,28,3,87.17
628,629,29,4,176.08
629,630,30,5,166.84
630,631,31,1,131.02
631,632,32,2,163.23
632,633,33,3,303.76
633,634,34,4,25.82
634,635,35,5,301.68
635,636,36,1,448.42
636,637,37,2,400.94
637,638,38,3,178.48
638,639,39,4,35.81
639,640,40,5,233.47
640,641,41,1,128.08
641,642,42,2,402.58
642,643,43,3,15.68
643,644,44,4,148.10
644,645,45,5,293.97
645,646,46,1,344.60
646,647,47,2,315.43
647,648,48,3,314.15
648,649,49,4,81.43
649,650,50,5,155.46
650,651,51,1,325.91
651,652,52,2,379.78
652,653,53,3,408.54
653,654,54,4,75.46
654,655,55,5,430.69
655,656,56,1,220.80
656,657,57,2,465.59
657,658,58,3,463.82
658,659,59,4,145.34
659,660,60,5,282.09
660,661,61,1,446.98
661,662,62,2,436.59
662,663,63,3,172.96
663,664,64,4,486.64
664,665,65,5,467.52
665,666,66,1,310.75
666,667,67,2,241.20
667,668,68,3,159.20
668,669,69,4,222.12
669,670,70,5,132.26
670,671,71,1,495.87
671,672,72,2,380.12
672,673,73,3,15.16
673,674,74,4,178.12
674,675,75,5,315.17
675,676,76,1,96.84
676,677,77,2,244.21
677,678,78,3,328.63
678,679,79,4,91.38
679,680,80,5,39.12
680,681,81,1,433.68
681,682,82,2,294.56
682,683,83,3,456.95
683,684,84,4,84.62
684,685,85,5,232.30
685,686,86,1,61.70
686,687,87,2,374.03
687,688,88,3,269.35
688,689,89,4,479.65
689,690,90,5,437.03
690,691,91,1,230.51
691,692,92,2,347.92
692,693,93,3,115.06
693,694,94,4,198.77
694,695,95,5,220.11
695,696,96,1,95.60
696,697,97,2,213.33
697,698,98,3,246.88
698,699,99,4,297.30
699,700,100,5,16.09
700,701,101,1,466.86
701,702,102,2,311.30
702,703,103,3,194.27
703,704,104,4,86.60
704,705,105,5,323.58
705,706,106,1,141.08
706,707,107,2,466.61
707,708,108,3,152.75
708,709,109,4,394.09
709,710,110,5,22.06
710,711,111,1,249.92
711,712,112,2,399.27
712,713,113,3,258.39
713,714,114,4,102.29
714,715,115,5,356.71
715,716,116,1,179.28
716,717,117,2,488.29
717,718,118,3,46.99
718,719,119,4,255.99
719,720,120,5,447.16
720,721,121,1,247.78
721,722,122,2,461.71
722,723,123,3,497.12
723,724,124,4,327.18
724,725,125,5,321.03
725,726,126,1,215.98
726,727,127,2,465.71
727,728,128,3,218.50
728,729,129,4,415.00
729,730,130,5,112.47
730,731,131,1,102.92
731,732,132,2,211.07
732,733,133,3,139.93
733,734,134,4,275.64
734,735,135,5,115.72
735,736,136,1,257.26
736,737,137,2,425.64
737,738,138,3,423.56
738,739,139,4,227.37
739,740,140,5,126.39
740,741,141,1,73.77
741,742,142,2,123.95
742,743,143,3,168.62
743,744,144,4,238.03
744,745,145,5,39.32
745,746,146,1,87.22
746,747,147,2,27.21
747,748,148,3,103.35
748,749,149,4,235.76
749,750,150,5,466.11
750,751,151,1,42.76
751,752,152,2,451.11
752,753,153,3,208.59
753,754,154,4,294.42
754,755,155,5,333.27
755,756,156,1,287.89
756,757,157,2,27.28
757,758,158,3,159.98
758,759,159,4,295.09
759,760,160,5,238.58
760,761,161,1,243.55
761,762,162,2,69.54
762,763,163,3,353.82
763,764,164,4,34.02
764,765,165,5,287.71
765,766,166,1,355.64
766,767,167,2,156.53
767,768,168,3,184.03
768,769,169,4,25.86
769,770,170,5,84.08
770,771,171,1,295.67
771,772,172,2,62.06
772,773,173,3,160.94
773,774,174,4,414.61
774,775,175,5,185.20
775,776,176,1,277.10
776,777,177,2,48.93
777,778,178,3,24.33
778,779,179,4,420.54
779,780,180,5,56.79
780,781,181,1,182.08
781,782,182,2,498.47
782,783,183,3,169.60
783,784,184,4,123.59
784,785,185,5,396.89
785,786,186,1,426.19
786,787,187,2,488.96
787,788,188,3,157.20
788,789,189,4,425.62
789,790,190,5,400.81
790,791,191,1,485.84
791,792,192,2,169.20
792,793,193,3,483.10
793,794,194,4,81.19
794,795,195,5,150.41
795,796,196,1,351.47
796,797,197,2,469.59
797,798,198,3,315.15
798,799,199,4,412.06
799,800,200,5,55.17
800,801,1,1,161.30
801,802,2,2,312.88
802,803,3,3,155.41
803,804,4,4,386.70
804,805,5,5,380.72
805,806,6,1,217.96
806,807,7,2,228.20
807,808,8,3,247.52
808,809,9,4,308.75
809,810,10,5,253.80
810,811,11,1,334.68
811,812,12,2,199.36
812,813,13,3,158.45
813,814,14,4,454.69
814,815,15,5,352.17
815,816,16,1,140.44
816,817,17,2,485.73
817,818,18,3,342.78
818,819,19,4,181.22
819,820,20,5,213.33
820,821,21,1,256.45
821,822,22,2,142.37
822,823,23,3,343.23
823,824,24,4,498.96
824,825,25,5,155.26
825,826,26,1,436.09
826,827,27,2,403.53
827,828,28,3,130.54
828,829,29,4,229.76
829,830,30,5,97.26
830,831,31,1,322.27
831,832,32,2,200.23
832,833,33,3,327.21
833,834,34,4,75.95
834,835,35,5,433.49
835,836,36,1,62.80
836,837,37,2,216.43
837,838,38,3,387.81
838,839,39,4,361.11
839,840,40,5,205.63
840,841,41,1,180.00
841,842,42,2,323.64
842,843,43,3,346.56
843,844,44,4,84.07
844,845,45,5,355.50
845,846,46,1,338.02
846,847,47,2,299.63
847,848,48,3,468.84
848,849,49,4,413.97
849,850,50,5,321.64
850,851,51,1,64.80
851,852,52,2,226.04
852,853,53,3,447.52
853,854,54,4,255.29
854,855,55,5,54.13
855,856,56,1,306.56
856,857,57,2,248.97
857,858,58,3,58.95
858,859,59,4,17.24
859,860,60,5,110.48
860,861,61,1,305.21
861,862,62,2,50.47
862,863,63,3,437.75
863,864,64,4,135.95
864,865,65,5,319.75
865,866,66,1,268.17
866,867,67,2,252.16
867,868,68,3,364.88
868,869,69,4,342.50
869,870,70,5,213.28
870,871,71,1,336.07
871,872,72,2,165.73
872,873,73,3,166.42
873,874,74,4,27.79
874,875,75,5,287.40
875,876,76,1,111.96
876,877,77,2,470.39
877,878,78,3,142.86
878,879,79,4,467.79
879,880,80,5,69.23
880,881,81,1,257.72
881,882,82,2,458.33
882,883,83,3,346.58
883,884,84,4,177.28
884,885,85,5,342.54
885,886,86,1,366.40
886,887,87,2,496.79
887,888,88,3,76.17
888,889,89,4,124.90
889,890,90,5,440.73
890,891,91,1,163.28
891,892,92,2,21.64
892,893,93,3,428.28
893,894,94,4,298.85
894,895,95,5,331.58
895,896,96,1,489.75
896,897,97,2,91.80
897,898,98,3,98.72
898,899,99,4,438.96
899,900,100,5,198.01
900,901,101,1,51.29
901,902,102,2,135.70
902,903,103,3,134.57
903,904,104,4,80.38
904,905,105,5,339.42
905,906,106,1,342.20
906,907,107,2,328.00
907,908,108,3,417.91
908,909,109,4,388.15
909,910,110,5,21.93
910,911,111,1,365.79
911,912,112,2,496.69
912,913,113,3,17.28
913,914,114,4,353.82
914,915,115,5,277.76
915,916,116,1,147.76
916,917,117,2,406.87
917,918,118,3,434.53
918,919,119,4,202.13
919,920,120,5,434.65
920,921,121,1,208.90
921,922,122,2,405.43
922,923,123,3,376.52
923,924,124,4,270.78
924,925,125,5,12.13
925,926,126,1,167.65
926,927,127,2,155.48
927,928,128,3,248.22
928,929,129,4,116.51
929,930,130,5,226.35
930,931,131,1,299.96
931,932,132,2,21.68
932,933,133,3,268.56
933,934,134,4,102.36
934,935,135,5,139.62
935,936,136,1,97.14
936,937,137,2,300.53
937,938,138,3,174.58
938,939,139,4,95.20
939,940,140,5,230.69
940,941,141,1,378.33
941,942,142,2,362.58
942,943,143,3,72.86
943,944,144,4,132.17
944,945,145,5,294.55
945,946,146,1,431.04
946,947,147,2,159.40
947,948,148,3,335.16
948,949,149,4,233.39
949,950,150,5,33.71
950,951,151,1,424.40
951,952,152,2,290.70
952,953,153,3,494.15
953,954,154,4,315.48
954,955,155,5,458.79
955,956,156,1,53.43
956,957,157,2,293.35
957,958,158,3,280.05
958,959,159,4,318.60
959,960,160,5,445.93
960,961,161,1,68.55
961,962,162,2,127.96
962,963,163,3,429.60
963,964,164,4,156.71
964,965,165,5,114.29
965,966,166,1,495.41
966,967,167,2,93.83
967,968,168,3,307.81
968,969,169,4,28.40
969,970,170,5,362.96
970,971,171,1,368.45
971,972,172,2,285.20
972,973,173,3,297.11
973,974,174,4,264.99
974,975,175,5,66.82
975,976,176,1,493.45
976,977,177,2,336.47
977,978,178,3,35.92
978,979,179,4,105.94
979,980,180,5,235.52
980,981,181,1,191.36
981,982,182,2,79.88
982,983,183,3,38.92
983,984,184,4,110.66
984,985,185,5,41.83
985,986,186,1,258.76
986,987,187,2,65.11
987,988,188,3,61.91
988,989,189,4,372.41
989,990,190,5,448.22
990,991,191,1,43.07
991,992,192,2,359.08
992,993,193,3,292.55
993,994,194,4,24.79
994,995,195,5,377.40
995,996,196,1,482.61
996,997,197,2,357.99
997,998,198,3,156.69
998,999,199,4,429.98
999,1000,200,5,312.95
1000,1001,1,1,293.99
1001,1002,2,2,27.85
1002,1003,3,3,120.36
1003,1004,4,4,30.50
1004,1005,5,5,288.70
1005,1006,6,1,481.22
1006,1007,7,2,284.14
1007,1008,8,3,330.63
1008,1009,9,4,341.40
1009,1010,10,5,64.73
1010,1011,11,1,278.95
1011,1012,12,2,474.71
1012,1013,13,3,349.93
1013,1014,14,4,347.52
1014,1015,15,5,56.59
1015,1016,16,1,100.39
1016,1017,17,2,376.72
1017,1018,18,3,484.71
1018,1019,19,4,208.62
1019,1020,20,5,476.69
1020,1021,21,1,443.63
1021,1022,22,2,126.90
1022,1023,23,3,166.89
1023,1024,24,4,310.95
1024,1025,25,5,377.75
1025,1026,26,1,245.85
1026,1027,27,2,267.81
1027,1028,28,3,155.10
1028,1029,29,4,411.68
1029,1030,30,5,486.80
1030,1031,31,1,306.40
1031,1032,32,2,130.47
1032,1033,33,3,53.77
1033,1034,34,4,216.30
1034,1035,35,5,256.02
1035,1036,36,1,470.06
1036,1037,37,2,61.10
1037,1038,38,3,313.06
1038,1039,39,4,431.28
1039,1040,40,5,373.24
1040,1041,41,1,313.49
1041,1042,42,2,334.06
1042,1043,43,3,36.62
1043,1044,44,4,222.33
1044,1045,45,5,295.74
1045,1046,46,1,89.66
1046,1047,47,2,449.47
1047,1048,48,3,169.26
1048,1049,49,4,499.50
1049,1050,50,5,86.02
1050,1051,51,1,459.30
1051,1052,52,2,301.62
1052,1053,53,3,273.60
1053,1054,54,4,96.87
1054,1055,55,5,123.90
1055,1056,56,1,171.74
1056,1057,57,2,263.69
1057,1058,58,3,378.17
1058,1059,59,4,175.60
1059,1060,60,5,200.38
1060,1061,61,1,468.02
1061,1062,62,2,90.54
1062,1063,63,3,451.09
1063,1064,64,4,385.17
1064,1065,65,5,271.03
1065,1066,66,1,34.96
1066,1067,67,2,444.78
1067,1068,68,3,401.03
1068,1069,69,4,160.58
1069,1070,70,5,477.87
1070,1071,71,1,463.62
1071,1072,72,2,190.21
1072,1073,73,3,318.77
1073,1074,74,4,235.24
1074,1075,75,5,199.03
1075,1076,76,1,239.37
1076,1077,77,2,206.56
1077,1078,78,3,116.36
1078,1079,79,4,470.21
1079,1080,80,5,377.25
1080,1081,81,1,321.86
1081,1082,82,2,227.12
1082,1083,83,3,446.72
1083,1084,84,4,185.28
1084,1085,85,5,83.68
1085,1086,86,1,420.30
1086,1087,87,2,292.21
1087,1088,88,3,307.46
1088,1089,89,4,94.47
1089,1090,90,5,421.62
1090,1091,91,1,170.45
1091,1092,92,2,29.12
1092,1093,93,3,393.60
1093,1094,94,4,382.38
1094,1095,95,5,258.41
1095,1096,96,1,84.51
1096,1097,97,2,359.02
1097,1098,98,3,471.40
1098,1099,99,4,123.36
1099,1100,100,5,446.32
1100,1101,101,1,67.53
1101,1102,102,2,413.09
1102,1103,103,3,349.47
1103,1104,104,4,318.27
1104,1105,105,5,311.26
1105,1106,106,1,158.33
1106,1107,107,2,40.99
1107,1108,108,3,470.16
1108,1109,109,4,203.24
1109,1110,110,5,94.11
1110,1111,111,1,49.00
1111,1112,112,2,85.56
1112,1113,113,3,105.29
1113,1114,114,4,122.32
1114,1115,115,5,375.66
1115,1116,116,1,51.70
1116,1117,117,2,10.84
1117,1118,118,3,243.31
1118,1119,119,4,192.64
1119,1120,120,5,355.50
1120,1121,121,1,446.58
1121,1122,122,2,115.22
1122,1123,123,3,420.15
1123,1124,124,4,54.18
1124,1125,125,5,360.25
1125,1126,126,1,222.03
1126,1127,127,2,264.72
1127,1128,128,3,177.80
1128,1129,129,4,206.64
1129,1130,130,5,312.39
1130,1131,131,1,185.68
1131,1132,132,2,264.09
1132,1133,133,3,29.46
1133,1134,134,4,319.68
1134,1135,135,5,195.53
1135,1136,136,1,133.12
1136,1137,137,2,375.45
1137,1138,138,3,477.71
1138,1139,139,4,155.44
1139,1140,140,5,276.92
1140,1141,141,1,14.41
1141,1142,142,2,331.21
1142,1143,143,3,383.02
1143,1144,144,4,189.76
1144,1145,145,5,43.94
1145,1146,146,1,46.11
1146,1147,147,2,70.83
1147,1148,148,3,394.44
1148,1149,149,4,125.69
1149,1150,150,5,441.04
1150,1151,151,1,430.01
1151,1152,152,2,305.60
1152,1153,153,3,86.62
1153,1154,154,4,43.51
1154,1155,155,5,490.50
1155,1156,156,1,417.78
1156,1157,157,2,135.12
1157,1158,158,3,114.19
1158,1159,159,4,486.07
1159,1160,160,5,17.90
1160,1161,161,1,460.72
1161,1162,162,2,216.67
1162,1163,163,3,234.26
1163,1164,164,4,222.70
1164,1165,165,5,403.79
1165,1166,166,1,234.52
1166,1167,167,2,208.68
1167,1168,168,3,470.74
1168,1169,169,4,100.04
1169,1170,170,5,31.10
1170,1171,171,1,318.62
1171,1172,172,2,15.25
1172,1173,173,3,74.51
1173,1174,174,4,75.66
1174,1175,175,5,45.25
1175,1176,176,1,480.52
1176,1177,177,2,151.33
1177,1178,178,3,480.98
1178,1179,179,4,438.63
1179,1180,180,5,475.94
1180,1181,181,1,163.07
1181,1182,182,2,194.73
1182,1183,183,3,473.40
1183,1184,184,4,283.26
1184,1185,185,5,345.90
1185,1186,186,1,176.18
1186,1187,187,2,181.88
1187,1188,188,3,154.58
1188,1189,189,4,423.87
1189,1190,190,5,181.60
1190,1191,191,1,141.02
1191,1192,192,2,336.17
1192,1193,193,3,194.39
1193,1194,194,4,379.70
1194,1195,195,5,489.61
1195,1196,196,1,408.20
1196,1197,197,2,65.73
1197,1198,198,3,91.71
1198,1199,199,4,160.50
1199,1200,200,5,133.98
1200,1201,1,1,67.21
1201,1202,2,2,379.44
1202,1203,3,3,399.70
1203,1204,4,4,190.20
1204,1205,5,5,16.70
1205,1206,6,1,465.26
1206,1207,7,2,286.12
1207,1208,8,3,227.95
1208,1209,9,4,24.49
1209,1210,10,5,429.13
1210,1211,11,1,393.72
1211,1212,12,2,288.20
1212,1213,13,3,298.92
1213,1214,14,4,459.47
1214,1215,15,5,291.16
1215,1216,16,1,306.62
1216,1217,17,2,382.86
1217,1218,18,3,406.13
1218,1219,19,4,367.28
1219,1220,20,5,327.67
1220,1221,21,1,406.12
1221,1222,22,2,339.71
1222,1223,23,3,306.90
1223,1224,24,4,284.43
1224,1225,25,5,400.80
1225,1226,26,1,308.23
1226,1227,27,2,413.45
1227,1228,28,3,130.24
1228,1229,29,4,157.37
1229,1230,30,5,195.75
1230,1231,31,1,114.50
1231,1232,32,2,208.54
1232,1233,33,3,360.42
1233,1234,34,4,338.32
1234,1235,35,5,166.14
1235,1236,36,1,169.77
1236,1237,37,2,160.00
1237,1238,38,3,259.53
1238,1239,39,4,11.21
1239,1240,40,5,360.40
1240,1241,41,1,105.31
1241,1242,42,2,75.59
1242,1243,43,3,432.78
1243,1244,44,4,222.80
1244,1245,45,5,141.07
1245,1246,46,1,422.19
1246,1247,47,2,142.78
1247,1248,48,3,77.24
1248,1249,49,4,285.83
1249,1250,50,5,356.89
1250,1251,51,1,235.87
1251,1252,52,2,461.85
1252,1253,53,3,421.42
1253,1254,54,4,457.40
1254,1255,55,5,408.40
1255,1256,56,1,458.02
1256,1257,57,2,187.67
1257,1258,58,3,313.15
1258,1259,59,4,310.44
1259,1260,60,5,164.07
1260,1261,61,1,161.02
1261,1262,62,2,390.62
1262,1263,63,3,426.50
1263,1264,64,4,374.92
1264,1265,65,5,267.45
1265,1266,66,1,59.85
1266,1267,67,2,447.97
1267,1268,68,3,448.92
1268,1269,69,4,219.00
1269,1270,70,5,292.38
1270,1271,71,1,167.02
1271,1272,72,2,478.16
1272,1273,73,3,471.73
1273,1274,74,4,300.05
1274,1275,75,5,50.46
1275,1276,76,1,47.19
1276,1277,77,2,261.90
1277,1278,78,3,439.69
1278,1279,79,4,351.67
1279,1280,80,5,186.63
1280,1281,81,1,165.12
1281,1282,82,2,149.33
1282,1283,83,3,92.09
1283,1284,84,4,78.78
1284,1285,85,5,153.15
1285,1286,86,1,22.90
1286,1287,87,2,166.56
1287,1288,88,3,48.10
1288,1289,89,4,151.47
1289,1290,90,5,466.58
1290,1291,91,1,323.85
1291,1292,92,2,311.01
1292,1293,93,3,150.15
1293,1294,94,4,427.71
1294,1295,95,5,235.31
1295,1296,96,1,362.76
1296,1297,97,2,125.45
1297,1298,98,3,380.75
1298,1299,99,4,171.71
1299,1300,100,5,350.06
1300,1301,101,1,214.57
1301,1302,102,2,299.80
1302,1303,103,3,55.41
1303,1304,104,4,257.56
1304,1305,105,5,156.94
1305,1306,106,1,276.33
1306,1307,107,2,499.03
1307,1308,108,3,183.31
1308,1309,109,4,397.09
1309,1310,110,5,260.07
1310,1311,111,1,144.65
1311,1312,112,2,342.79
1312,1313,113,3,452.48
1313,1314,114,4,392.53
1314,1315,115,5,232.85
1315,1316,116,1,304.17
1316,1317,117,2,403.52
1317,1318,118,3,93.06
1318,1319,119,4,413.01
1319,1320,120,5,408.92
1320,1321,121,1,26.43
1321,1322,122,2,271.82
1322,1323,123,3,259.93
1323,1324,124,4,359.14
1324,1325,125,5,220.09
1325,1326,126,1,392.33
1326,1327,127,2,340.92
1327,1328,128,3,97.17
1328,1329,129,4,180.80
1329,1330,130,5,212.18
1330,1331,131,1,387.25
1331,1332,132,2,466.47
1332,1333,133,3,239.49
1333,1334,134,4,397.08
1334,1335,135,5,434.19
1335,1336,136,1,312.06
1336,1337,137,2,415.66
1337,1338,138,3,91.12
1338,1339,139,4,252.10
1339,1340,140,5,50.24
1340,1341,141,1,272.98
1341,1342,142,2,301.21
1342,1343,143,3,380.89
1343,1344,144,4,103.95
1344,1345,145,5,359.11
1345,1346,146,1,56.70
1346,1347,147,2,115.18
1347,1348,148,3,53.67
1348,1349,149,4,20.77
1349,1350,150,5,148.33
1350,1351,151,1,271.68
1351,1352,152,2,141.88
1352,1353,153,3,152.56
1353,1354,154,4,421.64
1354,1355,155,5,209.21
1355,1356,156,1,424.66
1356,1357,157,2,192.13
1357,1358,158,3,386.32
1358,1359,159,4,344.73
1359,1360,160,5,327.75
1360,1361,161,1,478.51
1361,1362,162,2,386.29
1362,1363,163,3,149.78
1363,1364,164,4,136.58
1364,1365,165,5,157.15
1365,1366,166,1,78.84
1366,1367,167,2,154.85
1367,1368,168,3,368.14
1368,1369,169,4,473.66
1369,1370,170,5,474.95
1370,1371,171,1,344.41
1371,1372,172,2,176.50
1372,1373,173,3,384.27
1373,1374,174,4,293.90
1374,1375,175,5,12.87
1375,1376,176,1,375.55
1376,1377,177,2,318.52
1377,1378,178,3,365.11
1378,1379,179,4,402.82
1379,1380,180,5,230.85
1380,1381,181,1,40.66
1381,1382,182,2,112.60
1382,1383,183,3,229.06
1383,1384,184,4,323.37
1384,1385,185,5,133.82
1385,1386,186,1,96.46
1386,1387,187,2,391.12
1387,1388,188,3,421.62
1388,1389,189,4,283.40
1389,1390,190,5,278.92
1390,1391,191,1,139.81
1391,1392,192,2,394.17
1392,1393,193,3,467.41
1393,1394,194,4,391.88
1394,1395,195,5,176.82
1395,1396,196,1,420.12
1396,1397,197,2,370.05
1397,1398,198,3,35.74
1398,1399,199,4,462.09
1399,1400,200,5,332.77
1400,1401,1,1,31.65
1401,1402,2,2,449.60
1402,1403,3,3,220.17
1403,1404,4,4,395.03
1404,1405,5,5,432.23
1405,1406,6,1,274.55
1406,1407,7,2,17.43
1407,1408,8,3,461.08
1408,1409,9,4,286.76
1409,1410,10,5,112.02
1410,1411,11,1,155.51
1411,1412,12,2,222.79
1412,1413,13,3,488.92
1413,1414,14,4,73.79
1414,1415,15,5,151.11
1415,1416,16,1,112.33
1416,1417,17,2,472.74
1417,1418,18,3,40.90
1418,1419,19,4,58.20
1419,1420,20,5,430.55
1420,1421,21,1,347.76
1421,1422,22,2,284.66
1422,1423,23,3,262.30
1423,1424,24,4,441.07
1424,1425,25,5,366.83
1425,1426,26,1,21.24
1426,1427,27,2,96.62
1427,1428,28,3,254.32
1428,1429,29,4,319.65
1429,1430,30,5,464.96
1430,1431,31,1,208.32
1431,1432,32,2,340.17
1432,1433,33,3,314.71
1433,1434,34,4,122.99
1434,1435,35,5,125.89
1435,1436,36,1,462.89
1436,1437,37,2,377.15
1437,1438,38,3,236.49
1438,1439,39,4,284.45
1439,1440,40,5,410.57
1440,1441,41,1,198.48
1441,1442,42,2,46.63
1442,1443,43,3,144.41
1443,1444,44,4,272.32
1444,1445,45,5,342.71
1445,1446,46,1,280.92
1446,1447,47,2,496.50
1447,1448,48,3,440.15
1448,1449,49,4,422.78
1449,1450,50,5,225.02
1450,1451,51,1,350.67
1451,1452,52,2,217.81
1452,1453,53,3,310.41
1453,1454,54,4,224.39
1454,1455,55,5,273.84
1455,1456,56,1,388.48
1456,1457,57,2,460.83
1457,1458,58,3,306.79
1458,1459,59,4,149.35
1459,1460,60,5,251.88
1460,1461,61,1,239.51
1461,1462,62,2,215.75
1462,1463,63,3,301.25
1463,1464,64,4,101.46
1464,1465,65,5,225.01
1465,1466,66,1,271.40
1466,1467,67,2,185.68
1467,1468,68,3,366.07
1468,1469,69,4,300.27
1469,1470,70,5,425.56
1470,1471,71,1,22.90
1471,1472,72,2,171.23
1472,1473,73,3,77.53
1473,1474,74,4,192.60
1474,1475,75,5,202.87
1475,1476,76,1,190.47
1476,1477,77,2,65.59
1477,1478,78,3,258.80
1478,1479,79,4,381.22
1479,1480,80,5,289.61
1480,1481,81,1,236.26
1481,1482,82,2,437.29
1482,1483,83,3,462.13
1483,1484,84,4,130.05
1484,1485,85,5,189.35
1485,1486,86,1,472.16
1486,1487,87,2,228.65
1487,1488,88,3,275.54
1488,1489,89,4,419.78
1489,1490,90,5,265.23
1490,1491,91,1,214.77
1491,1492,92,2,116.66
1492,1493,93,3,442.23
1493,1494,94,4,85.69
1494,1495,95,5,12.04
1495,1496,96,1,413.49
1496,1497,97,2,308.03
1497,1498,98,3,320.08
1498,1499,99,4,138.39
1499,1500,100,5,142.98
1500,1501,101,1,206.49
1501,1502,102,2,19.40
1502,1503,103,3,111.38
1503,1504,104,4,490.31
2704,705,105,5,176.15
2705,706,106,1,411.57
2706,707,107,2,429.71
2707,708,108,3,75.86
2708,709,109,4,198.67
2709,710,110,5,453.03
2710,711,111,1,378.09
2711,712,112,2,375.33
2712,713,113,3,451.95
2713,714,114,4,339.85
2714,715,115,5,272.45
2715,716,116,1,225.79
2716,717,117,2,159.17
2717,718,118,3,412.74
2718,719,119,4,246.41
2719,720,120,5,81.59
2720,721,121,1,149.28
2721,722,122,2,86.84
2722,723,123,3,52.77
2723,724,124,4,300.42
2724,725,125,5,46.46
2725,726,126,1,104.61
2726,727,127,2,57.90
2727,728,128,3,100.92
2728,729,129,4,305.73
2729,730,130,5,17.82
2730,731,131,1,148.11
2731,732,132,2,35.98
2732,733,133,3,20.14
2733,734,134,4,460.57
2734,735,135,5,224.49
2735,736,136,1,350.18
2736,737,137,2,187.35
2737,738,138,3,391.18
2738,739,139,4,81.28
2739,740,140,5,260.95
2740,741,141,1,171.98
2741,742,142,2,157.70
2742,743,143,3,389.42
2743,744,144,4,473.44
2744,745,145,5,152.60
2745,746,146,1,336.03
2746,747,147,2,443.45
2747,748,148,3,71.54
2748,749,149,4,87.05
2749,750,150,5,426.67
2750,751,151,1,214.27
2751,752,152,2,253.97
2752,753,153,3,203.90
2753,754,154,4,344.49
2754,755,155,5,208.54
2755,756,156,1,164.80
2756,757,157,2,128.71
2757,758,158,3,126.03
2758,759,159,4,478.93
2759,760,160,5,471.89
2760,761,161,1,419.39
2761,762,162,2,77.82
2762,763,163,3,101.84
2763,764,164,4,208.81
2764,765,165,5,413.60
2765,766,166,1,102.58
2766,767,167,2,225.51
2767,768,168,3,139.30
2768,769,169,4,231.04
2769,770,170,5,343.73
2770,771,171,1,476.74
2771,772,172,2,321.15
2772,773,173,3,70.44
2773,774,174,4,135.82
2774,775,175,5,55.03
2775,776,176,1,291.88
2776,777,177,2,412.87
2777,778,178,3,486.22
2778,779,179,4,361.97
2779,780,180,5,123.52
2780,781,181,1,31.28
2781,782,182,2,262.16
2782,783,183,3,344.89
2783,784,184,4,499.63
2784,785,185,5,352.31
2785,786,186,1,346.66
2786,787,187,2,190.78
2787,788,188,3,138.85
2788,789,189,4,86.60
2789,790,190,5,203.42
2790,791,191,1,322.07
2791,792,192,2,106.73
2792,793,193,3,459.01
2793,794,194,4,173.12
2794,795,195,5,459.77
2795,796,196,1,85.58
2796,797,197,2,250.29
2797,798,198,3,114.93
2798,799,199,4,112.74
2799,800,200,5,373.64
2800,801,1,1,179.76
2801,802,2,2,420.19
2802,803,3,3,382.69
2803,804,4,4,147.50
2804,805,5,5,62.49
2805,806,6,1,259.30
2806,807,7,2,45.85
2807,808,8,3,116.77
2808,809,9,4,330.72
2809,810,10,5,70.51
2810,811,11,1,278.31
2811,812,12,2,150.00
2812,813,13,3,378.19
2813,814,14,4,323.82
2814,815,15,5,471.52
2815,816,16,1,271.70
2816,817,17,2,414.48
2817,818,18,3,282.62
2818,819,19,4,337.67
2819,820,20,5,490.20
2820,821,21,1,296.00
2821,822,22,2,47.58
2822,823,23,3,236.04
2823,824,24,4,190.04
2824,825,25,5,16.86
2825,826,26,1,436.51
2826,827,27,2,396.72
2827,828,28,3,310.73
2828,829,29,4,240.75
2829,830,30,5,157.77
2830,831,31,1,165.52
2831,832,32,2,92.63
2832,833,33,3,406.41
2833,834,34,4,244.66
2834,835,35,5,261.01
2835,836,36,1,83.78
2836,837,37,2,21.46
2837,838,38,3,380.74
2838,839,39,4,116.40
2839,840,40,5,183.03
2840,841,41,1,407.16
2841,842,42,2,459.09
2842,843,43,3,278.85
2843,844,44,4,454.79
2844,845,45,5,27.24
2845,846,46,1,293.59
2846,847,47,2,368.43
2847,848,48,3,373.49
2848,849,49,4,445.74
2849,850,50,5,297.43
2850,851,51,1,75.77
2851,852,52,2,46.29
2852,853,53,3,152.51
2853,854,54,4,338.78
2854,855,55,5,63.68
2855,856,56,1,186.62
2856,857,57,2,356.70
2857,858,58,3,279.41
2858,859,59,4,448.23
2859,860,60,5,293.25
2860,861,61,1,407.07
2861,862,62,2,201.37
2862,863,63,3,199.40
2863,864,64,4,237.13
2864,865,65,5,305.17
2865,866,66,1,39.32
2866,867,67,2,223.77
2867,868,68,3,389.65
2868,869,69,4,204.55
2869,870,70,5,87.91
2870,871,71,1,444.72
2871,872,72,2,321.64
2872,873,73,3,241.71
2873,874,74,4,116.52
2874,875,75,5,444.99
2875,876,76,1,313.24
2876,877,77,2,331.17
2877,878,78,3,104.47
2878,879,79,4,63.53
2879,880,80,5,452.60
2880,881,81,1,233.94
2881,882,82,2,462.49
2882,883,83,3,347.02
2883,884,84,4,383.26
2884,885,85,5,486.55
2885,886,86,1,219.20
2886,887,87,2,269.25
2887,888,88,3,263.12
2888,889,89,4,24.07
2889,890,90,5,209.24
2890,891,91,1,367.02
2891,892,92,2,418.53
2892,893,93,3,82.11
2893,894,94,4,305.80
2894,895,95,5,410.15
2895,896,96,1,212.33
2896,897,97,2,488.42
2897,898,98,3,492.62
2898,899,99,4,344.45
2899,900,100,5,221.79
2900,901,101,1,371.50
2901,902,102,2,313.15
2902,903,103,3,195.13
2903,904,104,4,187.45
2904,905,105,5,403.95
2905,906,106,1,20.76
2906,907,107,2,349.53
2907,908,108,3,473.68
2908,909,109,4,433.25
2909,910,110,5,117.21
2910,911,111,1,139.22
2911,912,112,2,90.65
2912,913,113,3,241.91
2913,914,114,4,295.25
2914,915,115,5,176.51
2915,916,116,1,393.62
2916,917,117,2,410.57
2917,918,118,3,458.65
2918,919,119,4,490.25
2919,920,120,5,319.24
2920,921,121,1,238.56
2921,922,122,2,90.80
2922,923,123,3,308.18
2923,924,124,4,276.67
2924,925,125,5,383.71
2925,926,126,1,354.88
2926,927,127,2,33.98
2927,928,128,3,230.13
2928,929,129,4,109.14
2929,930,130,5,289.43
2930,931,131,1,35.03
2931,932,132,2,202.67
2932,933,133,3,407.62
2933,934,134,4,248.66
2934,935,135,5,140.05
2935,936,136,1,137.89
2936,937,137,2,473.25
2937,938,138,3,196.55
2938,939,139,4,356.94
2939,940,140,5,419.80
2940,941,141,1,326.41
2941,942,142,2,398.47
2942,943,143,3,343.76
2943,944,144,4,255.98
2944,945,145,5,494.48
2945,946,146,1,43.53
2946,947,147,2,312.15
2947,948,148,3,482.68
2948,949,149,4,264.45
2949,950,150,5,400.40
2950,951,151,1,31.57
2951,952,152,2,226.98
2952,953,153,3,83.42
2953,954,154,4,152.63
2954,955,155,5,488.46
2955,956,156,1,255.21
2956,957,157,2,168.03
2957,958,158,3,219.11
2958,959,159,4,407.58
2959,960,160,5,13.09
2960,961,161,1,300.19
2961,962,162,2,374.56
2962,963,163,3,176.35
2963,964,164,4,340.86
2964,965,165,5,355.87
2965,966,166,1,269.26
2966,967,167,2,218.54
2967,968,168,3,215.16
2968,969,169,4,481.80
2969,970,170,5,33.45
2970,971,171,1,313.42
2971,972,172,2,236.98
2972,973,173,3,357.12
2973,974,174,4,334.01
2974,975,175,5,75.22
2975,976,176,1,233.04
2976,977,177,2,124.33
2977,978,178,3,120.33
2978,979,179,4,259.35
2979,980,180,5,148.16
2980,981,181,1,255.28
2981,982,182,2,55.54
2982,983,183,3,447.10
2983,984,184,4,182.56
2984,985,185,5,432.06
2985,986,186,1,23.49
2986,987,187,2,447.87
2987,988,188,3,75.64
2988,989,189,4,457.77
2989,990,190,5,47.63
2990,991,191,1,140.98
2991,992,192,2,273.44
2992,993,193,3,71.12
2993,994,194,4,33.29
2994,995,195,5,260.66
2995,996,196,1,182.28
2996,997,197,2,167.73
2997,998,198,3,62.30
2998,999,199,4,461.14
2999,1000,200,5,476.28
3000,1001,1,1,66.98
3001,1002,2,2,125.56
3002,1003,3,3,219.66
3003,1004,4,4,121.57
3004,1005,5,5,234.41
3005,1006,6,1,96.78
3006,1007,7,2,450.02
3007,1008,8,3,197.75
3008,1009,9,4,262.96
3009,1010,10,5,247.80
3010,1011,11,1,393.36
3011,1012,12,2,413.30
3012,1013,13,3,264.65
3013,1014,14,4,354.68
3014,1015,15,5,185.65
3015,1016,16,1,232.25
3016,1017,17,2,388.05
3017,1018,18,3,124.22
3018,1019,19,4,406.51
3019,1020,20,5,313.64
3020,1021,21,1,306.89
3021,1022,22,2,349.52
3022,1023,23,3,478.60
3023,1024,24,4,52.92
3024,1025,25,5,56.74
3025,1026,26,1,74.08
3026,1027,27,2,409.26
3027,1028,28,3,24.86
3028,1029,29,4,386.31
3029,1030,30,5,36.36
3030,1031,31,1,209.33
3031,1032,32,2,181.31
3032,1033,33,3,235.89
3033,1034,34,4,469.01
3034,1035,35,5,259.73
3035,1036,36,1,479.69
3036,1037,37,2,142.33
3037,1038,38,3,397.12
3038,1039,39,4,370.31
3039,1040,40,5,195.02
3040,1041,41,1,261.29
3041,1042,42,2,341.24
3042,1043,43,3,478.95
3043,1044,44,4,222.42
3044,1045,45,5,392.31
3045,1046,46,1,316.63
3046,1047,47,2,495.69
3047,1048,48,3,449.17
3048,1049,49,4,147.51
3049,1050,50,5,167.17
3050,1051,51,1,485.92
3051,1052,52,2,464.62
3052,1053,53,3,401.81
3053,1054,54,4,439.75
3054,1055,55,5,29.20
3055,1056,56,1,113.73
3056,1057,57,2,189.64
3057,1058,58,3,128.92
3058,1059,59,4,136.43
3059,1060,60,5,120.72
3060,1061,61,1,123.14
3061,1062,62,2,159.35
3062,1063,63,3,369.06
3063,1064,64,4,488.85
3064,1065,65,5,216.81
3065,1066,66,1,153.10
3066,1067,67,2,392.99
3067,1068,68,3,396.98
3068,1069,69,4,251.80
3069,1070,70,5,55.95
3070,1071,71,1,417.27
3071,1072,72,2,149.34
3072,1073,73,3,455.46
3073,1074,74,4,385.46
3074,1075,75,5,36.06
3075,1076,76,1,199.20
3076,1077,77,2,166.14
3077,1078,78,3,474.30
3078,1079,79,4,492.08
3079,1080,80,5,194.26
3080,1081,81,1,231.25
3081,1082,82,2,395.18
3082,1083,83,3,479.48
3083,1084,84,4,288.12
3084,1085,85,5,466.11
3085,1086,86,1,228.52
3086,1087,87,2,285.04
3087,1088,88,3,415.54
3088,1089,89,4,97.93
3089,1090,90,5,386.16
3090,1091,91,1,100.40
3091,1092,92,2,255.47
3092,1093,93,3,56.47
3093,1094,94,4,239.36
3094,1095,95,5,183.87
3095,1096,96,1,468.10
3096,1097,97,2,484.33
3097,1098,98,3,371.94
3098,1099,99,4,119.40
3099,1100,100,5,144.11
3100,1101,101,1,362.58
3101,1102,102,2,412.96
3102,1103,103,3,98.51
3103,1104,104,4,102.97
3104,1105,105,5,52.63
3105,1106,106,1,21.98
3106,1107,107,2,163.82
3107,1108,108,3,67.96
3108,1109,109,4,414.04
3109,1110,110,5,21.28
3110,1111,111,1,297.98
3111,1112,112,2,410.89
3112,1113,113,3,24.11
3113,1114,114,4,115.91
3114,1115,115,5,398.84
3115,1116,116,1,89.25
3116,1117,117,2,377.87
3117,1118,118,3,154.09
3118,1119,119,4,404.39
3119,1120,120,5,304.74
3120,1121,121,1,39.26
3121,1122,122,2,483.39
3122,1123,123,3,152.45
3123,1124,124,4,298.27
3124,1125,125,5,285.31
3125,1126,126,1,101.13
3126,1127,127,2,117.45
3127,1128,128,3,439.79
3128,1129,129,4,257.40
3129,1130,130,5,145.46
3130,1131,131,1,333.31
3131,1132,132,2,28.72
3132,1133,133,3,387.25
3133,1134,134,4,90.60
3134,1135,135,5,287.23
3135,1136,136,1,273.88
3136,1137,137,2,407.17
3137,1138,138,3,143.30
3138,1139,139,4,346.08
3139,1140,140,5,380.15
3140,1141,141,1,239.80
3141,1142,142,2,83.02
3142,1143,143,3,326.43
3143,1144,144,4,112.04
3144,1145,145,5,492.07
3145,1146,146,1,489.24
3146,1147,147,2,334.72
3147,1148,148,3,424.34
3148,1149,149,4,383.45
3149,1150,150,5,88.26
3150,1151,151,1,272.85
3151,1152,152,2,23.59
3152,1153,153,3,355.33
3153,1154,154,4,261.85
3154,1155,155,5,432.39
3155,1156,156,1,147.89
3156,1157,157,2,14.09
3157,1158,158,3,205.96
3158,1159,159,4,42.76
3159,1160,160,5,300.02
3160,1161,161,1,157.44
3161,1162,162,2,487.13
3162,1163,163,3,86.68
3163,1164,164,4,301.30
3164,1165,165,5,101.88
3165,1166,166,1,85.21
3166,1167,167,2,184.77
3167,1168,168,3,421.27
3168,1169,169,4,249.21
3169,1170,170,5,244.91
3170,1171,171,1,459.40
3171,1172,172,2,117.67
3172,1173,173,3,227.11
3173,1174,174,4,230.82
3174,1175,175,5,406.78
3175,1176,176,1,31.32
3176,1177,177,2,472.63
3177,1178,178,3,477.17
3178,1179,179,4,222.61
3179,1180,180,5,168.77
3180,1181,181,1,179.39
3181,1182,182,2,380.30
3182,1183,183,3,453.38
3183,1184,184,4,112.73
3184,1185,185,5,397.31
3185,1186,186,1,265.70
3186,1187,187,2,166.62
3187,1188,188,3,391.34
3188,1189,189,4,286.56
3189,1190,190,5,319.98
3190,1191,191,1,73.90
3191,1192,192,2,64.61
3192,1193,193,3,130.43
3193,1194,194,4,422.76
3194,1195,195,5,181.44
3195,1196,196,1,331.68
3196,1197,197,2,158.23
3197,1198,198,3,11.20
3198,1199,199,4,33.31
3199,1200,200,5,241.27
3200,1201,1,1,234.15
3201,1202,2,2,294.12
3202,1203,3,3,42.01
3203,1204,4,4,110.57
3204,1205,5,5,309.07
3205,1206,6,1,179.63
3206,1207,7,2,44.91
3207,1208,8,3,327.96
3208,1209,9,4,239.02
3209,1210,10,5,155.00
3210,1211,11,1,306.66
3211,1212,12,2,183.48
3212,1213,13,3,86.26
3213,1214,14,4,486.13
3214,1215,15,5,402.75
3215,1216,16,1,54.75
3216,1217,17,2,252.83
3217,1218,18,3,243.29
3218,1219,19,4,192.64
3219,1220,20,5,378.43
3220,1221,21,1,395.19
3221,1222,22,2,248.67
3222,1223,23,3,475.88
3223,1224,24,4,369.64
3224,1225,25,5,167.67
3225,1226,26,1,140.84
3226,1227,27,2,439.35
3227,1228,28,3,375.34
3228,1229,29,4,232.01
3229,1230,30,5,430.10
3230,1231,31,1,262.60
3231,1232,32,2,206.78
3232,1233,33,3,271.29
3233,1234,34,4,254.63
3234,1235,35,5,269.33
3235,1236,36,1,478.46
3236,1237,37,2,59.93
3237,1238,38,3,488.29
3238,1239,39,4,430.69
3239,1240,40,5,136.32
3240,1241,41,1,410.70
3241,1242,42,2,463.28
3242,1243,43,3,74.82
3243,1244,44,4,362.81
3244,1245,45,5,306.12
3245,1246,46,1,466.65
3246,1247,47,2,109.36
3247,1248,48,3,373.26
3248,1249,49,4,166.05
3249,1250,50,5,364.08
3250,1251,51,1,210.11
3251,1252,52,2,53.42
3252,1253,53,3,249.86
3253,1254,54,4,499.20
3254,1255,55,5,110.91
3255,1256,56,1,391.82
3256,1257,57,2,424.96
3257,1258,58,3,471.37
3258,1259,59,4,475.91
3259,1260,60,5,41.09
3260,1261,61,1,109.73
3261,1262,62,2,297.51
3262,1263,63,3,34.74
3263,1264,64,4,10.31
3264,1265,65,5,399.63
3265,1266,66,1,76.00
3266,1267,67,2,161.94
3267,1268,68,3,136.19
3268,1269,69,4,474.43
3269,1270,70,5,333.44
3270,1271,71,1,181.07
3271,1272,72,2,163.53
3272,1273,73,3,206.57
3273,1274,74,4,257.46
3274,1275,75,5,241.24
3275,1276,76,1,201.31
3276,1277,77,2,215.32
3277,1278,78,3,85.24
3278,1279,79,4,242.90
3279,1280,80,5,323.72
3280,1281,81,1,494.92
3281,1282,82,2,149.47
3282,1283,83,3,418.77
3283,1284,84,4,471.88
3284,1285,85,5,429.29
3285,1286,86,1,363.51
3286,1287,87,2,98.60
3287,1288,88,3,196.25
3288,1289,89,4,226.00
3289,1290,90,5,245.25
3290,1291,91,1,19.55
3291,1292,92,2,159.66
3292,1293,93,3,285.80
3293,1294,94,4,455.42
3294,1295,95,5,136.63
3295,1296,96,1,310.33
3296,1297,97,2,39.28
3297,1298,98,3,226.77
3298,1299,99,4,489.00
3299,1300,100,5,280.54
3300,1301,101,1,300.09
3301,1302,102,2,280.43
3302,1303,103,3,36.79
3303,1304,104,4,362.62
3304,1305,105,5,121.54
3305,1306,106,1,441.36
3306,1307,107,2,244.73
3307,1308,108,3,455.18
3308,1309,109,4,84.44
3309,1310,110,5,343.81
3310,1311,111,1,215.54
3311,1312,112,2,419.89
3312,1313,113,3,120.84
3313,1314,114,4,394.68
3314,1315,115,5,12.97
3315,1316,116,1,39.02
3316,1317,117,2,161.02
3317,1318,118,3,123.34
3318,1319,119,4,196.56
3319,1320,120,5,125.62
3320,1321,121,1,311.24
3321,1322,122,2,171.50
3322,1323,123,3,285.85
3323,1324,124,4,260.23
3324,1325,125,5,288.86
3325,1326,126,1,307.71
3326,1327,127,2,463.86
3327,1328,128,3,235.85
3328,1329,129,4,474.23
3329,1330,130,5,230.25
3330,1331,131,1,471.85
3331,1332,132,2,15.40
3332,1333,133,3,355.67
3333,1334,134,4,269.69
3334,1335,135,5,186.34
3335,1336,136,1,116.47
3336,1337,137,2,90.82
3337,1338,138,3,163.50
3338,1339,139,4,427.06
3339,1340,140,5,13.73
3340,1341,141,1,207.31
3341,1342,142,2,304.14
3342,1343,143,3,116.14
3343,1344,144,4,336.83
3344,1345,145,5,139.93
3345,1346,146,1,22.52
3346,1347,147,2,188.68
3347,1348,148,3,436.82
3348,1349,149,4,78.76
3349,1350,150,5,323.20
3350,1351,151,1,425.95
3351,1352,152,2,340.52
3352,1353,153,3,388.27
3353,1354,154,4,274.85
3354,1355,155,5,40.77
3355,1356,156,1,88.95
3356,1357,157,2,88.14
3357,1358,158,3,490.65
3358,1359,159,4,98.47
3359,1360,160,5,95.78
3360,1361,161,1,171.60
3361,1362,162,2,216.58
3362,1363,163,3,460.58
3363,1364,164,4,430.11
3364,1365,165,5,113.50
3365,1366,166,1,391.88
3366,1367,167,2,36.35
3367,1368,168,3,201.66
3368,1369,169,4,58.18
3369,1370,170,5,430.02
3370,1371,171,1,42.76
3371,1372,172,2,358.33
3372,1373,173,3,417.48
3373,1374,174,4,302.70
3374,1375,175,5,452.46
3375,1376,176,1,441.17
3376,1377,177,2,184.02
3377,1378,178,3,464.53
3378,1379,179,4,197.05
3379,1380,180,5,357.63
3380,1381,181,1,130.91
3381,1382,182,2,389.81
3382,1383,183,3,76.37
3383,1384,184,4,362.50
3384,1385,185,5,495.09
3385,1386,186,1,12.62
3386,1387,187,2,94.35
3387,1388,188,3,433.81
3388,1389,189,4,260.34
3389,1390,190,5,274.81
3390,1391,191,1,202.24
3391,1392,192,2,252.43
3392,1393,193,3,370.09
3393,1394,194,4,387.64
3394,1395,195,5,433.85
3395,1396,196,1,310.81
3396,1397,197,2,196.02
3397,1398,198,3,142.49
3398,1399,199,4,38.49
3399,1400,200,5,188.11
3400,1401,1,1,442.54
3401,1402,2,2,221.44
3402,1403,3,3,295.15
3403,1404,4,4,486.24
3404,1405,5,5,125.90
3405,1406,6,1,378.41
3406,1407,7,2,281.69
3407,1408,8,3,72.29
3408,1409,9,4,239.38
3409,1410,10,5,227.82
3410,1411,11,1,436.57
3411,1412,12,2,209.05
3412,1413,13,3,380.46
3413,1414,14,4,164.84
3414,1415,15,5,448.27
3415,1416,16,1,166.69
3416,1417,17,2,219.21
3417,1418,18,3,54.93
3418,1419,19,4,363.92
3419,1420,20,5,363.83
3420,1421,21,1,166.69
3421,1422,22,2,228.60
3422,1423,23,3,444.09
3423,1424,24,4,418.27
3424,1425,25,5,317.66
3425,1426,26,1,466.60
3426,1427,27,2,169.14
3427,1428,28,3,113.50
3428,1429,29,4,435.20
3429,1430,30,5,480.95
3430,1431,31,1,129.28
3431,1432,32,2,126.56
3432,1433,33,3,185.97
3433,1434,34,4,482.20
3434,1435,35,5,343.87
3435,1436,36,1,246.81
3436,1437,37,2,268.21
3437,1438,38,3,348.06
3438,1439,39,4,424.79
3439,1440,40,5,234.47
3440,1441,41,1,230.44
3441,1442,42,2,30.92
3442,1443,43,3,142.86
3443,1444,44,4,140.79
3444,1445,45,5,429.65
3445,1446,46,1,150.52
3446,1447,47,2,409.12
3447,1448,48,3,89.29
3448,1449,49,4,432.57
3449,1450,50,5,297.77
3450,1451,51,1,174.64
3451,1452,52,2,352.71
3452,1453,53,3,361.09
3453,1454,54,4,472.58
3454,1455,55,5,106.38
3455,1456,56,1,260.20
3456,1457,57,2,188.05
3457,1458,58,3,454.30
3458,1459,59,4,99.74
3459,1460,60,5,61.10
3460,1461,61,1,359.35
3461,1462,62,2,400.97
3462,1463,63,3,188.85
3463,1464,64,4,415.35
3464,1465,65,5,210.02
3465,1466,66,1,280.44
3466,1467,67,2,445.85
3467,1468,68,3,148.67
3468,1469,69,4,12.90
3469,1470,70,5,373.06
3470,1471,71,1,391.16
3471,1472,72,2,439.65
3472,1473,73,3,75.85
3473,1474,74,4,496.78
3474,1475,75,5,494.63
3475,1476,76,1,96.34
3476,1477,77,2,369.12
3477,1478,78,3,353.21
3478,1479,79,4,497.56
3479,1480,80,5,250.22
3480,1481,81,1,264.37
3481,1482,82,2,333.79
3482,1483,83,3,456.20
3483,1484,84,4,296.29
3484,1485,85,5,453.52
3485,1486,86,1,225.66
3486,1487,87,2,376.76
3487,1488,88,3,364.02
3488,1489,89,4,436.50
3489,1490,90,5,433.61
3490,1491,91,1,297.91
3491,1492,92,2,127.57
3492,1493,93,3,249.03
3493,1494,94,4,113.63
3494,1495,95,5,149.82
3495,1496,96,1,430.47
3496,1497,97,2,301.36
3497,1498,98,3,88.71
3498,1499,99,4,279.46
3499,1500,100,5,432.55
3500,1501,101,1,23.58
3501,1502,102,2,300.28
3502,1503,103,3,28.94
3503,1504,104,4,498.42
3504,1505,105,5,294.55
3505,1506,106,1,169.27
3506,1507,107,2,439.05
3507,1508,108,3,230.21
3508,1509,109,4,325.79
3509,1510,110,5,103.95
3510,1511,111,1,10.42
3511,1512,112,2,442.42
3512,1513,113,3,288.08
3513,1514,114,4,55.94
3514,1515,115,5,347.39
3515,1516,116,1,312.88
3516,1517,117,2,126.63
3517,1518,118,3,65.61
3518,1519,119,4,279.37
3519,1520,120,5,146.52
3520,1521,121,1,214.05
3521,1522,122,2,243.76
3522,1523,123,3,266.23
3523,1524,124,4,251.93
3524,1525,125,5,476.69
3525,1526,126,1,40.98
3526,1527,127,2,370.11
3527,1528,128,3,367.22
3528,1529,129,4,85.49
3529,1530,130,5,274.09
3530,1531,131,1,28.90
3531,1532,132,2,382.70
3532,1533,133,3,153.49
3533,1534,134,4,26.50
3534,1535,135,5,248.64
3535,1536,136,1,58.93
3536,1537,137,2,493.06
3537,1538,138,3,395.25
3538,1539,139,4,26.50
3539,1540,140,5,279.31
3540,1541,141,1,319.61
3541,1542,142,2,377.18
3542,1543,143,3,306.44
3543,1544,144,4,224.58
3544,1545,145,5,479.55
3545,1546,146,1,145.30
3546,1547,147,2,430.44
3547,1548,148,3,365.66
3548,1549,149,4,169.24
3549,1550,150,5,419.18
3550,1551,151,1,76.99
3551,1552,152,2,15.41
3552,1553,153,3,322.47
3553,1554,154,4,45.70
3554,1555,155,5,184.48
3555,1556,156,1,490.27
3556,1557,157,2,331.27
3557,1558,158,3,389.05
3558,1559,159,4,365.63
3559,1560,160,5,370.05
3560,1561,161,1,433.36
3561,1562,162,2,457.95
3562,1563,163,3,112.91
3563,1564,164,4,469.28
3564,1565,165,5,120.45
3565,1566,166,1,249.06
3566,1567,167,2,491.35
3567,1568,168,3,281.14
3568,1569,169,4,441.20
3569,1570,170,5,363.90
3570,1571,171,1,92.19
3571,1572,172,2,436.24
3572,1573,173,3,432.79
3573,1574,174,4,85.80
3574,1575,175,5,361.11
3575,1576,176,1,193.60
3576,1577,177,2,379.06
3577,1578,178,3,196.68
3578,1579,179,4,117.59
3579,1580,180,5,145.94
3580,1581,181,1,450.17
3581,1582,182,2,437.10
3582,1583,183,3,372.63
3583,1584,184,4,397.97
3584,1585,185,5,309.78
3585,1586,186,1,203.38
3586,1587,187,2,372.97
3587,1588,188,3,474.76
3588,1589,189,4,405.56
3589,1590,190,5,114.27
3590,1591,191,1,418.97
3591,1592,192,2,426.41
3592,1593,193,3,353.20
3593,1594,194,4,129.41
3594,1595,195,5,248.59
3595,1596,196,1,430.06
3596,1597,197,2,126.25
3597,1598,198,3,297.79
3598,1599,199,4,495.73
3599,1600,200,5,420.74
3600,1601,1,1,499.20
3601,1602,2,2,22.63
3602,1603,3,3,301.90
3603,1604,4,4,102.04
3604,1605,5,5,494.99
3605,1606,6,1,428.10
3606,1607,7,2,199.01
3607,1608,8,3,201.54
3608,1609,9,4,232.37
3609,1610,10,5,292.08
3610,1611,11,1,136.21
3611,1612,12,2,281.43
3612,1613,13,3,326.15
3613,1614,14,4,238.26
3614,1615,15,5,268.01
3615,1616,16,1,243.14
3616,1617,17,2,161.33
3617,1618,18,3,475.87
3618,1619,19,4,444.04
3619,1620,20,5,26.01
3620,1621,21,1,353.34
3621,1622,22,2,410.32
3622,1623,23,3,207.56
3623,1624,24,4,294.40
3624,1625,25,5,483.31
3625,1626,26,1,330.78
3626,1627,27,2,366.30
3627,1628,28,3,59.04
3628,1629,29,4,373.59
3629,1630,30,5,356.84
3630,1631,31,1,114.34
3631,1632,32,2,378.26
3632,1633,33,3,209.31
3633,1634,34,4,409.50
3634,1635,35,5,237.97
3635,1636,36,1,445.15
3636,1637,37,2,365.20
3637,1638,38,3,71.63
3638,1639,39,4,99.51
3639,1640,40,5,42.15
3640,1641,41,1,485.46
3641,1642,42,2,499.17
3642,1643,43,3,256.19
3643,1644,44,4,231.71
3644,1645,45,5,342.54
3645,1646,46,1,186.99
3646,1647,47,2,169.55
3647,1648,48,3,14.53
3648,1649,49,4,105.28
3649,1650,50,5,192.63
3650,1651,51,1,446.07
3651,1652,52,2,469.59
3652,1653,53,3,208.11
3653,1654,54,4,203.28
3654,1655,55,5,215.14
3655,1656,56,1,482.50
3656,1657,57,2,343.41
3657,1658,58,3,168.20
3658,1659,59,4,151.08
3659,1660,60,5,368.58
3660,1661,61,1,284.93
3661,1662,62,2,303.35
3662,1663,63,3,79.80
3663,1664,64,4,431.68
3664,1665,65,5,201.57
3665,1666,66,1,364.18
3666,1667,67,2,226.59
3667,1668,68,3,191.36
3668,1669,69,4,299.90
3669,1670,70,5,357.52
3670,1671,71,1,275.29
3671,1672,72,2,146.78
3672,1673,73,3,475.05
3673,1674,74,4,200.23
3674,1675,75,5,247.72
3675,1676,76,1,195.87
3676,1677,77,2,97.31
3677,1678,78,3,367.11
3678,1679,79,4,298.93
3679,1680,80,5,88.59
3680,1681,81,1,23.41
3681,1682,82,2,312.37
3682,1683,83,3,28.63
3683,1684,84,4,81.70
3684,1685,85,5,60.12
3685,1686,86,1,319.48
3686,1687,87,2,360.76
3687,1688,88,3,52.71
3688,1689,89,4,77.70
3689,1690,90,5,379.05
3690,1691,91,1,313.73
3691,1692,92,2,150.14
3692,1693,93,3,364.98
3693,1694,94,4,169.30
3694,1695,95,5,463.83
3695,1696,96,1,187.03
3696,1697,97,2,363.35
3697,1698,98,3,472.78
3698,1699,99,4,413.07
3699,1700,100,5,142.43
3700,1701,101,1,44.51
3701,1702,102,2,434.84
3702,1703,103,3,151.31
3703,1704,104,4,80.33
3704,1705,105,5,382.86
3705,1706,106,1,193.78
3706,1707,107,2,165.46
3707,1708,108,3,295.42
3708,1709,109,4,70.39
3709,1710,110,5,14.07
3710,1711,111,1,71.09
3711,1712,112,2,356.81
3712,1713,113,3,470.57
3713,1714,114,4,169.71
3714,1715,115,5,440.27
3715,1716,116,1,335.05
3716,1717,117,2,122.83
3717,1718,118,3,430.56
3718,1719,119,4,474.39
3719,1720,120,5,269.27
3720,1721,121,1,243.23
3721,1722,122,2,40.31
3722,1723,123,3,331.49
3723,1724,124,4,164.88
3724,1725,125,5,26.82
3725,1726,126,1,239.13
3726,1727,127,2,323.81
3727,1728,128,3,338.40
3728,1729,129,4,173.01
3729,1730,130,5,160.78
3730,1731,131,1,328.30
3731,1732,132,2,131.82
3732,1733,133,3,301.95
3733,1734,134,4,440.24
3734,1735,135,5,158.92
3735,1736,136,1,396.26
3736,1737,137,2,496.15
3737,1738,138,3,184.10
3738,1739,139,4,367.11
3739,1740,140,5,120.51
3740,1741,141,1,323.55
3741,1742,142,2,421.86
3742,1743,143,3,399.53
3743,1744,144,4,48.27
3744,1745,145,5,48.77
3745,1746,146,1,254.00
3746,1747,147,2,475.19
3747,1748,148,3,477.81
3748,1749,149,4,99.86
3749,1750,150,5,438.23
3750,1751,151,1,446.30
3751,1752,152,2,106.59
3752,1753,153,3,13.09
3753,1754,154,4,244.56
3754,1755,155,5,297.31
3755,1756,156,1,61.33
3756,1757,157,2,173.97
3757,1758,158,3,465.12
3758,1759,159,4,408.73
3759,1760,160,5,55.87
3760,1761,161,1,344.57
3761,1762,162,2,483.77
3762,1763,163,3,417.24
3763,1764,164,4,362.34
3764,1765,165,5,444.30
3765,1766,166,1,220.01
3766,1767,167,2,253.08
3767,1768,168,3,466.72
3768,1769,169,4,343.81
3769,1770,170,5,307.39
3770,1771,171,1,445.56
3771,1772,172,2,436.38
3772,1773,173,3,352.42
3773,1774,174,4,373.92
3774,1775,175,5,307.55
3775,1776,176,1,282.00
3776,1777,177,2,284.31
3777,1778,178,3,306.68
3778,1779,179,4,142.69
3779,1780,180,5,116.69
3780,1781,181,1,177.35
3781,1782,182,2,270.11
3782,1783,183,3,434.98
3783,1784,184,4,176.10
3784,1785,185,5,395.34
3785,1786,186,1,125.61
3786,1787,187,2,183.15
3787,1788,188,3,465.92
3788,1789,189,4,405.36
3789,1790,190,5,67.65
3790,1791,191,1,442.13
3791,1792,192,2,340.71
3792,1793,193,3,167.86
3793,1794,194,4,284.35
3794,1795,195,5,472.85
3795,1796,196,1,267.85
3796,1797,197,2,141.87
3797,1798,198,3,152.60
3798,1799,199,4,14.99
3799,1800,200,5,382.58
3800,1801,1,1,61.39
3801,1802,2,2,420.75
3802,1803,3,3,414.19
3803,1804,4,4,442.28
3804,1805,5,5,312.15
3805,1806,6,1,253.85
3806,1807,7,2,378.59
3807,1808,8,3,287.40
3808,1809,9,4,51.24
3809,1810,10,5,430.00
3810,1811,11,1,168.02
3811,1812,12,2,341.33
3812,1813,13,3,235.23
3813,1814,14,4,343.71
3814,1815,15,5,221.96
3815,1816,16,1,239.91
3816,1817,17,2,109.38
3817,1818,18,3,100.39
3818,1819,19,4,328.26
3819,1820,20,5,349.66
3820,1821,21,1,277.67
3821,1822,22,2,195.21
3822,1823,23,3,307.43
3823,1824,24,4,11.67
3824,1825,25,5,91.74
3825,1826,26,1,418.41
3826,1827,27,2,204.23
3827,1828,28,3,484.29
3828,1829,29,4,26.52
3829,1830,30,5,312.54
3830,1831,31,1,164.58
3831,1832,32,2,335.70
3832,1833,33,3,227.43
3833,1834,34,4,56.88
3834,1835,35,5,58.97
3835,1836,36,1,479.50
3836,1837,37,2,23.96
3837,1838,38,3,313.57
3838,1839,39,4,453.50
3839,1840,40,5,436.58
3840,1841,41,1,55.61
3841,1842,42,2,341.17
3842,1843,43,3,307.25
3843,1844,44,4,140.59
3844,1845,45,5,401.37
3845,1846,46,1,164.09
3846,1847,47,2,80.62
3847,1848,48,3,267.25
3848,1849,49,4,374.74
3849,1850,50,5,301.11
3850,1851,51,1,117.51
3851,1852,52,2,409.54
3852,1853,53,3,337.81
3853,1854,54,4,312.43
3854,1855,55,5,384.25
3855,1856,56,1,143.13
3856,1857,57,2,339.15
3857,1858,58,3,118.41
3858,1859,59,4,426.57
3859,1860,60,5,328.67
3860,1861,61,1,66.39
3861,1862,62,2,43.17
3862,1863,63,3,123.11
3863,1864,64,4,268.66
3864,1865,65,5,476.87
3865,1866,66,1,216.98
3866,1867,67,2,320.83
3867,1868,68,3,249.20
3868,1869,69,4,157.29
3869,1870,70,5,175.47
3870,1871,71,1,176.48
3871,1872,72,2,154.99
3872,1873,73,3,431.55
3873,1874,74,4,135.51
3874,1875,75,5,480.26
3875,1876,76,1,179.03
3876,1877,77,2,349.30
3877,1878,78,3,378.05
3878,1879,79,4,268.92
3879,1880,80,5,456.48
3880,1881,81,1,219.51
3881,1882,82,2,311.74
3882,1883,83,3,393.82
3883,1884,84,4,354.33
3884,1885,85,5,124.97
3885,1886,86,1,48.84
3886,1887,87,2,468.83
3887,1888,88,3,66.58
3888,1889,89,4,165.29
3889,1890,90,5,475.53
3890,1891,91,1,308.17
3891,1892,92,2,80.35
3892,1893,93,3,346.75
3893,1894,94,4,76.61
3894,1895,95,5,205.24
3895,1896,96,1,32.48
3896,1897,97,2,58.15
1504,1505,105,5,407.63
1505,1506,106,1,53.54
1506,1507,107,2,398.28
1507,1508,108,3,366.00
1508,1509,109,4,473.19
1509,1510,110,5,155.06
1510,1511,111,1,178.09
1511,1512,112,2,197.09
1512,1513,113,3,244.09
1513,1514,114,4,111.48
1514,1515,115,5,371.93
1515,1516,116,1,418.86
1516,1517,117,2,187.91
1517,1518,118,3,29.90
1518,1519,119,4,367.00
1519,1520,120,5,144.79
1520,1521,121,1,36.63
1521,1522,122,2,390.45
1522,1523,123,3,472.73
1523,1524,124,4,242.51
1524,1525,125,5,11.26
1525,1526,126,1,24.94
1526,1527,127,2,84.72
1527,1528,128,3,375.56
1528,1529,129,4,12.69
1529,1530,130,5,331.26
1530,1531,131,1,323.45
1531,1532,132,2,262.07
1532,1533,133,3,268.19
1533,1534,134,4,482.60
1534,1535,135,5,279.92
1535,1536,136,1,143.89
1536,1537,137,2,480.84
1537,1538,138,3,360.41
1538,1539,139,4,486.05
1539,1540,140,5,162.54
1540,1541,141,1,127.22
1541,1542,142,2,396.74
1542,1543,143,3,462.63
1543,1544,144,4,163.87
1544,1545,145,5,366.71
1545,1546,146,1,86.70
1546,1547,147,2,35.51
1547,1548,148,3,130.14
1548,1549,149,4,105.59
1549,1550,150,5,369.04
1550,1551,151,1,58.28
1551,1552,152,2,334.66
1552,1553,153,3,210.53
1553,1554,154,4,111.12
1554,1555,155,5,375.48
1555,1556,156,1,207.74
1556,1557,157,2,34.33
1557,1558,158,3,186.10
1558,1559,159,4,365.87
1559,1560,160,5,410.31
1560,1561,161,1,374.80
1561,1562,162,2,221.73
1562,1563,163,3,128.07
1563,1564,164,4,241.38
1564,1565,165,5,137.67
1565,1566,166,1,448.01
1566,1567,167,2,330.98
1567,1568,168,3,224.92
1568,1569,169,4,461.88
1569,1570,170,5,357.99
1570,1571,171,1,81.39
1571,1572,172,2,305.13
1572,1573,173,3,416.64
1573,1574,174,4,329.64
1574,1575,175,5,298.66
1575,1576,176,1,393.34
1576,1577,177,2,467.15
1577,1578,178,3,498.24
1578,1579,179,4,362.64
1579,1580,180,5,106.85
1580,1581,181,1,383.98
1581,1582,182,2,133.00
1582,1583,183,3,210.22
1583,1584,184,4,213.22
1584,1585,185,5,432.38
1585,1586,186,1,198.93
1586,1587,187,2,459.82
1587,1588,188,3,292.53
1588,1589,189,4,168.70
1589,1590,190,5,145.79
1590,1591,191,1,54.20
1591,1592,192,2,355.64
1592,1593,193,3,82.13
1593,1594,194,4,114.12
1594,1595,195,5,393.92
1595,1596,196,1,254.89
1596,1597,197,2,344.74
1597,1598,198,3,293.61
1598,1599,199,4,378.79
1599,1600,200,5,328.59
1600,1601,1,1,434.69
1601,1602,2,2,106.90
1602,1603,3,3,425.27
1603,1604,4,4,22.23
1604,1605,5,5,198.68
1605,1606,6,1,346.94
1606,1607,7,2,227.99
1607,1608,8,3,177.68
1608,1609,9,4,109.35
1609,1610,10,5,238.13
1610,1611,11,1,304.59
1611,1612,12,2,408.31
1612,1613,13,3,309.10
1613,1614,14,4,76.09
1614,1615,15,5,123.53
1615,1616,16,1,307.18
1616,1617,17,2,410.66
1617,1618,18,3,87.89
1618,1619,19,4,33.91
1619,1620,20,5,296.37
1620,1621,21,1,93.79
1621,1622,22,2,375.18
1622,1623,23,3,80.56
1623,1624,24,4,44.02
1624,1625,25,5,462.11
1625,1626,26,1,465.31
1626,1627,27,2,60.02
1627,1628,28,3,261.38
1628,1629,29,4,123.25
1629,1630,30,5,177.45
1630,1631,31,1,221.93
1631,1632,32,2,401.84
1632,1633,33,3,105.14
1633,1634,34,4,287.91
1634,1635,35,5,119.08
1635,1636,36,1,82.66
1636,1637,37,2,469.94
1637,1638,38,3,428.21
1638,1639,39,4,380.90
1639,1640,40,5,41.73
1640,1641,41,1,427.06
1641,1642,42,2,264.41
1642,1643,43,3,200.84
1643,1644,44,4,467.81
1644,1645,45,5,211.88
1645,1646,46,1,167.73
1646,1647,47,2,162.81
1647,1648,48,3,482.79
1648,1649,49,4,192.01
1649,1650,50,5,417.83
1650,1651,51,1,51.26
1651,1652,52,2,428.54
1652,1653,53,3,168.79
1653,1654,54,4,449.35
1654,1655,55,5,362.61
1655,1656,56,1,396.80
1656,1657,57,2,72.21
1657,1658,58,3,475.28
1658,1659,59,4,273.61
1659,1660,60,5,311.93
1660,1661,61,1,24.39
1661,1662,62,2,439.92
1662,1663,63,3,79.52
1663,1664,64,4,204.50
1664,1665,65,5,26.04
1665,1666,66,1,413.67
1666,1667,67,2,480.97
1667,1668,68,3,279.04
1668,1669,69,4,494.30
1669,1670,70,5,494.43
1670,1671,71,1,338.91
1671,1672,72,2,337.72
1672,1673,73,3,342.29
1673,1674,74,4,224.75
1674,1675,75,5,264.18
1675,1676,76,1,295.67
1676,1677,77,2,42.90
1677,1678,78,3,233.37
1678,1679,79,4,26.81
1679,1680,80,5,154.12
1680,1681,81,1,383.14
1681,1682,82,2,101.28
1682,1683,83,3,189.91
1683,1684,84,4,282.04
1684,1685,85,5,126.80
1685,1686,86,1,84.54
1686,1687,87,2,298.64
1687,1688,88,3,167.36
1688,1689,89,4,263.20
1689,1690,90,5,382.68
1690,1691,91,1,384.59
1691,1692,92,2,484.33
1692,1693,93,3,368.14
1693,1694,94,4,450.42
1694,1695,95,5,236.23
1695,1696,96,1,443.10
1696,1697,97,2,178.07
1697,1698,98,3,181.80
1698,1699,99,4,246.85
1699,1700,100,5,206.18
1700,1701,101,1,162.15
1701,1702,102,2,491.72
1702,1703,103,3,320.51
1703,1704,104,4,34.30
1704,1705,105,5,142.57
1705,1706,106,1,305.44
1706,1707,107,2,224.21
1707,1708,108,3,201.69
1708,1709,109,4,182.72
1709,1710,110,5,379.42
1710,1711,111,1,50.92
1711,1712,112,2,445.35
1712,1713,113,3,76.56
1713,1714,114,4,453.52
1714,1715,115,5,93.97
1715,1716,116,1,141.19
1716,1717,117,2,24.47
1717,1718,118,3,368.16
1718,1719,119,4,361.85
1719,1720,120,5,279.24
1720,1721,121,1,296.35
1721,1722,122,2,365.55
1722,1723,123,3,263.38
1723,1724,124,4,362.44
1724,1725,125,5,444.85
1725,1726,126,1,75.13
1726,1727,127,2,280.82
1727,1728,128,3,20.37
1728,1729,129,4,396.55
1729,1730,130,5,11.03
1730,1731,131,1,491.85
1731,1732,132,2,195.06
1732,1733,133,3,225.09
1733,1734,134,4,337.33
1734,1735,135,5,178.42
1735,1736,136,1,25.71
1736,1737,137,2,396.71
1737,1738,138,3,404.12
1738,1739,139,4,473.73
1739,1740,140,5,299.53
1740,1741,141,1,453.97
1741,1742,142,2,339.55
1742,1743,143,3,112.71
1743,1744,144,4,329.76
1744,1745,145,5,336.20
1745,1746,146,1,468.56
1746,1747,147,2,125.52
1747,1748,148,3,382.60
1748,1749,149,4,318.58
1749,1750,150,5,98.08
1750,1751,151,1,222.34
1751,1752,152,2,464.42
1752,1753,153,3,47.35
1753,1754,154,4,10.23
1754,1755,155,5,68.62
1755,1756,156,1,107.00
1756,1757,157,2,66.85
1757,1758,158,3,101.34
1758,1759,159,4,44.67
1759,1760,160,5,39.12
1760,1761,161,1,306.47
1761,1762,162,2,216.06
1762,1763,163,3,386.75
1763,1764,164,4,397.81
1764,1765,165,5,216.75
1765,1766,166,1,219.34
1766,1767,167,2,461.06
1767,1768,168,3,463.27
1768,1769,169,4,357.64
1769,1770,170,5,67.71
1770,1771,171,1,430.72
1771,1772,172,2,468.43
1772,1773,173,3,207.71
1773,1774,174,4,464.56
1774,1775,175,5,108.99
1775,1776,176,1,132.55
1776,1777,177,2,334.11
1777,1778,178,3,378.90
1778,1779,179,4,245.04
1779,1780,180,5,263.42
1780,1781,181,1,163.21
1781,1782,182,2,493.16
1782,1783,183,3,474.78
1783,1784,184,4,433.90
1784,1785,185,5,11.26
1785,1786,186,1,60.46
1786,1787,187,2,292.06
1787,1788,188,3,281.94
1788,1789,189,4,428.66
1789,1790,190,5,213.09
1790,1791,191,1,54.83
1791,1792,192,2,203.18
1792,1793,193,3,120.18
1793,1794,194,4,360.49
1794,1795,195,5,197.34
1795,1796,196,1,170.71
1796,1797,197,2,58.90
1797,1798,198,3,73.77
1798,1799,199,4,293.03
1799,1800,200,5,193.84
1800,1801,1,1,36.26
1801,1802,2,2,56.24
1802,1803,3,3,351.03
1803,1804,4,4,26.29
1804,1805,5,5,62.64
1805,1806,6,1,321.33
1806,1807,7,2,96.97
1807,1808,8,3,371.46
1808,1809,9,4,379.13
1809,1810,10,5,303.66
1810,1811,11,1,360.42
1811,1812,12,2,220.07
1812,1813,13,3,94.50
1813,1814,14,4,19.46
1814,1815,15,5,463.02
1815,1816,16,1,307.72
1816,1817,17,2,266.52
1817,1818,18,3,178.81
1818,1819,19,4,179.75
1819,1820,20,5,145.41
1820,1821,21,1,422.44
1821,1822,22,2,15.89
1822,1823,23,3,166.45
1823,1824,24,4,467.81
1824,1825,25,5,418.19
1825,1826,26,1,128.06
1826,1827,27,2,139.15
1827,1828,28,3,256.61
1828,1829,29,4,38.33
1829,1830,30,5,392.02
1830,1831,31,1,316.39
1831,1832,32,2,360.37
1832,1833,33,3,425.14
1833,1834,34,4,96.08
1834,1835,35,5,279.71
1835,1836,36,1,215.86
1836,1837,37,2,314.50
1837,1838,38,3,71.75
1838,1839,39,4,305.36
1839,1840,40,5,380.39
1840,1841,41,1,354.12
1841,1842,42,2,152.48
1842,1843,43,3,492.01
1843,1844,44,4,23.16
1844,1845,45,5,222.55
1845,1846,46,1,17.85
1846,1847,47,2,10.90
1847,1848,48,3,376.70
1848,1849,49,4,39.30
1849,1850,50,5,367.09
1850,1851,51,1,306.13
1851,1852,52,2,471.33
1852,1853,53,3,79.65
1853,1854,54,4,449.48
1854,1855,55,5,161.65
1855,1856,56,1,444.45
1856,1857,57,2,174.30
1857,1858,58,3,480.18
1858,1859,59,4,272.90
1859,1860,60,5,90.97
1860,1861,61,1,213.36
1861,1862,62,2,403.35
1862,1863,63,3,231.83
1863,1864,64,4,304.27
1864,1865,65,5,389.73
1865,1866,66,1,140.13
1866,1867,67,2,425.92
1867,1868,68,3,399.00
1868,1869,69,4,81.21
1869,1870,70,5,268.38
1870,1871,71,1,188.11
1871,1872,72,2,120.64
1872,1873,73,3,321.29
1873,1874,74,4,171.76
1874,1875,75,5,158.58
1875,1876,76,1,144.99
1876,1877,77,2,23.73
1877,1878,78,3,167.36
1878,1879,79,4,344.51
1879,1880,80,5,447.49
1880,1881,81,1,485.15
1881,1882,82,2,435.27
1882,1883,83,3,227.94
1883,1884,84,4,107.98
1884,1885,85,5,341.50
1885,1886,86,1,468.04
1886,1887,87,2,304.82
1887,1888,88,3,99.44
1888,1889,89,4,76.26
1889,1890,90,5,52.61
1890,1891,91,1,296.83
1891,1892,92,2,27.86
1892,1893,93,3,465.11
1893,1894,94,4,37.19
1894,1895,95,5,184.66
1895,1896,96,1,243.85
1896,1897,97,2,282.61
1897,1898,98,3,417.93
1898,1899,99,4,412.16
1899,1900,100,5,293.76
1900,1901,101,1,276.22
1901,1902,102,2,189.01
1902,1903,103,3,487.34
1903,1904,104,4,350.59
1904,1905,105,5,38.86
1905,1906,106,1,454.70
1906,1907,107,2,116.32
1907,1908,108,3,93.39
1908,1909,109,4,116.84
1909,1910,110,5,496.16
1910,1911,111,1,391.94
1911,1912,112,2,159.45
1912,1913,113,3,415.45
1913,1914,114,4,490.84
1914,1915,115,5,188.95
1915,1916,116,1,54.86
1916,1917,117,2,371.40
1917,1918,118,3,36.66
1918,1919,119,4,393.71
1919,1920,120,5,455.99
1920,1921,121,1,182.74
1921,1922,122,2,222.75
1922,1923,123,3,416.86
1923,1924,124,4,46.31
1924,1925,125,5,295.57
1925,1926,126,1,362.77
1926,1927,127,2,354.49
1927,1928,128,3,103.91
1928,1929,129,4,89.70
1929,1930,130,5,70.74
1930,1931,131,1,428.74
1931,1932,132,2,289.96
1932,1933,133,3,346.37
1933,1934,134,4,331.85
1934,1935,135,5,298.07
1935,1936,136,1,24.01
1936,1937,137,2,389.97
1937,1938,138,3,334.26
1938,1939,139,4,191.37
1939,1940,140,5,448.34
1940,1941,141,1,464.21
1941,1942,142,2,196.77
1942,1943,143,3,248.89
1943,1944,144,4,481.71
1944,1945,145,5,43.44
1945,1946,146,1,475.78
1946,1947,147,2,72.72
1947,1948,148,3,336.50
1948,1949,149,4,63.85
1949,1950,150,5,78.37
1950,1951,151,1,199.84
1951,1952,152,2,455.35
1952,1953,153,3,140.69
1953,1954,154,4,329.02
1954,1955,155,5,330.07
1955,1956,156,1,71.79
1956,1957,157,2,51.78
1957,1958,158,3,341.83
1958,1959,159,4,444.49
1959,1960,160,5,118.55
1960,1961,161,1,25.44
1961,1962,162,2,45.06
1962,1963,163,3,373.34
1963,1964,164,4,453.21
1964,1965,165,5,328.01
1965,1966,166,1,190.01
1966,1967,167,2,173.46
1967,1968,168,3,305.43
1968,1969,169,4,325.09
1969,1970,170,5,370.32
1970,1971,171,1,493.20
1971,1972,172,2,335.60
1972,1973,173,3,223.42
1973,1974,174,4,142.60
1974,1975,175,5,437.70
1975,1976,176,1,216.18
1976,1977,177,2,198.54
1977,1978,178,3,479.57
1978,1979,179,4,372.82
1979,1980,180,5,349.42
1980,1981,181,1,431.14
1981,1982,182,2,54.34
1982,1983,183,3,59.26
1983,1984,184,4,220.38
1984,1985,185,5,389.76
1985,1986,186,1,258.81
1986,1987,187,2,351.75
1987,1988,188,3,388.15
1988,1989,189,4,173.68
1989,1990,190,5,242.57
1990,1991,191,1,132.56
1991,1992,192,2,405.42
1992,1993,193,3,369.32
1993,1994,194,4,64.71
1994,1995,195,5,401.55
1995,1996,196,1,292.22
1996,1997,197,2,376.78
1997,1998,198,3,412.35
1998,1999,199,4,287.14
1999,2000,200,5,358.53
2000,1,1,1,346.10
2001,2,2,2,65.92
2002,3,3,3,172.11
2003,4,4,4,277.27
2004,5,5,5,210.97
2005,6,6,1,137.54
2006,7,7,2,171.53
2007,8,8,3,329.22
2008,9,9,4,308.59
2009,10,10,5,202.89
2010,11,11,1,411.21
2011,12,12,2,472.91
2012,13,13,3,386.17
2013,14,14,4,493.75
2014,15,15,5,328.94
2015,16,16,1,405.20
2016,17,17,2,293.87
2017,18,18,3,225.09
2018,19,19,4,341.36
2019,20,20,5,491.69
2020,21,21,1,422.58
2021,22,22,2,296.01
2022,23,23,3,210.84
2023,24,24,4,194.41
2024,25,25,5,425.03
2025,26,26,1,394.75
2026,27,27,2,127.82
2027,28,28,3,100.20
2028,29,29,4,54.95
2029,30,30,5,224.83
2030,31,31,1,74.71
2031,32,32,2,44.64
2032,33,33,3,45.49
2033,34,34,4,44.92
2034,35,35,5,126.69
2035,36,36,1,142.11
2036,37,37,2,181.87
2037,38,38,3,220.79
2038,39,39,4,49.61
2039,40,40,5,198.35
2040,41,41,1,451.70
2041,42,42,2,262.96
2042,43,43,3,361.06
2043,44,44,4,59.84
2044,45,45,5,236.32
2045,46,46,1,451.49
2046,47,47,2,310.61
2047,48,48,3,163.19
2048,49,49,4,279.80
2049,50,50,5,242.91
2050,51,51,1,283.90
2051,52,52,2,299.36
2052,53,53,3,208.36
2053,54,54,4,487.98
2054,55,55,5,52.95
2055,56,56,1,271.13
2056,57,57,2,450.67
2057,58,58,3,289.93
2058,59,59,4,367.47
2059,60,60,5,255.93
2060,61,61,1,352.37
2061,62,62,2,236.25
2062,63,63,3,363.87
2063,64,64,4,344.08
2064,65,65,5,237.81
2065,66,66,1,37.90
2066,67,67,2,115.02
2067,68,68,3,68.04
2068,69,69,4,214.55
2069,70,70,5,368.54
2070,71,71,1,103.55
2071,72,72,2,245.57
2072,73,73,3,478.05
2073,74,74,4,202.42
2074,75,75,5,51.53
2075,76,76,1,158.91
2076,77,77,2,247.51
2077,78,78,3,21.46
2078,79,79,4,347.60
2079,80,80,5,204.83
2080,81,81,1,137.66
2081,82,82,2,401.73
2082,83,83,3,389.57
2083,84,84,4,253.31
2084,85,85,5,212.81
2085,86,86,1,117.66
2086,87,87,2,305.77
2087,88,88,3,486.16
2088,89,89,4,324.85
2089,90,90,5,484.17
2090,91,91,1,388.04
2091,92,92,2,34.24
2092,93,93,3,447.04
2093,94,94,4,403.47
2094,95,95,5,42.43
2095,96,96,1,189.51
2096,97,97,2,290.87
2097,98,98,3,466.09
2098,99,99,4,117.88
2099,100,100,5,440.87
2100,101,101,1,320.04
2101,102,102,2,404.16
2102,103,103,3,398.76
2103,104,104,4,257.85
2104,105,105,5,435.32
2105,106,106,1,325.44
2106,107,107,2,448.27
2107,108,108,3,445.87
2108,109,109,4,499.44
2109,110,110,5,390.55
2110,111,111,1,465.96
2111,112,112,2,88.33
2112,113,113,3,191.65
2113,114,114,4,257.04
2114,115,115,5,499.24
2115,116,116,1,65.18
2116,117,117,2,343.91
2117,118,118,3,169.64
2118,119,119,4,330.24
2119,120,120,5,62.66
2120,121,121,1,22.07
2121,122,122,2,493.06
2122,123,123,3,92.28
2123,124,124,4,161.59
2124,125,125,5,272.02
2125,126,126,1,135.97
2126,127,127,2,425.08
2127,128,128,3,268.92
2128,129,129,4,168.50
2129,130,130,5,159.42
2130,131,131,1,99.78
2131,132,132,2,67.54
2132,133,133,3,415.62
2133,134,134,4,246.37
2134,135,135,5,452.68
2135,136,136,1,72.98
2136,137,137,2,227.16
2137,138,138,3,337.83
2138,139,139,4,199.18
2139,140,140,5,212.25
2140,141,141,1,498.21
2141,142,142,2,271.73
2142,143,143,3,74.48
2143,144,144,4,16.50
2144,145,145,5,241.21
2145,146,146,1,387.27
2146,147,147,2,89.43
2147,148,148,3,290.95
2148,149,149,4,73.11
2149,150,150,5,362.66
2150,151,151,1,242.16
2151,152,152,2,302.94
2152,153,153,3,459.15
2153,154,154,4,200.17
2154,155,155,5,102.46
2155,156,156,1,92.05
2156,157,157,2,40.13
2157,158,158,3,323.84
2158,159,159,4,26.78
2159,160,160,5,103.83
2160,161,161,1,474.85
2161,162,162,2,48.04
2162,163,163,3,13.41
2163,164,164,4,415.05
2164,165,165,5,136.92
2165,166,166,1,418.64
2166,167,167,2,151.31
2167,168,168,3,408.81
2168,169,169,4,94.88
2169,170,170,5,198.42
2170,171,171,1,267.43
2171,172,172,2,342.12
2172,173,173,3,431.36
2173,174,174,4,394.72
2174,175,175,5,69.16
2175,176,176,1,253.28
2176,177,177,2,380.33
2177,178,178,3,171.71
2178,179,179,4,442.55
2179,180,180,5,335.13
2180,181,181,1,488.64
2181,182,182,2,167.24
2182,183,183,3,71.86
2183,184,184,4,127.65
2184,185,185,5,349.58
2185,186,186,1,192.24
2186,187,187,2,149.60
2187,188,188,3,445.75
2188,189,189,4,70.21
2189,190,190,5,469.46
2190,191,191,1,166.81
2191,192,192,2,202.01
2192,193,193,3,375.88
2193,194,194,4,202.59
2194,195,195,5,127.30
2195,196,196,1,135.13
2196,197,197,2,190.36
2197,198,198,3,215.79
2198,199,199,4,415.31
2199,200,200,5,326.08
2200,201,1,1,85.69
2201,202,2,2,346.86
2202,203,3,3,133.08
2203,204,4,4,494.47
2204,205,5,5,257.38
2205,206,6,1,301.32
2206,207,7,2,56.21
2207,208,8,3,339.48
2208,209,9,4,361.88
2209,210,10,5,45.01
2210,211,11,1,417.18
2211,212,12,2,28.77
2212,213,13,3,481.08
2213,214,14,4,88.64
2214,215,15,5,221.47
2215,216,16,1,324.43
2216,217,17,2,230.28
2217,218,18,3,153.01
2218,219,19,4,360.80
2219,220,20,5,197.13
2220,221,21,1,388.09
2221,222,22,2,308.11
2222,223,23,3,110.83
2223,224,24,4,460.75
2224,225,25,5,391.01
2225,226,26,1,384.74
2226,227,27,2,467.25
2227,228,28,3,121.73
2228,229,29,4,110.51
2229,230,30,5,474.47
2230,231,31,1,79.36
2231,232,32,2,456.03
2232,233,33,3,18.57
2233,234,34,4,75.62
2234,235,35,5,329.60
2235,236,36,1,246.02
2236,237,37,2,458.56
2237,238,38,3,118.07
2238,239,39,4,457.13
2239,240,40,5,211.46
2240,241,41,1,227.25
2241,242,42,2,66.78
2242,243,43,3,464.52
2243,244,44,4,51.29
2244,245,45,5,58.09
2245,246,46,1,378.28
2246,247,47,2,26.45
2247,248,48,3,106.16
2248,249,49,4,345.60
2249,250,50,5,478.11
2250,251,51,1,322.26
2251,252,52,2,78.46
2252,253,53,3,23.91
2253,254,54,4,26.14
2254,255,55,5,286.84
2255,256,56,1,466.70
2256,257,57,2,231.60
2257,258,58,3,100.33
2258,259,59,4,116.20
2259,260,60,5,357.90
2260,261,61,1,275.79
2261,262,62,2,125.57
2262,263,63,3,295.51
2263,264,64,4,370.45
2264,265,65,5,110.63
2265,266,66,1,246.78
2266,267,67,2,264.79
2267,268,68,3,439.63
2268,269,69,4,196.71
2269,270,70,5,178.60
2270,271,71,1,35.90
2271,272,72,2,447.53
2272,273,73,3,209.79
2273,274,74,4,325.33
2274,275,75,5,238.41
2275,276,76,1,436.18
2276,277,77,2,186.40
2277,278,78,3,127.28
2278,279,79,4,66.92
2279,280,80,5,236.61
2280,281,81,1,362.85
2281,282,82,2,289.51
2282,283,83,3,190.18
2283,284,84,4,124.42
2284,285,85,5,490.61
2285,286,86,1,356.19
2286,287,87,2,422.73
2287,288,88,3,240.17
2288,289,89,4,165.95
2289,290,90,5,435.80
2290,291,91,1,103.91
2291,292,92,2,234.34
2292,293,93,3,233.64
2293,294,94,4,252.63
2294,295,95,5,81.91
2295,296,96,1,327.87
2296,297,97,2,303.55
2297,298,98,3,229.31
2298,299,99,4,480.92
2299,300,100,5,244.80
2300,301,101,1,56.89
2301,302,102,2,52.34
2302,303,103,3,53.69
2303,304,104,4,55.39
2304,305,105,5,303.43
2305,306,106,1,60.67
2306,307,107,2,14.64
2307,308,108,3,200.30
2308,309,109,4,143.42
2309,310,110,5,343.75
2310,311,111,1,203.31
2311,312,112,2,94.45
2312,313,113,3,379.84
2313,314,114,4,296.38
2314,315,115,5,472.31
2315,316,116,1,266.40
2316,317,117,2,471.76
2317,318,118,3,218.23
2318,319,119,4,110.63
2319,320,120,5,266.58
2320,321,121,1,182.57
2321,322,122,2,358.70
2322,323,123,3,173.98
2323,324,124,4,420.35
2324,325,125,5,421.24
2325,326,126,1,107.81
2326,327,127,2,275.40
2327,328,128,3,13.34
2328,329,129,4,54.64
2329,330,130,5,219.34
2330,331,131,1,180.99
2331,332,132,2,233.28
2332,333,133,3,169.62
2333,334,134,4,110.60
2334,335,135,5,282.00
2335,336,136,1,166.28
2336,337,137,2,340.18
2337,338,138,3,194.83
2338,339,139,4,314.72
2339,340,140,5,134.02
2340,341,141,1,199.95
2341,342,142,2,126.04
2342,343,143,3,324.62
2343,344,144,4,45.79
2344,345,145,5,232.18
2345,346,146,1,76.23
2346,347,147,2,490.74
2347,348,148,3,205.41
2348,349,149,4,460.87
2349,350,150,5,182.54
2350,351,151,1,94.45
2351,352,152,2,476.12
2352,353,153,3,88.01
2353,354,154,4,154.90
2354,355,155,5,165.15
2355,356,156,1,468.12
2356,357,157,2,150.15
2357,358,158,3,319.09
2358,359,159,4,58.73
2359,360,160,5,348.07
2360,361,161,1,270.01
2361,362,162,2,185.63
2362,363,163,3,423.58
2363,364,164,4,303.03
2364,365,165,5,444.36
2365,366,166,1,475.32
2366,367,167,2,250.73
2367,368,168,3,220.02
2368,369,169,4,481.21
2369,370,170,5,287.03
2370,371,171,1,390.42
2371,372,172,2,171.71
2372,373,173,3,334.27
2373,374,174,4,425.25
2374,375,175,5,302.36
2375,376,176,1,404.75
2376,377,177,2,424.93
2377,378,178,3,164.71
2378,379,179,4,125.76
2379,380,180,5,382.10
2380,381,181,1,280.35
2381,382,182,2,359.85
2382,383,183,3,479.46
2383,384,184,4,132.65
2384,385,185,5,364.24
2385,386,186,1,336.14
2386,387,187,2,201.40
2387,388,188,3,309.77
2388,389,189,4,419.69
2389,390,190,5,330.74
2390,391,191,1,14.35
2391,392,192,2,110.19
2392,393,193,3,370.45
2393,394,194,4,238.30
2394,395,195,5,427.06
2395,396,196,1,144.30
2396,397,197,2,101.36
2397,398,198,3,75.35
2398,399,199,4,255.80
2399,400,200,5,213.39
2400,401,1,1,353.26
2401,402,2,2,381.16
2402,403,3,3,367.11
2403,404,4,4,295.14
2404,405,5,5,107.79
2405,406,6,1,386.81
2406,407,7,2,380.88
2407,408,8,3,12.95
2408,409,9,4,309.61
2409,410,10,5,280.91
2410,411,11,1,350.23
2411,412,12,2,420.50
2412,413,13,3,178.94
2413,414,14,4,38.19
2414,415,15,5,470.72
2415,416,16,1,134.24
2416,417,17,2,21.77
2417,418,18,3,124.99
2418,419,19,4,112.81
2419,420,20,5,364.05
2420,421,21,1,306.05
2421,422,22,2,255.08
2422,423,23,3,320.20
2423,424,24,4,351.66
2424,425,25,5,25.34
2425,426,26,1,317.48
2426,427,27,2,306.01
2427,428,28,3,425.63
2428,429,29,4,490.60
2429,430,30,5,58.17
2430,431,31,1,118.14
2431,432,32,2,278.19
2432,433,33,3,45.87
2433,434,34,4,482.87
2434,435,35,5,177.24
2435,436,36,1,378.13
2436,437,37,2,246.66
2437,438,38,3,360.34
2438,439,39,4,135.60
2439,440,40,5,173.85
2440,441,41,1,117.05
2441,442,42,2,51.63
2442,443,43,3,230.27
2443,444,44,4,98.64
2444,445,45,5,358.93
2445,446,46,1,475.07
2446,447,47,2,234.43
2447,448,48,3,382.22
2448,449,49,4,353.29
2449,450,50,5,39.86
2450,451,51,1,498.35
2451,452,52,2,397.41
2452,453,53,3,320.43
2453,454,54,4,76.01
2454,455,55,5,65.05
2455,456,56,1,368.60
2456,457,57,2,198.63
2457,458,58,3,173.12
2458,459,59,4,220.77
2459,460,60,5,98.38
2460,461,61,1,434.98
2461,462,62,2,489.01
2462,463,63,3,281.14
2463,464,64,4,345.49
2464,465,65,5,263.78
2465,466,66,1,27.47
2466,467,67,2,298.64
2467,468,68,3,415.61
2468,469,69,4,388.53
2469,470,70,5,106.32
2470,471,71,1,298.09
2471,472,72,2,128.82
2472,473,73,3,166.62
2473,474,74,4,333.08
2474,475,75,5,452.69
2475,476,76,1,164.98
2476,477,77,2,230.15
2477,478,78,3,54.63
2478,479,79,4,233.88
2479,480,80,5,368.63
2480,481,81,1,347.34
2481,482,82,2,304.36
2482,483,83,3,323.04
2483,484,84,4,311.02
2484,485,85,5,124.17
2485,486,86,1,173.19
2486,487,87,2,146.79
2487,488,88,3,234.51
2488,489,89,4,156.00
2489,490,90,5,388.01
2490,491,91,1,466.52
2491,492,92,2,181.64
2492,493,93,3,349.35
2493,494,94,4,406.74
2494,495,95,5,19.34
2495,496,96,1,370.84
2496,497,97,2,69.10
2497,498,98,3,28.91
2498,499,99,4,14.24
2499,500,100,5,247.46
2500,501,101,1,81.39
2501,502,102,2,32.52
2502,503,103,3,11.04
2503,504,104,4,19.91
2504,505,105,5,362.94
2505,506,106,1,451.04
2506,507,107,2,62.39
2507,508,108,3,50.57
2508,509,109,4,120.64
2509,510,110,5,288.93
2510,511,111,1,237.23
2511,512,112,2,45.98
2512,513,113,3,467.49
2513,514,114,4,43.81
2514,515,115,5,399.40
2515,516,116,1,59.15
2516,517,117,2,162.20
2517,518,118,3,417.94
2518,519,119,4,79.99
2519,520,120,5,409.78
2520,521,121,1,405.47
2521,522,122,2,265.15
2522,523,123,3,97.25
2523,524,124,4,237.89
2524,525,125,5,13.06
2525,526,126,1,307.43
2526,527,127,2,489.66
2527,528,128,3,225.71
2528,529,129,4,351.98
2529,530,130,5,456.93
2530,531,131,1,402.45
2531,532,132,2,301.53
2532,533,133,3,77.15
2533,534,134,4,234.93
2534,535,135,5,378.54
2535,536,136,1,210.28
2536,537,137,2,255.40
2537,538,138,3,375.44
2538,539,139,4,351.59
2539,540,140,5,234.81
2540,541,141,1,452.12
2541,542,142,2,374.02
2542,543,143,3,270.48
2543,544,144,4,123.48
2544,545,145,5,421.82
2545,546,146,1,365.92
2546,547,147,2,230.79
2547,548,148,3,11.55
2548,549,149,4,324.67
2549,550,150,5,89.33
2550,551,151,1,280.61
2551,552,152,2,464.57
2552,553,153,3,284.06
2553,554,154,4,101.49
2554,555,155,5,475.35
2555,556,156,1,84.44
2556,557,157,2,329.95
2557,558,158,3,490.70
2558,559,159,4,235.62
2559,560,160,5,214.93
2560,561,161,1,407.97
2561,562,162,2,454.84
2562,563,163,3,342.11
2563,564,164,4,187.79
2564,565,165,5,23.86
2565,566,166,1,115.77
2566,567,167,2,246.26
2567,568,168,3,222.89
2568,569,169,4,409.25
2569,570,170,5,251.00
2570,571,171,1,283.96
2571,572,172,2,114.32
2572,573,173,3,291.96
2573,574,174,4,340.48
2574,575,175,5,33.26
2575,576,176,1,327.29
2576,577,177,2,131.08
2577,578,178,3,318.04
2578,579,179,4,239.44
2579,580,180,5,327.73
2580,581,181,1,386.75
2581,582,182,2,270.27
2582,583,183,3,190.28
2583,584,184,4,136.05
2584,585,185,5,58.42
2585,586,186,1,377.79
2586,587,187,2,375.98
2587,588,188,3,397.10
2588,589,189,4,225.63
2589,590,190,5,114.16
2590,591,191,1,415.21
2591,592,192,2,163.37
2592,593,193,3,330.28
2593,594,194,4,193.70
2594,595,195,5,412.59
2595,596,196,1,465.98
2596,597,197,2,479.79
2597,598,198,3,16.74
2598,599,199,4,336.38
2599,600,200,5,331.07
2600,601,1,1,116.92
2601,602,2,2,14.75
2602,603,3,3,115.87
2603,604,4,4,116.63
2604,605,5,5,419.80
2605,606,6,1,303.87
2606,607,7,2,291.86
2607,608,8,3,405.14
2608,609,9,4,409.53
2609,610,10,5,214.79
2610,611,11,1,402.17
2611,612,12,2,216.70
2612,613,13,3,260.97
2613,614,14,4,415.91
2614,615,15,5,340.97
2615,616,16,1,456.39
2616,617,17,2,332.64
2617,618,18,3,218.08
2618,619,19,4,84.88
2619,620,20,5,239.49
2620,621,21,1,219.93
2621,622,22,2,161.47
2622,623,23,3,376.27
2623,624,24,4,239.52
2624,625,25,5,434.70
2625,626,26,1,196.55
2626,627,27,2,80.30
2627,628,28,3,271.75
2628,629,29,4,347.22
2629,630,30,5,359.64
2630,631,31,1,158.36
2631,632,32,2,237.99
2632,633,33,3,322.79
2633,634,34,4,345.31
2634,635,35,5,434.36
2635,636,36,1,306.56
2636,637,37,2,74.15
2637,638,38,3,472.15
2638,639,39,4,41.18
2639,640,40,5,457.95
2640,641,41,1,92.58
2641,642,42,2,278.15
2642,643,43,3,113.80
2643,644,44,4,476.60
2644,645,45,5,30.07
2645,646,46,1,256.18
2646,647,47,2,119.77
2647,648,48,3,162.91
2648,649,49,4,401.78
2649,650,50,5,487.48
2650,651,51,1,205.47
2651,652,52,2,199.72
2652,653,53,3,168.21
2653,654,54,4,212.64
2654,655,55,5,70.59
2655,656,56,1,51.62
2656,657,57,2,201.30
2657,658,58,3,186.18
2658,659,59,4,378.38
2659,660,60,5,267.02
2660,661,61,1,163.51
2661,662,62,2,440.22
2662,663,63,3,143.13
2663,664,64,4,232.32
2664,665,65,5,60.10
2665,666,66,1,336.54
2666,667,67,2,23.26
2667,668,68,3,325.12
2668,669,69,4,388.05
2669,670,70,5,372.15
2670,671,71,1,414.34
2671,672,72,2,415.22
2672,673,73,3,486.23
2673,674,74,4,188.68
2674,675,75,5,216.10
2675,676,76,1,239.99
2676,677,77,2,407.65
2677,678,78,3,486.03
2678,679,79,4,392.44
2679,680,80,5,336.48
2680,681,81,1,184.03
2681,682,82,2,275.78
2682,683,83,3,461.47
2683,684,84,4,15.43
2684,685,85,5,72.28
2685,686,86,1,218.95
2686,687,87,2,279.61
2687,688,88,3,24.09
2688,689,89,4,31.49
2689,690,90,5,312.75
2690,691,91,1,73.58
2691,692,92,2,227.66
2692,693,93,3,412.37
2693,694,94,4,174.31
2694,695,95,5,190.27
2695,696,96,1,142.68
2696,697,97,2,114.69
2697,698,98,3,127.05
2698,699,99,4,301.72
2699,700,100,5,408.12
2700,701,101,1,128.33
2701,702,102,2,34.11
2702,703,103,3,78.13
2703,704,104,4,388.01
4795,796,196,1,92.44
4796,797,197,2,75.92
4797,798,198,3,208.06
4798,799,199,4,372.12
4799,800,200,5,316.03
4800,801,1,1,116.72
4801,802,2,2,405.39
4802,803,3,3,363.85
4803,804,4,4,246.08
4804,805,5,5,341.15
4805,806,6,1,11.69
4806,807,7,2,36.64
4807,808,8,3,121.85
4808,809,9,4,148.81
4809,810,10,5,319.53
4810,811,11,1,452.32
4811,812,12,2,130.97
4812,813,13,3,345.23
4813,814,14,4,406.59
4814,815,15,5,50.03
4815,816,16,1,28.55
4816,817,17,2,241.09
4817,818,18,3,361.35
4818,819,19,4,200.24
4819,820,20,5,473.84
4820,821,21,1,126.51
4821,822,22,2,168.06
4822,823,23,3,35.56
4823,824,24,4,64.46
4824,825,25,5,101.54
4825,826,26,1,317.90
4826,827,27,2,441.36
4827,828,28,3,319.56
4828,829,29,4,220.76
4829,830,30,5,184.76
4830,831,31,1,138.76
4831,832,32,2,291.38
4832,833,33,3,90.70
4833,834,34,4,393.15
4834,835,35,5,54.78
4835,836,36,1,160.82
4836,837,37,2,470.06
4837,838,38,3,470.75
4838,839,39,4,147.80
4839,840,40,5,89.28
4840,841,41,1,380.87
4841,842,42,2,99.56
4842,843,43,3,98.87
4843,844,44,4,170.39
4844,845,45,5,203.08
4845,846,46,1,427.86
4846,847,47,2,11.40
4847,848,48,3,348.46
4848,849,49,4,12.21
4849,850,50,5,130.15
4850,851,51,1,66.28
4851,852,52,2,192.43
4852,853,53,3,366.13
4853,854,54,4,397.68
4854,855,55,5,370.49
4855,856,56,1,208.27
4856,857,57,2,223.29
4857,858,58,3,305.21
4858,859,59,4,65.64
4859,860,60,5,61.91
4860,861,61,1,186.44
4861,862,62,2,165.40
4862,863,63,3,403.23
4863,864,64,4,229.50
4864,865,65,5,212.67
4865,866,66,1,497.10
4866,867,67,2,281.80
4867,868,68,3,315.29
4868,869,69,4,377.34
4869,870,70,5,187.82
4870,871,71,1,107.83
4871,872,72,2,121.97
4872,873,73,3,450.91
4873,874,74,4,289.11
4874,875,75,5,144.23
4875,876,76,1,319.59
4876,877,77,2,95.92
4877,878,78,3,36.96
4878,879,79,4,402.92
4879,880,80,5,103.75
4880,881,81,1,438.05
4881,882,82,2,497.64
4882,883,83,3,11.99
4883,884,84,4,86.88
4884,885,85,5,82.44
4885,886,86,1,499.25
4886,887,87,2,489.65
4887,888,88,3,303.98
4888,889,89,4,198.36
4889,890,90,5,110.42
4890,891,91,1,212.73
4891,892,92,2,156.50
4892,893,93,3,136.15
4893,894,94,4,51.02
4894,895,95,5,308.78
4895,896,96,1,93.55
4896,897,97,2,96.67
4897,898,98,3,370.66
4898,899,99,4,475.68
4899,900,100,5,80.42
4900,901,101,1,115.68
4901,902,102,2,109.23
4902,903,103,3,460.42
4903,904,104,4,453.12
4904,905,105,5,409.26
4905,906,106,1,200.51
4906,907,107,2,12.02
4907,908,108,3,452.04
4908,909,109,4,424.64
4909,910,110,5,273.41
4910,911,111,1,302.02
4911,912,112,2,161.34
4912,913,113,3,302.85
4913,914,114,4,67.63
4914,915,115,5,138.79
4915,916,116,1,258.88
4916,917,117,2,164.64
4917,918,118,3,392.87
4918,919,119,4,33.49
4919,920,120,5,401.03
4920,921,121,1,107.52
4921,922,122,2,484.52
4922,923,123,3,461.80
4923,924,124,4,13.48
4924,925,125,5,228.85
4925,926,126,1,406.61
4926,927,127,2,205.51
4927,928,128,3,47.58
4928,929,129,4,159.78
4929,930,130,5,119.91
4930,931,131,1,390.01
4931,932,132,2,201.60
4932,933,133,3,136.19
4933,934,134,4,363.34
4934,935,135,5,56.87
4935,936,136,1,347.31
4936,937,137,2,198.15
4937,938,138,3,14.01
4938,939,139,4,38.93
4939,940,140,5,497.08
4940,941,141,1,272.66
4941,942,142,2,291.66
4942,943,143,3,455.33
4943,944,144,4,491.21
4944,945,145,5,168.05
4945,946,146,1,341.52
4946,947,147,2,405.38
4947,948,148,3,290.79
4948,949,149,4,433.90
4949,950,150,5,332.27
4950,951,151,1,484.58
4951,952,152,2,194.19
4952,953,153,3,355.19
4953,954,154,4,437.47
4954,955,155,5,83.90
4955,956,156,1,334.52
4956,957,157,2,15.85
4957,958,158,3,165.94
4958,959,159,4,490.69
4959,960,160,5,69.04
4960,961,161,1,310.41
4961,962,162,2,392.02
4962,963,163,3,153.64
4963,964,164,4,60.84
4964,965,165,5,136.75
4965,966,166,1,348.89
4966,967,167,2,498.65
4967,968,168,3,491.00
4968,969,169,4,71.64
4969,970,170,5,167.72
4970,971,171,1,255.96
4971,972,172,2,427.30
4972,973,173,3,184.54
4973,974,174,4,478.81
4974,975,175,5,392.25
4975,976,176,1,265.57
4976,977,177,2,326.04
4977,978,178,3,367.18
4978,979,179,4,294.28
4979,980,180,5,162.74
4980,981,181,1,238.89
4981,982,182,2,190.09
4982,983,183,3,231.76
4983,984,184,4,14.97
4984,985,185,5,57.38
4985,986,186,1,463.91
4986,987,187,2,36.12
4987,988,188,3,142.04
4988,989,189,4,29.28
4989,990,190,5,47.56
4990,991,191,1,406.35
4991,992,192,2,498.56
4992,993,193,3,396.03
4993,994,194,4,182.57
4994,995,195,5,57.92
4995,996,196,1,399.41
4996,997,197,2,140.55
4997,998,198,3,453.98
4998,999,199,4,482.21
4999,1000,200,5,229.69
5000,1001,1,1,499.23
5001,1002,2,2,161.35
5002,1003,3,3,218.09
5003,1004,4,4,118.43
5004,1005,5,5,311.09
5005,1006,6,1,376.83
5006,1007,7,2,449.76
5007,1008,8,3,181.23
5008,1009,9,4,304.65
5009,1010,10,5,368.18
5010,1011,11,1,487.27
5011,1012,12,2,244.73
5012,1013,13,3,346.03
5013,1014,14,4,222.46
5014,1015,15,5,74.01
5015,1016,16,1,357.80
5016,1017,17,2,355.93
5017,1018,18,3,179.77
5018,1019,19,4,192.88
5019,1020,20,5,156.03
5020,1021,21,1,386.45
5021,1022,22,2,405.01
5022,1023,23,3,489.56
5023,1024,24,4,457.67
5024,1025,25,5,340.29
5025,1026,26,1,303.88
5026,1027,27,2,326.71
5027,1028,28,3,315.09
5028,1029,29,4,432.79
5029,1030,30,5,374.46
5030,1031,31,1,485.27
5031,1032,32,2,325.27
5032,1033,33,3,28.52
5033,1034,34,4,12.37
5034,1035,35,5,271.18
5035,1036,36,1,49.97
5036,1037,37,2,66.92
5037,1038,38,3,181.53
5038,1039,39,4,186.19
5039,1040,40,5,352.04
5040,1041,41,1,332.09
5041,1042,42,2,23.39
5042,1043,43,3,376.77
5043,1044,44,4,365.31
5044,1045,45,5,260.02
5045,1046,46,1,470.36
5046,1047,47,2,356.36
5047,1048,48,3,251.96
5048,1049,49,4,352.34
5049,1050,50,5,240.80
5050,1051,51,1,55.44
5051,1052,52,2,27.00
5052,1053,53,3,358.99
5053,1054,54,4,471.77
5054,1055,55,5,187.36
5055,1056,56,1,339.52
5056,1057,57,2,455.23
5057,1058,58,3,44.80
5058,1059,59,4,423.52
5059,1060,60,5,243.88
5060,1061,61,1,251.29
5061,1062,62,2,435.03
5062,1063,63,3,496.50
5063,1064,64,4,323.18
5064,1065,65,5,370.55
5065,1066,66,1,258.45
5066,1067,67,2,284.70
5067,1068,68,3,402.95
5068,1069,69,4,393.99
5069,1070,70,5,250.20
5070,1071,71,1,209.83
5071,1072,72,2,188.02
5072,1073,73,3,193.16
5073,1074,74,4,69.65
5074,1075,75,5,21.34
5075,1076,76,1,146.47
5076,1077,77,2,375.37
5077,1078,78,3,345.92
5078,1079,79,4,209.63
5079,1080,80,5,192.62
5080,1081,81,1,44.68
5081,1082,82,2,372.15
5082,1083,83,3,332.09
5083,1084,84,4,291.78
5084,1085,85,5,346.24
5085,1086,86,1,172.63
5086,1087,87,2,164.79
5087,1088,88,3,473.75
5088,1089,89,4,47.17
5089,1090,90,5,194.70
5090,1091,91,1,283.85
5091,1092,92,2,308.21
5092,1093,93,3,116.56
5093,1094,94,4,182.69
5094,1095,95,5,175.21
5095,1096,96,1,202.63
5096,1097,97,2,271.84
5097,1098,98,3,161.48
5098,1099,99,4,268.26
5099,1100,100,5,154.01
5100,1101,101,1,220.56
5101,1102,102,2,66.19
5102,1103,103,3,429.98
5103,1104,104,4,45.49
5104,1105,105,5,300.45
5105,1106,106,1,66.78
5106,1107,107,2,163.47
5107,1108,108,3,234.36
5108,1109,109,4,317.69
5109,1110,110,5,386.99
5110,1111,111,1,32.14
5111,1112,112,2,489.91
5112,1113,113,3,406.95
5113,1114,114,4,255.61
5114,1115,115,5,35.66
5115,1116,116,1,97.53
5116,1117,117,2,107.66
5117,1118,118,3,161.29
5118,1119,119,4,296.93
5119,1120,120,5,407.72
5120,1121,121,1,443.15
5121,1122,122,2,68.55
5122,1123,123,3,211.16
5123,1124,124,4,10.54
5124,1125,125,5,422.89
5125,1126,126,1,375.04
5126,1127,127,2,380.65
5127,1128,128,3,454.99
5128,1129,129,4,221.13
5129,1130,130,5,279.59
5130,1131,131,1,290.48
5131,1132,132,2,95.93
5132,1133,133,3,402.11
5133,1134,134,4,139.61
5134,1135,135,5,228.12
5135,1136,136,1,335.14
5136,1137,137,2,428.93
5137,1138,138,3,485.56
5138,1139,139,4,26.14
5139,1140,140,5,163.93
5140,1141,141,1,59.62
5141,1142,142,2,186.94
5142,1143,143,3,463.66
5143,1144,144,4,444.12
5144,1145,145,5,440.31
5145,1146,146,1,309.51
5146,1147,147,2,395.74
5147,1148,148,3,214.21
5148,1149,149,4,333.98
5149,1150,150,5,462.14
5150,1151,151,1,110.35
5151,1152,152,2,214.98
5152,1153,153,3,220.03
5153,1154,154,4,469.42
5154,1155,155,5,154.55
5155,1156,156,1,143.45
5156,1157,157,2,431.23
5157,1158,158,3,310.62
5158,1159,159,4,490.48
5159,1160,160,5,21.58
5160,1161,161,1,336.37
5161,1162,162,2,443.96
5162,1163,163,3,320.28
5163,1164,164,4,219.80
5164,1165,165,5,26.60
5165,1166,166,1,250.26
5166,1167,167,2,325.05
5167,1168,168,3,335.88
5168,1169,169,4,241.17
5169,1170,170,5,51.80
5170,1171,171,1,251.46
5171,1172,172,2,157.28
5172,1173,173,3,338.23
5173,1174,174,4,260.59
5174,1175,175,5,351.84
5175,1176,176,1,383.45
5176,1177,177,2,368.06
5177,1178,178,3,106.90
5178,1179,179,4,214.76
5179,1180,180,5,256.87
5180,1181,181,1,337.19
5181,1182,182,2,481.00
5182,1183,183,3,169.97
5183,1184,184,4,431.16
5184,1185,185,5,249.01
5185,1186,186,1,435.03
5186,1187,187,2,229.37
5187,1188,188,3,333.34
5188,1189,189,4,440.23
5189,1190,190,5,218.60
5190,1191,191,1,346.72
5191,1192,192,2,265.30
5192,1193,193,3,429.52
5193,1194,194,4,336.42
5194,1195,195,5,373.73
5195,1196,196,1,76.22
5196,1197,197,2,427.20
5197,1198,198,3,288.71
5198,1199,199,4,280.00
5199,1200,200,5,181.48
5200,1201,1,1,351.31
5201,1202,2,2,147.19
5202,1203,3,3,361.49
5203,1204,4,4,172.21
5204,1205,5,5,222.73
5205,1206,6,1,452.18
5206,1207,7,2,98.43
5207,1208,8,3,88.09
5208,1209,9,4,76.31
5209,1210,10,5,359.31
5210,1211,11,1,390.32
5211,1212,12,2,268.42
5212,1213,13,3,291.62
5213,1214,14,4,160.46
5214,1215,15,5,442.74
5215,1216,16,1,85.38
5216,1217,17,2,378.99
5217,1218,18,3,49.65
5218,1219,19,4,53.14
5219,1220,20,5,456.83
5220,1221,21,1,458.86
5221,1222,22,2,171.76
5222,1223,23,3,101.17
5223,1224,24,4,170.69
5224,1225,25,5,378.22
5225,1226,26,1,125.19
5226,1227,27,2,223.50
5227,1228,28,3,265.42
5228,1229,29,4,49.30
5229,1230,30,5,131.83
5230,1231,31,1,64.93
5231,1232,32,2,219.37
5232,1233,33,3,244.09
5233,1234,34,4,76.25
5234,1235,35,5,419.08
5235,1236,36,1,59.92
5236,1237,37,2,433.18
5237,1238,38,3,258.41
5238,1239,39,4,19.25
5239,1240,40,5,315.32
5240,1241,41,1,294.34
5241,1242,42,2,119.69
5242,1243,43,3,101.76
5243,1244,44,4,231.85
5244,1245,45,5,369.05
5245,1246,46,1,289.46
5246,1247,47,2,340.68
5247,1248,48,3,308.51
5248,1249,49,4,376.07
5249,1250,50,5,416.87
5250,1251,51,1,33.05
5251,1252,52,2,386.05
5252,1253,53,3,450.47
5253,1254,54,4,371.17
5254,1255,55,5,342.17
5255,1256,56,1,229.53
5256,1257,57,2,262.38
5257,1258,58,3,84.99
5258,1259,59,4,427.63
5259,1260,60,5,262.03
5260,1261,61,1,84.02
5261,1262,62,2,153.36
5262,1263,63,3,297.47
5263,1264,64,4,310.40
5264,1265,65,5,425.55
5265,1266,66,1,309.40
5266,1267,67,2,318.34
5267,1268,68,3,224.80
5268,1269,69,4,408.86
5269,1270,70,5,452.00
5270,1271,71,1,390.71
5271,1272,72,2,173.33
5272,1273,73,3,159.34
5273,1274,74,4,144.90
5274,1275,75,5,188.68
5275,1276,76,1,327.91
5276,1277,77,2,451.23
5277,1278,78,3,431.86
5278,1279,79,4,469.20
5279,1280,80,5,254.29
5280,1281,81,1,42.05
5281,1282,82,2,246.55
5282,1283,83,3,151.48
5283,1284,84,4,489.77
5284,1285,85,5,493.00
5285,1286,86,1,397.10
5286,1287,87,2,438.90
5287,1288,88,3,496.46
5288,1289,89,4,151.24
5289,1290,90,5,346.71
5290,1291,91,1,311.96
5291,1292,92,2,17.20
5292,1293,93,3,401.77
5293,1294,94,4,306.72
5294,1295,95,5,125.72
5295,1296,96,1,219.89
5296,1297,97,2,419.08
5297,1298,98,3,410.10
5298,1299,99,4,446.65
5299,1300,100,5,277.92
5300,1301,101,1,241.46
5301,1302,102,2,231.39
5302,1303,103,3,471.84
5303,1304,104,4,35.41
5304,1305,105,5,61.77
5305,1306,106,1,211.73
5306,1307,107,2,213.97
5307,1308,108,3,401.70
5308,1309,109,4,303.03
5309,1310,110,5,311.37
5310,1311,111,1,473.82
5311,1312,112,2,294.43
5312,1313,113,3,321.54
5313,1314,114,4,79.11
5314,1315,115,5,251.81
5315,1316,116,1,77.02
5316,1317,117,2,50.46
5317,1318,118,3,236.37
5318,1319,119,4,306.86
5319,1320,120,5,76.80
5320,1321,121,1,156.11
5321,1322,122,2,130.30
5322,1323,123,3,232.00
5323,1324,124,4,310.63
5324,1325,125,5,258.72
5325,1326,126,1,16.43
5326,1327,127,2,383.23
5327,1328,128,3,78.43
5328,1329,129,4,55.00
5329,1330,130,5,135.33
5330,1331,131,1,105.83
5331,1332,132,2,192.68
5332,1333,133,3,163.24
5333,1334,134,4,441.04
5334,1335,135,5,279.70
5335,1336,136,1,93.82
5336,1337,137,2,448.28
5337,1338,138,3,355.45
5338,1339,139,4,391.47
5339,1340,140,5,296.03
5340,1341,141,1,208.46
5341,1342,142,2,412.72
5342,1343,143,3,290.89
5343,1344,144,4,462.79
5344,1345,145,5,415.83
5345,1346,146,1,63.76
5346,1347,147,2,84.22
5347,1348,148,3,442.23
5348,1349,149,4,43.09
5349,1350,150,5,422.59
5350,1351,151,1,286.69
5351,1352,152,2,75.20
5352,1353,153,3,40.40
5353,1354,154,4,178.65
5354,1355,155,5,88.55
5355,1356,156,1,490.17
5356,1357,157,2,237.82
5357,1358,158,3,355.07
5358,1359,159,4,103.84
5359,1360,160,5,106.77
5360,1361,161,1,337.06
5361,1362,162,2,309.80
5362,1363,163,3,94.38
5363,1364,164,4,456.27
5364,1365,165,5,252.41
5365,1366,166,1,253.52
5366,1367,167,2,378.25
5367,1368,168,3,269.82
5368,1369,169,4,424.56
5369,1370,170,5,143.28
5370,1371,171,1,363.05
5371,1372,172,2,248.92
5372,1373,173,3,149.09
5373,1374,174,4,97.76
5374,1375,175,5,39.59
5375,1376,176,1,71.94
5376,1377,177,2,184.06
5377,1378,178,3,306.22
5378,1379,179,4,252.86
5379,1380,180,5,291.81
5380,1381,181,1,429.01
5381,1382,182,2,169.92
5382,1383,183,3,143.62
5383,1384,184,4,85.40
5384,1385,185,5,303.98
5385,1386,186,1,184.38
5386,1387,187,2,182.85
5387,1388,188,3,391.06
5388,1389,189,4,296.11
5389,1390,190,5,373.54
5390,1391,191,1,190.59
5391,1392,192,2,285.34
5392,1393,193,3,165.24
5393,1394,194,4,475.85
5394,1395,195,5,252.30
5395,1396,196,1,450.87
5396,1397,197,2,166.24
5397,1398,198,3,169.15
5398,1399,199,4,232.61
5399,1400,200,5,340.38
5400,1401,1,1,197.04
5401,1402,2,2,437.27
5402,1403,3,3,191.15
5403,1404,4,4,182.18
5404,1405,5,5,20.34
5405,1406,6,1,316.28
5406,1407,7,2,137.13
5407,1408,8,3,214.46
5408,1409,9,4,474.87
5409,1410,10,5,331.41
5410,1411,11,1,281.98
5411,1412,12,2,166.83
5412,1413,13,3,24.99
5413,1414,14,4,237.46
5414,1415,15,5,182.17
5415,1416,16,1,141.04
5416,1417,17,2,484.18
5417,1418,18,3,267.23
5418,1419,19,4,347.33
5419,1420,20,5,48.52
5420,1421,21,1,127.06
5421,1422,22,2,68.84
5422,1423,23,3,55.16
5423,1424,24,4,89.80
5424,1425,25,5,119.13
5425,1426,26,1,115.35
5426,1427,27,2,199.79
5427,1428,28,3,305.32
5428,1429,29,4,256.90
5429,1430,30,5,262.20
5430,1431,31,1,402.32
5431,1432,32,2,371.11
5432,1433,33,3,243.48
5433,1434,34,4,434.01
5434,1435,35,5,463.99
5435,1436,36,1,439.36
5436,1437,37,2,476.20
5437,1438,38,3,270.75
5438,1439,39,4,289.86
5439,1440,40,5,278.85
5440,1441,41,1,15.79
5441,1442,42,2,454.84
5442,1443,43,3,57.89
5443,1444,44,4,311.10
5444,1445,45,5,111.00
5445,1446,46,1,362.76
5446,1447,47,2,416.38
5447,1448,48,3,149.42
5448,1449,49,4,243.09
5449,1450,50,5,99.63
5450,1451,51,1,489.39
5451,1452,52,2,283.29
5452,1453,53,3,227.99
5453,1454,54,4,277.77
5454,1455,55,5,420.19
5455,1456,56,1,306.17
5456,1457,57,2,52.62
5457,1458,58,3,380.94
5458,1459,59,4,477.50
5459,1460,60,5,267.25
5460,1461,61,1,78.47
5461,1462,62,2,39.45
5462,1463,63,3,85.57
5463,1464,64,4,218.35
5464,1465,65,5,265.42
5465,1466,66,1,245.97
5466,1467,67,2,106.18
5467,1468,68,3,491.18
5468,1469,69,4,498.21
5469,1470,70,5,462.02
5470,1471,71,1,409.89
5471,1472,72,2,489.97
5472,1473,73,3,222.07
5473,1474,74,4,395.22
5474,1475,75,5,349.61
5475,1476,76,1,228.05
5476,1477,77,2,421.60
5477,1478,78,3,461.54
5478,1479,79,4,229.22
5479,1480,80,5,352.22
5480,1481,81,1,204.98
5481,1482,82,2,189.17
5482,1483,83,3,88.62
5483,1484,84,4,474.90
5484,1485,85,5,39.96
5485,1486,86,1,322.51
5486,1487,87,2,177.28
5487,1488,88,3,286.10
5488,1489,89,4,314.94
5489,1490,90,5,441.49
5490,1491,91,1,206.60
5491,1492,92,2,54.67
5492,1493,93,3,300.20
5493,1494,94,4,365.42
5494,1495,95,5,487.20
5495,1496,96,1,271.21
5496,1497,97,2,200.80
5497,1498,98,3,154.07
5498,1499,99,4,302.28
5499,1500,100,5,109.21
5500,1501,101,1,324.78
5501,1502,102,2,326.27
5502,1503,103,3,139.39
5503,1504,104,4,455.16
5504,1505,105,5,484.85
5505,1506,106,1,339.00
5506,1507,107,2,11.35
5507,1508,108,3,149.59
5508,1509,109,4,239.31
5509,1510,110,5,149.41
5510,1511,111,1,158.39
5511,1512,112,2,247.60
5512,1513,113,3,70.11
5513,1514,114,4,66.12
5514,1515,115,5,242.14
5515,1516,116,1,108.44
5516,1517,117,2,351.96
5517,1518,118,3,252.85
5518,1519,119,4,494.45
5519,1520,120,5,80.36
5520,1521,121,1,187.45
5521,1522,122,2,302.79
5522,1523,123,3,45.85
5523,1524,124,4,298.41
5524,1525,125,5,327.45
5525,1526,126,1,397.09
5526,1527,127,2,261.18
5527,1528,128,3,412.87
5528,1529,129,4,49.29
5529,1530,130,5,151.89
5530,1531,131,1,327.26
5531,1532,132,2,246.38
5532,1533,133,3,287.80
5533,1534,134,4,358.61
5534,1535,135,5,307.37
5535,1536,136,1,189.83
5536,1537,137,2,28.17
5537,1538,138,3,89.96
5538,1539,139,4,124.49
5539,1540,140,5,269.27
5540,1541,141,1,461.91
5541,1542,142,2,325.67
5542,1543,143,3,33.70
5543,1544,144,4,375.06
5544,1545,145,5,497.60
5545,1546,146,1,438.75
5546,1547,147,2,153.11
5547,1548,148,3,152.16
5548,1549,149,4,118.27
5549,1550,150,5,481.65
5550,1551,151,1,341.57
5551,1552,152,2,378.25
5552,1553,153,3,446.86
5553,1554,154,4,338.13
5554,1555,155,5,397.62
5555,1556,156,1,152.23
5556,1557,157,2,223.36
5557,1558,158,3,390.56
5558,1559,159,4,368.03
5559,1560,160,5,34.14
5560,1561,161,1,480.89
5561,1562,162,2,328.61
5562,1563,163,3,385.98
5563,1564,164,4,27.11
5564,1565,165,5,498.01
5565,1566,166,1,455.76
5566,1567,167,2,427.43
5567,1568,168,3,88.29
5568,1569,169,4,146.08
5569,1570,170,5,356.63
5570,1571,171,1,367.71
5571,1572,172,2,313.87
5572,1573,173,3,78.52
5573,1574,174,4,28.15
5574,1575,175,5,445.42
5575,1576,176,1,185.05
5576,1577,177,2,241.53
5577,1578,178,3,188.96
5578,1579,179,4,440.57
5579,1580,180,5,435.72
5580,1581,181,1,378.74
5581,1582,182,2,102.75
5582,1583,183,3,291.13
5583,1584,184,4,486.15
5584,1585,185,5,480.01
5585,1586,186,1,224.89
5586,1587,187,2,388.61
5587,1588,188,3,11.16
5588,1589,189,4,249.17
5589,1590,190,5,175.40
5590,1591,191,1,213.97
5591,1592,192,2,499.06
5592,1593,193,3,408.57
5593,1594,194,4,10.47
5594,1595,195,5,286.38
5595,1596,196,1,459.93
5596,1597,197,2,281.44
5597,1598,198,3,451.13
5598,1599,199,4,453.34
5599,1600,200,5,143.68
5600,1601,1,1,295.38
5601,1602,2,2,20.81
5602,1603,3,3,456.03
5603,1604,4,4,186.79
5604,1605,5,5,499.79
5605,1606,6,1,286.99
5606,1607,7,2,63.31
5607,1608,8,3,188.39
5608,1609,9,4,27.08
5609,1610,10,5,338.20
5610,1611,11,1,87.95
5611,1612,12,2,102.09
5612,1613,13,3,483.31
5613,1614,14,4,159.15
5614,1615,15,5,20.29
5615,1616,16,1,460.90
5616,1617,17,2,53.50
5617,1618,18,3,274.59
5618,1619,19,4,28.27
5619,1620,20,5,247.18
5620,1621,21,1,131.16
5621,1622,22,2,141.40
5622,1623,23,3,87.35
5623,1624,24,4,54.65
5624,1625,25,5,357.10
5625,1626,26,1,154.09
5626,1627,27,2,273.80
5627,1628,28,3,349.95
5628,1629,29,4,469.27
5629,1630,30,5,398.76
5630,1631,31,1,318.73
5631,1632,32,2,36.91
5632,1633,33,3,199.77
5633,1634,34,4,396.60
5634,1635,35,5,122.51
5635,1636,36,1,378.53
5636,1637,37,2,379.75
5637,1638,38,3,344.43
5638,1639,39,4,174.55
5639,1640,40,5,497.10
5640,1641,41,1,63.08
5641,1642,42,2,466.56
5642,1643,43,3,103.25
5643,1644,44,4,232.48
5644,1645,45,5,324.55
5645,1646,46,1,224.27
5646,1647,47,2,459.97
5647,1648,48,3,452.07
5648,1649,49,4,275.06
5649,1650,50,5,304.65
5650,1651,51,1,207.11
5651,1652,52,2,402.60
5652,1653,53,3,92.53
5653,1654,54,4,40.69
5654,1655,55,5,188.33
5655,1656,56,1,152.48
5656,1657,57,2,164.90
5657,1658,58,3,229.83
5658,1659,59,4,36.74
5659,1660,60,5,469.07
5660,1661,61,1,185.76
5661,1662,62,2,372.04
5662,1663,63,3,215.31
5663,1664,64,4,216.85
5664,1665,65,5,234.80
5665,1666,66,1,200.45
5666,1667,67,2,470.62
5667,1668,68,3,363.06
5668,1669,69,4,493.59
5669,1670,70,5,184.84
5670,1671,71,1,458.00
5671,1672,72,2,106.58
5672,1673,73,3,241.15
5673,1674,74,4,121.52
5674,1675,75,5,469.67
5675,1676,76,1,445.72
5676,1677,77,2,355.67
5677,1678,78,3,47.31
5678,1679,79,4,496.72
5679,1680,80,5,132.15
5680,1681,81,1,448.74
5681,1682,82,2,470.91
5682,1683,83,3,252.55
5683,1684,84,4,61.80
5684,1685,85,5,429.45
5685,1686,86,1,497.07
5686,1687,87,2,179.39
5687,1688,88,3,354.67
5688,1689,89,4,126.43
5689,1690,90,5,149.25
5690,1691,91,1,347.60
5691,1692,92,2,65.50
5692,1693,93,3,216.47
5693,1694,94,4,379.85
5694,1695,95,5,213.95
5695,1696,96,1,287.88
5696,1697,97,2,167.02
5697,1698,98,3,73.88
5698,1699,99,4,95.54
5699,1700,100,5,318.14
5700,1701,101,1,399.11
5701,1702,102,2,417.96
5702,1703,103,3,58.65
5703,1704,104,4,16.21
5704,1705,105,5,416.17
5705,1706,106,1,176.78
5706,1707,107,2,348.32
5707,1708,108,3,438.20
5708,1709,109,4,78.00
5709,1710,110,5,185.06
5710,1711,111,1,274.63
5711,1712,112,2,113.64
5712,1713,113,3,200.73
5713,1714,114,4,279.30
5714,1715,115,5,30.87
5715,1716,116,1,115.21
5716,1717,117,2,369.11
5717,1718,118,3,384.70
5718,1719,119,4,71.52
5719,1720,120,5,351.23
5720,1721,121,1,339.70
5721,1722,122,2,318.22
5722,1723,123,3,418.56
5723,1724,124,4,210.06
5724,1725,125,5,64.69
5725,1726,126,1,171.95
5726,1727,127,2,384.46
5727,1728,128,3,398.17
5728,1729,129,4,185.40
5729,1730,130,5,65.21
5730,1731,131,1,263.86
5731,1732,132,2,254.77
5732,1733,133,3,455.28
5733,1734,134,4,55.37
5734,1735,135,5,138.36
5735,1736,136,1,364.91
5736,1737,137,2,147.69
5737,1738,138,3,100.87
5738,1739,139,4,490.00
5739,1740,140,5,497.46
5740,1741,141,1,182.12
5741,1742,142,2,444.02
5742,1743,143,3,458.31
5743,1744,144,4,317.16
5744,1745,145,5,418.54
5745,1746,146,1,368.47
5746,1747,147,2,170.71
5747,1748,148,3,85.58
5748,1749,149,4,264.55
5749,1750,150,5,275.47
5750,1751,151,1,139.11
5751,1752,152,2,496.71
5752,1753,153,3,382.10
5753,1754,154,4,14.10
5754,1755,155,5,28.20
5755,1756,156,1,453.80
5756,1757,157,2,89.91
5757,1758,158,3,433.11
5758,1759,159,4,404.38
5759,1760,160,5,101.57
5760,1761,161,1,231.99
5761,1762,162,2,112.18
5762,1763,163,3,192.97
5763,1764,164,4,33.28
5764,1765,165,5,230.43
5765,1766,166,1,402.99
5766,1767,167,2,468.55
5767,1768,168,3,338.42
5768,1769,169,4,370.17
5769,1770,170,5,20.86
5770,1771,171,1,112.66
5771,1772,172,2,51.23
5772,1773,173,3,328.72
5773,1774,174,4,29.84
5774,1775,175,5,168.39
5775,1776,176,1,258.24
5776,1777,177,2,186.69
5777,1778,178,3,89.27
5778,1779,179,4,285.64
5779,1780,180,5,319.25
5780,1781,181,1,437.42
5781,1782,182,2,23.57
5782,1783,183,3,394.88
5783,1784,184,4,67.50
5784,1785,185,5,69.31
5785,1786,186,1,282.07
5786,1787,187,2,208.57
5787,1788,188,3,45.19
5788,1789,189,4,478.48
5789,1790,190,5,42.74
5790,1791,191,1,456.47
5791,1792,192,2,369.68
5792,1793,193,3,203.05
5793,1794,194,4,182.96
5794,1795,195,5,30.74
5795,1796,196,1,402.55
5796,1797,197,2,347.01
5797,1798,198,3,426.86
5798,1799,199,4,155.59
5799,1800,200,5,288.71
5800,1801,1,1,379.33
5801,1802,2,2,273.37
5802,1803,3,3,126.81
5803,1804,4,4,93.27
5804,1805,5,5,295.31
5805,1806,6,1,297.50
5806,1807,7,2,254.96
5807,1808,8,3,68.79
5808,1809,9,4,93.37
5809,1810,10,5,303.85
5810,1811,11,1,273.05
5811,1812,12,2,27.33
5812,1813,13,3,446.68
5813,1814,14,4,299.26
5814,1815,15,5,159.06
5815,1816,16,1,291.30
5816,1817,17,2,384.25
5817,1818,18,3,391.54
5818,1819,19,4,68.47
5819,1820,20,5,208.91
5820,1821,21,1,435.73
5821,1822,22,2,425.02
5822,1823,23,3,208.10
5823,1824,24,4,73.22
5824,1825,25,5,193.83
5825,1826,26,1,133.40
5826,1827,27,2,443.79
5827,1828,28,3,175.73
5828,1829,29,4,446.70
5829,1830,30,5,313.98
5830,1831,31,1,46.95
5831,1832,32,2,66.02
5832,1833,33,3,352.64
5833,1834,34,4,402.46
5834,1835,35,5,402.52
5835,1836,36,1,232.73
5836,1837,37,2,311.08
5837,1838,38,3,149.84
5838,1839,39,4,126.28
5839,1840,40,5,152.68
5840,1841,41,1,85.91
5841,1842,42,2,471.62
5842,1843,43,3,62.52
5843,1844,44,4,425.16
5844,1845,45,5,331.99
5845,1846,46,1,115.53
5846,1847,47,2,160.97
5847,1848,48,3,87.30
5848,1849,49,4,74.51
5849,1850,50,5,89.21
5850,1851,51,1,111.47
5851,1852,52,2,282.74
5852,1853,53,3,351.89
5853,1854,54,4,353.69
5854,1855,55,5,351.93
5855,1856,56,1,73.15
5856,1857,57,2,396.77
5857,1858,58,3,70.60
5858,1859,59,4,259.00
5859,1860,60,5,242.02
5860,1861,61,1,111.48
5861,1862,62,2,291.91
5862,1863,63,3,124.81
5863,1864,64,4,436.01
5864,1865,65,5,206.30
5865,1866,66,1,175.56
5866,1867,67,2,250.06
5867,1868,68,3,257.76
5868,1869,69,4,439.10
5869,1870,70,5,275.34
5870,1871,71,1,433.97
5871,1872,72,2,460.16
5872,1873,73,3,363.16
5873,1874,74,4,120.99
5874,1875,75,5,134.08
5875,1876,76,1,267.73
5876,1877,77,2,40.56
5877,1878,78,3,359.07
5878,1879,79,4,150.52
5879,1880,80,5,258.33
5880,1881,81,1,212.62
5881,1882,82,2,55.25
5882,1883,83,3,448.48
5883,1884,84,4,298.59
5884,1885,85,5,167.67
5885,1886,86,1,388.88
5886,1887,87,2,129.17
5887,1888,88,3,249.41
5888,1889,89,4,463.06
5889,1890,90,5,161.52
5890,1891,91,1,464.75
5891,1892,92,2,412.56
5892,1893,93,3,431.75
5893,1894,94,4,241.09
5894,1895,95,5,88.69
5895,1896,96,1,282.22
5896,1897,97,2,147.19
5897,1898,98,3,302.58
5898,1899,99,4,182.92
5899,1900,100,5,271.09
5900,1901,101,1,380.88
5901,1902,102,2,94.95
5902,1903,103,3,47.46
5903,1904,104,4,427.67
5904,1905,105,5,200.21
5905,1906,106,1,235.55
5906,1907,107,2,50.47
5907,1908,108,3,382.44
5908,1909,109,4,212.76
5909,1910,110,5,492.45
5910,1911,111,1,321.49
5911,1912,112,2,109.39
5912,1913,113,3,115.85
5913,1914,114,4,207.48
5914,1915,115,5,40.61
5915,1916,116,1,269.15
5916,1917,117,2,180.79
5917,1918,118,3,243.98
5918,1919,119,4,185.42
5919,1920,120,5,169.36
5920,1921,121,1,327.09
5921,1922,122,2,214.80
5922,1923,123,3,170.32
5923,1924,124,4,370.84
5924,1925,125,5,16.44
5925,1926,126,1,22.66
5926,1927,127,2,242.38
5927,1928,128,3,10.35
5928,1929,129,4,413.57
5929,1930,130,5,307.00
5930,1931,131,1,38.82
5931,1932,132,2,411.43
5932,1933,133,3,444.02
5933,1934,134,4,187.98
5934,1935,135,5,186.00
5935,1936,136,1,402.82
5936,1937,137,2,280.80
5937,1938,138,3,488.95
5938,1939,139,4,181.03
5939,1940,140,5,370.43
5940,1941,141,1,381.33
5941,1942,142,2,440.66
5942,1943,143,3,348.80
5943,1944,144,4,78.91
5944,1945,145,5,359.00
5945,1946,146,1,495.35
5946,1947,147,2,181.71
5947,1948,148,3,112.54
5948,1949,149,4,475.07
5949,1950,150,5,264.11
5950,1951,151,1,441.58
5951,1952,152,2,464.27
5952,1953,153,3,17.38
5953,1954,154,4,343.24
5954,1955,155,5,141.93
5955,1956,156,1,387.31
5956,1957,157,2,107.61
5957,1958,158,3,279.83
5958,1959,159,4,428.02
5959,1960,160,5,113.78
5960,1961,161,1,42.54
5961,1962,162,2,79.29
5962,1963,163,3,293.88
5963,1964,164,4,156.78
5964,1965,165,5,180.43
5965,1966,166,1,497.49
5966,1967,167,2,12.21
5967,1968,168,3,386.66
5968,1969,169,4,196.43
5969,1970,170,5,211.64
5970,1971,171,1,139.58
5971,1972,172,2,62.13
5972,1973,173,3,184.64
5973,1974,174,4,34.22
5974,1975,175,5,238.27
5975,1976,176,1,186.09
5976,1977,177,2,210.16
5977,1978,178,3,342.03
5978,1979,179,4,473.38
5979,1980,180,5,481.51
5980,1981,181,1,276.77
5981,1982,182,2,183.95
5982,1983,183,3,464.62
5983,1984,184,4,420.95
5984,1985,185,5,150.23
5985,1986,186,1,170.75
5986,1987,187,2,298.75
5987,1988,188,3,51.63
5988,1989,189,4,457.81
5989,1990,190,5,114.02
3897,1898,98,3,128.08
3898,1899,99,4,379.79
3899,1900,100,5,58.65
3900,1901,101,1,329.56
3901,1902,102,2,247.10
3902,1903,103,3,412.24
3903,1904,104,4,306.29
3904,1905,105,5,426.62
3905,1906,106,1,97.77
3906,1907,107,2,88.57
3907,1908,108,3,187.11
3908,1909,109,4,190.48
3909,1910,110,5,153.17
3910,1911,111,1,99.61
3911,1912,112,2,58.67
3912,1913,113,3,420.15
3913,1914,114,4,320.39
3914,1915,115,5,183.00
3915,1916,116,1,181.36
3916,1917,117,2,82.01
3917,1918,118,3,91.93
3918,1919,119,4,325.24
3919,1920,120,5,142.16
3920,1921,121,1,192.52
3921,1922,122,2,129.00
3922,1923,123,3,319.55
3923,1924,124,4,494.03
3924,1925,125,5,242.08
3925,1926,126,1,371.72
3926,1927,127,2,177.48
3927,1928,128,3,479.70
3928,1929,129,4,253.59
3929,1930,130,5,360.05
3930,1931,131,1,227.69
3931,1932,132,2,178.86
3932,1933,133,3,125.16
3933,1934,134,4,181.16
3934,1935,135,5,262.77
3935,1936,136,1,146.13
3936,1937,137,2,399.51
3937,1938,138,3,472.39
3938,1939,139,4,41.44
3939,1940,140,5,305.45
3940,1941,141,1,192.01
3941,1942,142,2,68.43
3942,1943,143,3,115.24
3943,1944,144,4,85.44
3944,1945,145,5,295.92
3945,1946,146,1,481.17
3946,1947,147,2,251.71
3947,1948,148,3,418.76
3948,1949,149,4,158.54
3949,1950,150,5,30.48
3950,1951,151,1,164.64
3951,1952,152,2,240.67
3952,1953,153,3,247.08
3953,1954,154,4,199.34
3954,1955,155,5,52.69
3955,1956,156,1,71.64
3956,1957,157,2,118.82
3957,1958,158,3,89.71
3958,1959,159,4,286.00
3959,1960,160,5,180.20
3960,1961,161,1,447.82
3961,1962,162,2,306.25
3962,1963,163,3,355.96
3963,1964,164,4,305.64
3964,1965,165,5,324.33
3965,1966,166,1,352.38
3966,1967,167,2,194.80
3967,1968,168,3,319.67
3968,1969,169,4,292.78
3969,1970,170,5,214.44
3970,1971,171,1,476.80
3971,1972,172,2,264.02
3972,1973,173,3,150.36
3973,1974,174,4,430.48
3974,1975,175,5,217.60
3975,1976,176,1,478.44
3976,1977,177,2,110.17
3977,1978,178,3,71.25
3978,1979,179,4,412.79
3979,1980,180,5,390.62
3980,1981,181,1,392.20
3981,1982,182,2,332.12
3982,1983,183,3,220.37
3983,1984,184,4,490.66
3984,1985,185,5,59.38
3985,1986,186,1,270.37
3986,1987,187,2,240.49
3987,1988,188,3,233.98
3988,1989,189,4,260.87
3989,1990,190,5,48.77
3990,1991,191,1,316.34
3991,1992,192,2,347.34
3992,1993,193,3,278.64
3993,1994,194,4,387.40
3994,1995,195,5,111.09
3995,1996,196,1,16.34
3996,1997,197,2,410.81
3997,1998,198,3,300.04
3998,1999,199,4,395.11
3999,2000,200,5,88.70
4000,1,1,1,195.61
4001,2,2,2,228.51
4002,3,3,3,182.77
4003,4,4,4,298.91
4004,5,5,5,450.97
4005,6,6,1,372.24
4006,7,7,2,219.10
4007,8,8,3,347.25
4008,9,9,4,260.59
4009,10,10,5,455.48
4010,11,11,1,452.25
4011,12,12,2,11.03
4012,13,13,3,411.84
4013,14,14,4,496.37
4014,15,15,5,170.87
4015,16,16,1,497.21
4016,17,17,2,76.63
4017,18,18,3,96.46
4018,19,19,4,39.62
4019,20,20,5,85.20
4020,21,21,1,391.15
4021,22,22,2,11.14
4022,23,23,3,167.00
4023,24,24,4,71.42
4024,25,25,5,101.84
4025,26,26,1,87.89
4026,27,27,2,270.36
4027,28,28,3,61.18
4028,29,29,4,230.53
4029,30,30,5,112.71
4030,31,31,1,67.14
4031,32,32,2,295.78
4032,33,33,3,289.76
4033,34,34,4,95.56
4034,35,35,5,189.52
4035,36,36,1,343.17
4036,37,37,2,204.37
4037,38,38,3,429.47
4038,39,39,4,337.91
4039,40,40,5,309.97
4040,41,41,1,225.85
4041,42,42,2,192.75
4042,43,43,3,235.01
4043,44,44,4,172.71
4044,45,45,5,45.14
4045,46,46,1,477.20
4046,47,47,2,344.54
4047,48,48,3,345.27
4048,49,49,4,473.86
4049,50,50,5,140.71
4050,51,51,1,91.54
4051,52,52,2,301.96
4052,53,53,3,301.18
4053,54,54,4,62.11
4054,55,55,5,150.12
4055,56,56,1,287.45
4056,57,57,2,306.40
4057,58,58,3,443.14
4058,59,59,4,350.08
4059,60,60,5,181.49
4060,61,61,1,474.95
4061,62,62,2,276.24
4062,63,63,3,143.04
4063,64,64,4,50.35
4064,65,65,5,51.04
4065,66,66,1,141.77
4066,67,67,2,344.19
4067,68,68,3,116.20
4068,69,69,4,425.83
4069,70,70,5,498.78
4070,71,71,1,307.18
4071,72,72,2,292.47
4072,73,73,3,279.21
4073,74,74,4,264.63
4074,75,75,5,247.91
4075,76,76,1,426.28
4076,77,77,2,478.34
4077,78,78,3,11.55
4078,79,79,4,406.70
4079,80,80,5,75.70
4080,81,81,1,218.60
4081,82,82,2,351.90
4082,83,83,3,353.14
4083,84,84,4,31.70
4084,85,85,5,164.82
4085,86,86,1,207.26
4086,87,87,2,83.23
4087,88,88,3,96.16
4088,89,89,4,38.70
4089,90,90,5,39.60
4090,91,91,1,24.66
4091,92,92,2,179.32
4092,93,93,3,205.71
4093,94,94,4,470.95
4094,95,95,5,350.32
4095,96,96,1,266.89
4096,97,97,2,324.52
4097,98,98,3,79.20
4098,99,99,4,278.91
4099,100,100,5,460.97
4100,101,101,1,475.98
4101,102,102,2,151.72
4102,103,103,3,137.74
4103,104,104,4,253.07
4104,105,105,5,395.33
4105,106,106,1,329.45
4106,107,107,2,228.24
4107,108,108,3,279.52
4108,109,109,4,63.66
4109,110,110,5,56.82
4110,111,111,1,353.15
4111,112,112,2,25.00
4112,113,113,3,295.04
4113,114,114,4,203.22
4114,115,115,5,203.20
4115,116,116,1,139.78
4116,117,117,2,473.50
4117,118,118,3,216.27
4118,119,119,4,136.51
4119,120,120,5,79.74
4120,121,121,1,171.38
4121,122,122,2,358.85
4122,123,123,3,285.52
4123,124,124,4,131.54
4124,125,125,5,469.72
4125,126,126,1,157.50
4126,127,127,2,59.36
4127,128,128,3,103.73
4128,129,129,4,333.83
4129,130,130,5,26.82
4130,131,131,1,387.25
4131,132,132,2,454.32
4132,133,133,3,153.27
4133,134,134,4,44.44
4134,135,135,5,318.77
4135,136,136,1,113.93
4136,137,137,2,181.36
4137,138,138,3,81.38
4138,139,139,4,301.22
4139,140,140,5,218.48
4140,141,141,1,254.08
4141,142,142,2,426.38
4142,143,143,3,111.16
4143,144,144,4,323.74
4144,145,145,5,232.82
4145,146,146,1,217.86
4146,147,147,2,309.10
4147,148,148,3,179.21
4148,149,149,4,187.21
4149,150,150,5,476.82
4150,151,151,1,336.62
4151,152,152,2,485.90
4152,153,153,3,428.06
4153,154,154,4,64.43
4154,155,155,5,92.51
4155,156,156,1,445.70
4156,157,157,2,299.22
4157,158,158,3,187.10
4158,159,159,4,346.79
4159,160,160,5,229.16
4160,161,161,1,346.27
4161,162,162,2,115.50
4162,163,163,3,233.83
4163,164,164,4,206.93
4164,165,165,5,91.26
4165,166,166,1,171.91
4166,167,167,2,128.93
4167,168,168,3,466.39
4168,169,169,4,274.60
4169,170,170,5,494.42
4170,171,171,1,348.26
4171,172,172,2,227.58
4172,173,173,3,142.64
4173,174,174,4,237.67
4174,175,175,5,393.47
4175,176,176,1,394.20
4176,177,177,2,76.71
4177,178,178,3,94.62
4178,179,179,4,300.75
4179,180,180,5,156.94
4180,181,181,1,134.32
4181,182,182,2,385.98
4182,183,183,3,89.62
4183,184,184,4,261.89
4184,185,185,5,81.25
4185,186,186,1,469.77
4186,187,187,2,400.02
4187,188,188,3,442.48
4188,189,189,4,221.54
4189,190,190,5,165.56
4190,191,191,1,333.10
4191,192,192,2,27.63
4192,193,193,3,186.88
4193,194,194,4,35.06
4194,195,195,5,415.41
4195,196,196,1,335.34
4196,197,197,2,98.29
4197,198,198,3,230.09
4198,199,199,4,290.13
4199,200,200,5,497.42
4200,201,1,1,212.27
4201,202,2,2,157.35
4202,203,3,3,396.79
4203,204,4,4,319.86
4204,205,5,5,214.49
4205,206,6,1,230.10
4206,207,7,2,380.10
4207,208,8,3,494.77
4208,209,9,4,149.05
4209,210,10,5,383.26
4210,211,11,1,102.64
4211,212,12,2,423.53
4212,213,13,3,73.09
4213,214,14,4,426.42
4214,215,15,5,481.05
4215,216,16,1,417.52
4216,217,17,2,85.27
4217,218,18,3,133.86
4218,219,19,4,149.41
4219,220,20,5,302.80
4220,221,21,1,327.47
4221,222,22,2,452.03
4222,223,23,3,484.02
4223,224,24,4,451.48
4224,225,25,5,29.47
4225,226,26,1,263.66
4226,227,27,2,62.92
4227,228,28,3,230.93
4228,229,29,4,457.75
4229,230,30,5,183.61
4230,231,31,1,391.62
4231,232,32,2,278.99
4232,233,33,3,241.97
4233,234,34,4,197.54
4234,235,35,5,466.80
4235,236,36,1,338.81
4236,237,37,2,116.08
4237,238,38,3,459.72
4238,239,39,4,256.66
4239,240,40,5,220.29
4240,241,41,1,353.03
4241,242,42,2,492.66
4242,243,43,3,366.02
4243,244,44,4,284.63
4244,245,45,5,91.98
4245,246,46,1,314.15
4246,247,47,2,435.14
4247,248,48,3,262.15
4248,249,49,4,158.91
4249,250,50,5,64.82
4250,251,51,1,138.14
4251,252,52,2,415.76
4252,253,53,3,182.11
4253,254,54,4,274.15
4254,255,55,5,448.90
4255,256,56,1,231.75
4256,257,57,2,411.02
4257,258,58,3,449.71
4258,259,59,4,50.79
4259,260,60,5,172.24
4260,261,61,1,403.70
4261,262,62,2,271.72
4262,263,63,3,273.75
4263,264,64,4,381.01
4264,265,65,5,80.80
4265,266,66,1,69.44
4266,267,67,2,262.34
4267,268,68,3,179.16
4268,269,69,4,386.14
4269,270,70,5,237.71
4270,271,71,1,137.81
4271,272,72,2,428.30
4272,273,73,3,126.52
4273,274,74,4,15.43
4274,275,75,5,87.43
4275,276,76,1,409.45
4276,277,77,2,266.18
4277,278,78,3,419.16
4278,279,79,4,213.63
4279,280,80,5,178.38
4280,281,81,1,318.48
4281,282,82,2,191.06
4282,283,83,3,146.69
4283,284,84,4,139.87
4284,285,85,5,447.76
4285,286,86,1,340.53
4286,287,87,2,10.73
4287,288,88,3,152.99
4288,289,89,4,147.25
4289,290,90,5,17.59
4290,291,91,1,11.05
4291,292,92,2,19.78
4292,293,93,3,231.44
4293,294,94,4,30.41
4294,295,95,5,101.31
4295,296,96,1,423.83
4296,297,97,2,62.10
4297,298,98,3,128.36
4298,299,99,4,453.79
4299,300,100,5,468.11
4300,301,101,1,51.86
4301,302,102,2,72.95
4302,303,103,3,190.44
4303,304,104,4,275.43
4304,305,105,5,70.24
4305,306,106,1,215.57
4306,307,107,2,325.21
4307,308,108,3,438.29
4308,309,109,4,193.31
4309,310,110,5,162.53
4310,311,111,1,400.13
4311,312,112,2,229.50
4312,313,113,3,140.77
4313,314,114,4,187.48
4314,315,115,5,302.11
4315,316,116,1,351.46
4316,317,117,2,112.24
4317,318,118,3,274.49
4318,319,119,4,34.00
4319,320,120,5,218.05
4320,321,121,1,77.02
4321,322,122,2,263.39
4322,323,123,3,188.95
4323,324,124,4,117.57
4324,325,125,5,258.12
4325,326,126,1,229.11
4326,327,127,2,352.13
4327,328,128,3,178.62
4328,329,129,4,133.79
4329,330,130,5,41.22
4330,331,131,1,377.56
4331,332,132,2,308.04
4332,333,133,3,482.11
4333,334,134,4,394.07
4334,335,135,5,443.81
4335,336,136,1,378.72
4336,337,137,2,396.63
4337,338,138,3,461.90
4338,339,139,4,78.16
4339,340,140,5,141.07
4340,341,141,1,493.06
4341,342,142,2,400.87
4342,343,143,3,372.48
4343,344,144,4,278.02
4344,345,145,5,195.07
4345,346,146,1,303.16
4346,347,147,2,361.24
4347,348,148,3,333.68
4348,349,149,4,294.90
4349,350,150,5,125.31
4350,351,151,1,141.88
4351,352,152,2,129.12
4352,353,153,3,381.75
4353,354,154,4,142.74
4354,355,155,5,85.69
4355,356,156,1,299.98
4356,357,157,2,292.06
4357,358,158,3,42.57
4358,359,159,4,444.04
4359,360,160,5,194.03
4360,361,161,1,246.79
4361,362,162,2,202.77
4362,363,163,3,246.32
4363,364,164,4,175.42
4364,365,165,5,56.61
4365,366,166,1,343.95
4366,367,167,2,108.22
4367,368,168,3,37.41
4368,369,169,4,149.38
4369,370,170,5,370.26
4370,371,171,1,482.53
4371,372,172,2,105.30
4372,373,173,3,175.35
4373,374,174,4,396.49
4374,375,175,5,486.07
4375,376,176,1,262.09
4376,377,177,2,66.55
4377,378,178,3,50.19
4378,379,179,4,441.25
4379,380,180,5,53.02
4380,381,181,1,344.42
4381,382,182,2,484.01
4382,383,183,3,297.73
4383,384,184,4,15.54
4384,385,185,5,173.96
4385,386,186,1,453.25
4386,387,187,2,108.02
4387,388,188,3,274.16
4388,389,189,4,426.65
4389,390,190,5,387.86
4390,391,191,1,72.75
4391,392,192,2,143.42
4392,393,193,3,164.66
4393,394,194,4,314.48
4394,395,195,5,306.48
4395,396,196,1,49.67
4396,397,197,2,244.81
4397,398,198,3,470.70
4398,399,199,4,305.43
4399,400,200,5,334.44
4400,401,1,1,173.42
4401,402,2,2,343.77
4402,403,3,3,428.98
4403,404,4,4,460.25
4404,405,5,5,21.79
4405,406,6,1,127.95
4406,407,7,2,381.21
4407,408,8,3,438.31
4408,409,9,4,182.93
4409,410,10,5,26.94
4410,411,11,1,343.00
4411,412,12,2,136.48
4412,413,13,3,26.58
4413,414,14,4,241.78
4414,415,15,5,199.57
4415,416,16,1,410.75
4416,417,17,2,156.01
4417,418,18,3,344.34
4418,419,19,4,439.58
4419,420,20,5,473.25
4420,421,21,1,231.80
4421,422,22,2,170.97
4422,423,23,3,170.83
4423,424,24,4,304.04
4424,425,25,5,184.74
4425,426,26,1,289.01
4426,427,27,2,144.97
4427,428,28,3,410.17
4428,429,29,4,367.19
4429,430,30,5,291.50
4430,431,31,1,96.53
4431,432,32,2,229.98
4432,433,33,3,383.96
4433,434,34,4,370.23
4434,435,35,5,13.27
4435,436,36,1,356.21
4436,437,37,2,111.95
4437,438,38,3,178.94
4438,439,39,4,443.85
4439,440,40,5,346.89
4440,441,41,1,470.18
4441,442,42,2,441.01
4442,443,43,3,400.64
4443,444,44,4,443.22
4444,445,45,5,129.63
4445,446,46,1,262.32
4446,447,47,2,54.17
4447,448,48,3,310.67
4448,449,49,4,158.82
4449,450,50,5,246.06
4450,451,51,1,22.92
4451,452,52,2,466.62
4452,453,53,3,141.68
4453,454,54,4,466.25
4454,455,55,5,138.48
4455,456,56,1,348.17
4456,457,57,2,132.78
4457,458,58,3,73.95
4458,459,59,4,370.42
4459,460,60,5,378.98
4460,461,61,1,409.44
4461,462,62,2,467.74
4462,463,63,3,168.28
4463,464,64,4,66.89
4464,465,65,5,387.17
4465,466,66,1,346.27
4466,467,67,2,482.69
4467,468,68,3,128.53
4468,469,69,4,410.72
4469,470,70,5,143.42
4470,471,71,1,257.64
4471,472,72,2,126.19
4472,473,73,3,285.36
4473,474,74,4,340.22
4474,475,75,5,416.48
4475,476,76,1,351.44
4476,477,77,2,423.30
4477,478,78,3,215.00
4478,479,79,4,114.71
4479,480,80,5,333.56
4480,481,81,1,35.07
4481,482,82,2,157.90
4482,483,83,3,376.78
4483,484,84,4,498.87
4484,485,85,5,257.75
4485,486,86,1,225.01
4486,487,87,2,78.14
4487,488,88,3,16.74
4488,489,89,4,434.18
4489,490,90,5,373.68
4490,491,91,1,235.19
4491,492,92,2,21.40
4492,493,93,3,146.68
4493,494,94,4,112.13
4494,495,95,5,403.78
4495,496,96,1,357.35
4496,497,97,2,287.28
4497,498,98,3,383.33
4498,499,99,4,71.75
4499,500,100,5,40.35
4500,501,101,1,395.74
4501,502,102,2,301.81
4502,503,103,3,426.87
4503,504,104,4,434.18
4504,505,105,5,86.29
4505,506,106,1,429.40
4506,507,107,2,318.05
4507,508,108,3,64.97
4508,509,109,4,181.25
4509,510,110,5,243.19
4510,511,111,1,181.73
4511,512,112,2,157.85
4512,513,113,3,221.85
4513,514,114,4,247.20
4514,515,115,5,377.85
4515,516,116,1,167.19
4516,517,117,2,192.74
4517,518,118,3,236.42
4518,519,119,4,73.63
4519,520,120,5,321.35
4520,521,121,1,219.95
4521,522,122,2,217.88
4522,523,123,3,139.93
4523,524,124,4,57.39
4524,525,125,5,245.55
4525,526,126,1,161.42
4526,527,127,2,473.54
4527,528,128,3,72.64
4528,529,129,4,223.56
4529,530,130,5,478.23
4530,531,131,1,381.79
4531,532,132,2,319.04
4532,533,133,3,16.81
4533,534,134,4,41.58
4534,535,135,5,267.74
4535,536,136,1,111.36
4536,537,137,2,87.29
4537,538,138,3,194.83
4538,539,139,4,63.84
4539,540,140,5,429.00
4540,541,141,1,458.20
4541,542,142,2,249.87
4542,543,143,3,164.59
4543,544,144,4,156.03
4544,545,145,5,120.88
4545,546,146,1,113.04
4546,547,147,2,178.59
4547,548,148,3,329.42
4548,549,149,4,338.56
4549,550,150,5,467.41
4550,551,151,1,178.70
4551,552,152,2,497.23
4552,553,153,3,101.22
4553,554,154,4,201.68
4554,555,155,5,87.75
4555,556,156,1,141.30
4556,557,157,2,453.22
4557,558,158,3,400.41
4558,559,159,4,496.81
4559,560,160,5,299.85
4560,561,161,1,407.63
4561,562,162,2,199.84
4562,563,163,3,374.01
4563,564,164,4,188.06
4564,565,165,5,274.77
4565,566,166,1,439.47
4566,567,167,2,259.22
4567,568,168,3,299.14
4568,569,169,4,432.03
4569,570,170,5,431.69
4570,571,171,1,96.20
4571,572,172,2,150.95
4572,573,173,3,476.29
4573,574,174,4,228.22
4574,575,175,5,467.38
4575,576,176,1,330.83
4576,577,177,2,320.93
4577,578,178,3,308.52
4578,579,179,4,376.81
4579,580,180,5,84.11
4580,581,181,1,128.82
4581,582,182,2,152.24
4582,583,183,3,69.87
4583,584,184,4,314.77
4584,585,185,5,179.90
4585,586,186,1,459.54
4586,587,187,2,450.34
4587,588,188,3,460.03
4588,589,189,4,431.98
4589,590,190,5,264.55
4590,591,191,1,401.21
4591,592,192,2,484.92
4592,593,193,3,384.68
4593,594,194,4,427.85
4594,595,195,5,117.07
4595,596,196,1,232.97
4596,597,197,2,189.34
4597,598,198,3,413.81
4598,599,199,4,445.18
4599,600,200,5,52.91
4600,601,1,1,44.73
4601,602,2,2,264.79
4602,603,3,3,470.37
4603,604,4,4,314.85
4604,605,5,5,195.63
4605,606,6,1,146.08
4606,607,7,2,328.07
4607,608,8,3,412.14
4608,609,9,4,10.19
4609,610,10,5,454.56
4610,611,11,1,215.41
4611,612,12,2,82.05
4612,613,13,3,52.64
4613,614,14,4,66.68
4614,615,15,5,114.62
4615,616,16,1,87.53
4616,617,17,2,159.38
4617,618,18,3,324.35
4618,619,19,4,148.09
4619,620,20,5,206.76
4620,621,21,1,204.02
4621,622,22,2,160.43
4622,623,23,3,284.06
4623,624,24,4,316.71
4624,625,25,5,359.53
4625,626,26,1,203.26
4626,627,27,2,373.92
4627,628,28,3,165.63
4628,629,29,4,142.03
4629,630,30,5,412.56
4630,631,31,1,373.75
4631,632,32,2,355.66
4632,633,33,3,73.31
4633,634,34,4,347.18
4634,635,35,5,388.96
4635,636,36,1,314.45
4636,637,37,2,288.32
4637,638,38,3,387.94
4638,639,39,4,226.92
4639,640,40,5,180.10
4640,641,41,1,414.10
4641,642,42,2,165.74
4642,643,43,3,42.08
4643,644,44,4,474.63
4644,645,45,5,321.24
4645,646,46,1,15.83
4646,647,47,2,72.45
4647,648,48,3,44.06
4648,649,49,4,252.20
4649,650,50,5,255.16
4650,651,51,1,429.73
4651,652,52,2,383.36
4652,653,53,3,74.24
4653,654,54,4,229.24
4654,655,55,5,359.62
4655,656,56,1,394.26
4656,657,57,2,458.05
4657,658,58,3,344.29
4658,659,59,4,470.48
4659,660,60,5,327.66
4660,661,61,1,58.64
4661,662,62,2,201.81
4662,663,63,3,267.80
4663,664,64,4,73.50
4664,665,65,5,301.74
4665,666,66,1,104.36
4666,667,67,2,386.50
4667,668,68,3,330.96
4668,669,69,4,444.62
4669,670,70,5,331.54
4670,671,71,1,257.63
4671,672,72,2,73.48
4672,673,73,3,480.09
4673,674,74,4,180.17
4674,675,75,5,181.38
4675,676,76,1,25.26
4676,677,77,2,166.25
4677,678,78,3,346.52
4678,679,79,4,350.77
4679,680,80,5,111.73
4680,681,81,1,448.42
4681,682,82,2,303.65
4682,683,83,3,49.00
4683,684,84,4,206.27
4684,685,85,5,141.80
4685,686,86,1,233.36
4686,687,87,2,249.92
4687,688,88,3,31.36
4688,689,89,4,191.47
4689,690,90,5,359.44
4690,691,91,1,142.11
4691,692,92,2,336.96
4692,693,93,3,89.75
4693,694,94,4,484.72
4694,695,95,5,243.60
4695,696,96,1,215.84
4696,697,97,2,260.11
4697,698,98,3,418.58
4698,699,99,4,305.59
4699,700,100,5,265.86
4700,701,101,1,337.37
4701,702,102,2,320.08
4702,703,103,3,107.54
4703,704,104,4,232.29
4704,705,105,5,425.33
4705,706,106,1,111.11
4706,707,107,2,398.62
4707,708,108,3,230.49
4708,709,109,4,75.76
4709,710,110,5,210.38
4710,711,111,1,495.99
4711,712,112,2,406.48
4712,713,113,3,147.94
4713,714,114,4,19.48
4714,715,115,5,33.93
4715,716,116,1,190.44
4716,717,117,2,425.18
4717,718,118,3,17.72
4718,719,119,4,94.86
4719,720,120,5,483.22
4720,721,121,1,453.81
4721,722,122,2,28.61
4722,723,123,3,167.91
4723,724,124,4,34.37
4724,725,125,5,316.26
4725,726,126,1,491.22
4726,727,127,2,279.32
4727,728,128,3,240.19
4728,729,129,4,98.75
4729,730,130,5,476.97
4730,731,131,1,281.12
4731,732,132,2,493.62
4732,733,133,3,166.59
4733,734,134,4,448.30
4734,735,135,5,334.02
4735,736,136,1,373.75
4736,737,137,2,404.77
4737,738,138,3,437.62
4738,739,139,4,426.75
4739,740,140,5,207.56
4740,741,141,1,433.75
4741,742,142,2,245.91
4742,743,143,3,427.84
4743,744,144,4,329.42
4744,745,145,5,368.92
4745,746,146,1,166.04
4746,747,147,2,27.39
4747,748,148,3,14.93
4748,749,149,4,492.44
4749,750,150,5,328.45
4750,751,151,1,199.06
4751,752,152,2,213.91
4752,753,153,3,437.19
4753,754,154,4,463.50
4754,755,155,5,290.23
4755,756,156,1,153.62
4756,757,157,2,311.30
4757,758,158,3,376.86
4758,759,159,4,462.48
4759,760,160,5,24.08
4760,761,161,1,88.08
4761,762,162,2,179.74
4762,763,163,3,224.11
4763,764,164,4,232.35
4764,765,165,5,158.69
4765,766,166,1,330.01
4766,767,167,2,280.23
4767,768,168,3,52.71
4768,769,169,4,447.10
4769,770,170,5,450.68
4770,771,171,1,387.99
4771,772,172,2,358.93
4772,773,173,3,253.64
4773,774,174,4,22.69
4774,775,175,5,312.63
4775,776,176,1,322.73
4776,777,177,2,184.66
4777,778,178,3,185.31
4778,779,179,4,39.30
4779,780,180,5,308.70
4780,781,181,1,319.67
4781,782,182,2,468.38
4782,783,183,3,444.11
4783,784,184,4,35.95
4784,785,185,5,440.47
4785,786,186,1,71.35
4786,787,187,2,147.24
4787,788,188,3,467.89
4788,789,189,4,325.16
4789,790,190,5,296.50
4790,791,191,1,387.83
4791,792,192,2,482.85
4792,793,193,3,117.36
4793,794,194,4,150.86
4794,795,195,5,429.91
5990,1991,191,1,16.60
5991,1992,192,2,313.34
5992,1993,193,3,68.23
5993,1994,194,4,464.91
5994,1995,195,5,27.21
5995,1996,196,1,61.76
5996,1997,197,2,438.15
5997,1998,198,3,351.02
5998,1999,199,4,455.57
5999,2000,200,5,55.43
6000,1,1,1,206.99
